{"type":"FeatureCollection","name":"272040010_bldg_footprint","features":[{"type":"Feature","properties":{"mi":42562,"h":3.1,"l2":1},"geometry":{"type":"Polygon","coordinates":[[[135.4411561,34.8558603],[135.4411437,34.8558815],[135.4411824,34.8558969],[135.4411948,34.8558758],[135.4411561,34.8558603]]]}},{"type":"Feature","properties":{"mi":42572,"h":4.4,"l2":1},"geometry":{"type":"Polygon","coordinates":[[[135.4410359,34.8557793],[135.4410066,34.8558292],[135.4410564,34.8558491],[135.4410857,34.8557992],[135.4410359,34.8557793]]]}},{"type":"Feature","properties":{"mi":42575,"h":4.2,"l2":1},"geometry":{"type":"Polygon","coordinates":[[[135.4420674,34.8578417],[135.44203,34.8578458],[135.442048,34.8579563],[135.4420854,34.8579522],[135.442091,34.8579862],[135.442159,34.8579786],[135.4421307,34.8578054],[135.4420627,34.857813],[135.4420674,34.8578417]]]}},{"type":"Feature","properties":{"mi":42582,"h":4.0,"l2":1},"geometry":{"type":"Polygon","coordinates":[[[135.4411373,34.8558871],[135.4411248,34.8559082],[135.4411635,34.8559237],[135.4411759,34.8559025],[135.4411373,34.8558871]]]}},{"type":"Feature","properties":{"mi":42610,"h":4.0,"l2":1},"geometry":{"type":"Polygon","coordinates":[[[135.4422464,34.8579878],[135.4421923,34.8578086],[135.4421436,34.8578186],[135.4421976,34.8579978],[135.4422464,34.8579878]]]}},{"type":"Feature","properties":{"mi":42630,"h":2.9,"l2":1},"geometry":{"type":"Polygon","coordinates":[[[135.441771,34.8575518],[135.4417555,34.8575179],[135.4417317,34.8575253],[135.4417473,34.8575592],[135.441771,34.8575518]]]}},{"type":"Feature","properties":{"mi":42631,"h":4.4,"l2":1},"geometry":{"type":"Polygon","coordinates":[[[135.4411737,34.8558316],[135.4411613,34.8558528],[135.4412,34.8558682],[135.4412124,34.855847],[135.4411737,34.8558316]]]}},{"type":"Feature","properties":{"mi":42637,"h":3.0,"l2":1},"geometry":{"type":"Polygon","coordinates":[[[135.4422364,34.8568114],[135.4422259,34.8567478],[135.4422021,34.8567505],[135.4422127,34.8568141],[135.4422364,34.8568114]]]}},{"type":"Feature","properties":{"mi":42651,"h":3.0,"l2":1},"geometry":{"type":"Polygon","coordinates":[[[135.4417024,34.8574633],[135.4417282,34.8575219],[135.4417721,34.8575088],[135.4417463,34.8574502],[135.4417024,34.8574633]]]}},{"type":"Feature","properties":{"mi":42658,"h":5.8,"l2":1},"geometry":{"type":"Polygon","coordinates":[[[135.4411066,34.8558406],[135.4410942,34.8558618],[135.4411328,34.8558772],[135.4411453,34.855856],[135.4411066,34.8558406]]]}},{"type":"Feature","properties":{"mi":42665,"h":5.4,"l2":1},"geometry":{"type":"Polygon","coordinates":[[[135.4411257,34.8558128],[135.4411133,34.8558339],[135.4411519,34.8558494],[135.4411644,34.8558282],[135.4411257,34.8558128]]]}},{"type":"Feature","properties":{"mi":42673,"h":3.1,"l2":1},"geometry":{"type":"Polygon","coordinates":[[[135.4409103,34.857128],[135.4409152,34.857128],[135.4409152,34.8571229],[135.4409103,34.8571228],[135.4409103,34.857116],[135.4408702,34.8571158],[135.4408702,34.8571227],[135.4408673,34.8571227],[135.4408673,34.8571278],[135.4408702,34.8571278],[135.4408701,34.8571339],[135.4409102,34.8571341],[135.4409103,34.857128]]]}},{"type":"Feature","properties":{"mi":42697,"h":14.8,"l2":1},"geometry":{"type":"Polygon","coordinates":[[[135.4417525,34.8574229],[135.4417766,34.8574617],[135.4418474,34.8574318],[135.4418356,34.8574128],[135.4418897,34.8573888],[135.441897,34.8574004],[135.4419334,34.8573847],[135.4419137,34.8573535],[135.4419242,34.857349],[135.4418422,34.8572194],[135.4418004,34.8571533],[135.4416126,34.857234],[135.4416545,34.8573001],[135.4416264,34.8573122],[135.4417085,34.8574418],[135.4417525,34.8574229]]]}},{"type":"Feature","properties":{"mi":42705,"h":51.5,"l2":1},"geometry":{"type":"Polygon","coordinates":[[[135.442154,34.8566568],[135.442117,34.8565955],[135.4421488,34.8565874],[135.4421524,34.8565823],[135.4421534,34.8565757],[135.4421479,34.8565688],[135.4421365,34.8565677],[135.442106,34.8565773],[135.4420553,34.8564934],[135.4420534,34.8564942],[135.4420317,34.8564597],[135.4420381,34.8564572],[135.4420539,34.8564844],[135.4420661,34.8564795],[135.4420487,34.856453],[135.4420337,34.8564273],[135.4420259,34.8564163],[135.4420147,34.8563971],[135.4420014,34.856384],[135.4419875,34.8563895],[135.4419485,34.8563275],[135.4418849,34.8563553],[135.4418835,34.8563531],[135.4418515,34.8563661],[135.4416684,34.8560578],[135.4416182,34.8560512],[135.4412819,34.8561879],[135.441557,34.8566223],[135.4415629,34.8566198],[135.4416134,34.856699],[135.4414579,34.8567652],[135.4415124,34.8568549],[135.4415131,34.8568546],[135.4415288,34.8568805],[135.4415507,34.8568719],[135.441554,34.8568773],[135.4415823,34.8568657],[135.4416015,34.8568984],[135.441674,34.8568666],[135.4416933,34.856897],[135.4416215,34.8569289],[135.441677,34.8570192],[135.4416858,34.857016],[135.4416869,34.8570179],[135.4416701,34.8570249],[135.4417125,34.8570942],[135.44174,34.8570828],[135.4417014,34.8570197],[135.4417235,34.8570111],[135.4417136,34.856994],[135.4417467,34.856981],[135.4419366,34.85728],[135.4419086,34.8572918],[135.4419161,34.8573039],[135.4419276,34.8573224],[135.4419367,34.8573372],[135.4419713,34.8573227],[135.4419658,34.8573138],[135.4420693,34.8572691],[135.4420256,34.8572004],[135.4420505,34.857189],[135.4420524,34.8571919],[135.4421149,34.8571642],[135.4420968,34.8571364],[135.4420832,34.8571158],[135.442066,34.8571235],[135.4420469,34.8570942],[135.442127,34.8570598],[135.4420463,34.8569368],[135.442154,34.8566568]]]}},{"type":"Feature","properties":{"mi":42706,"h":4.0,"l2":0},"geometry":{"type":"Polygon","coordinates":[[[135.443526,34.85514],[135.443476,34.8551627],[135.4434438,34.8551145],[135.4434433,34.8551147],[135.4434275,34.855091],[135.4434483,34.8550816],[135.4434856,34.8550646],[135.4435163,34.8551107],[135.4435087,34.8551141],[135.443526,34.85514]]]}},{"type":"Feature","properties":{"mi":42708,"h":4.0,"l2":0},"geometry":{"type":"Polygon","coordinates":[[[135.4481519,34.8574838],[135.4480906,34.8575156],[135.4480875,34.8575115],[135.4480826,34.8575141],[135.4480813,34.8575123],[135.4480462,34.8574664],[135.4480435,34.8574628],[135.4481348,34.8574155],[135.4481369,34.8574182],[135.4481445,34.8574143],[135.4481803,34.8574611],[135.4481475,34.857478],[135.4481519,34.8574838]]]}},{"type":"Feature","properties":{"mi":42709,"h":4.0,"l2":0},"geometry":{"type":"Polygon","coordinates":[[[135.4489926,34.8562419],[135.4489732,34.8562594],[135.4489365,34.8562317],[135.4489558,34.8562142],[135.4489926,34.8562419]]]}},{"type":"Feature","properties":{"mi":42712,"h":3.1,"l2":0},"geometry":{"type":"Polygon","coordinates":[[[135.4446275,34.8533186],[135.4445884,34.8533489],[135.4445821,34.8533433],[135.4445767,34.8533475],[135.4445631,34.8533356],[135.4445689,34.8533311],[135.4445632,34.8533261],[135.4446019,34.8532961],[135.4446275,34.8533186]]]}},{"type":"Feature","properties":{"mi":42715,"h":3.5,"l2":0},"geometry":{"type":"Polygon","coordinates":[[[135.4475654,34.8573459],[135.4475222,34.8573602],[135.4475104,34.8573359],[135.4475537,34.8573217],[135.4475654,34.8573459]]]}},{"type":"Feature","properties":{"mi":42716,"h":4.0,"l2":0},"geometry":{"type":"Polygon","coordinates":[[[135.4430971,34.8538821],[135.443029,34.8539231],[135.4429578,34.8538549],[135.443019,34.8538233],[135.4430345,34.8538391],[135.4430432,34.8538313],[135.4430971,34.8538821]]]}},{"type":"Feature","properties":{"mi":42717,"h":4.0,"l2":0},"geometry":{"type":"Polygon","coordinates":[[[135.4475588,34.8579399],[135.4474434,34.8579917],[135.447393,34.8579153],[135.4474552,34.8578875],[135.4474622,34.8578982],[135.4475155,34.8578743],[135.4475588,34.8579399]]]}},{"type":"Feature","properties":{"mi":42718,"h":4.0,"l2":0},"geometry":{"type":"Polygon","coordinates":[[[135.4480813,34.8575123],[135.4480669,34.8575197],[135.4480319,34.8574738],[135.4480462,34.8574664],[135.4480813,34.8575123]]]}},{"type":"Feature","properties":{"mi":42719,"h":5.3,"l2":0},"geometry":{"type":"Polygon","coordinates":[[[135.4424592,34.855529],[135.4424364,34.8555353],[135.442435,34.8555319],[135.4424286,34.8555336],[135.442425,34.8555247],[135.4424312,34.855523],[135.4424295,34.8555188],[135.4424524,34.8555124],[135.4424592,34.855529]]]}},{"type":"Feature","properties":{"mi":42721,"h":8.1,"l2":0},"geometry":{"type":"Polygon","coordinates":[[[135.4445392,34.8582312],[135.4445041,34.8583056],[135.444424,34.85828],[135.4442682,34.8582301],[135.4443199,34.8581204],[135.4443733,34.8581374],[135.4443467,34.8581936],[135.444401,34.8582109],[135.4444248,34.8581666],[135.4444331,34.8581512],[135.444438,34.8581524],[135.4446307,34.858214],[135.4445915,34.8582975],[135.4445504,34.8582844],[135.4445707,34.8582412],[135.4445392,34.8582312]]]}},{"type":"Feature","properties":{"mi":42722,"h":2.4,"l2":0},"geometry":{"type":"Polygon","coordinates":[[[135.4424956,34.8555075],[135.442491,34.8555099],[135.4424671,34.855478],[135.4424924,34.8554651],[135.4424834,34.855453],[135.4424958,34.8554467],[135.4425288,34.8554906],[135.4425263,34.8554919],[135.4424956,34.8555075]]]}},{"type":"Feature","properties":{"mi":42723,"h":2.5,"l2":0},"geometry":{"type":"Polygon","coordinates":[[[135.4487602,34.8581303],[135.4487321,34.8581395],[135.448719,34.8580935],[135.4487479,34.858088],[135.4487602,34.8581303]]]}},{"type":"Feature","properties":{"mi":42726,"h":4.0,"l2":0},"geometry":{"type":"Polygon","coordinates":[[[135.4424076,34.8549935],[135.4423387,34.85501],[135.4423206,34.8549586],[135.4423652,34.8549479],[135.4423582,34.8549278],[135.4423824,34.854922],[135.4424076,34.8549935]]]}},{"type":"Feature","properties":{"mi":42727,"h":2.6,"l2":0},"geometry":{"type":"Polygon","coordinates":[[[135.4485512,34.8565852],[135.4485325,34.8565944],[135.4485126,34.8565669],[135.4485313,34.8565578],[135.4485512,34.8565852]]]}},{"type":"Feature","properties":{"mi":42728,"h":4.0,"l2":0},"geometry":{"type":"Polygon","coordinates":[[[135.4482014,34.8561265],[135.4481867,34.8561339],[135.4481815,34.8561268],[135.4481693,34.8561329],[135.4481355,34.8560867],[135.4481835,34.8560628],[135.4482171,34.8561086],[135.448196,34.8561191],[135.4482014,34.8561265]]]}},{"type":"Feature","properties":{"mi":42729,"h":4.9,"l2":0},"geometry":{"type":"Polygon","coordinates":[[[135.4435592,34.8577426],[135.4435433,34.8577703],[135.443508,34.8576624],[135.4434976,34.8576647],[135.4434927,34.8576494],[135.4435435,34.8576334],[135.4435735,34.8576908],[135.4435455,34.8577008],[135.4435592,34.8577426]]]}},{"type":"Feature","properties":{"mi":42731,"h":7.8,"l2":0},"geometry":{"type":"Polygon","coordinates":[[[135.4479979,34.8570859],[135.447942,34.8571127],[135.4478753,34.8570163],[135.4479322,34.856989],[135.4479979,34.8570859]]]}},{"type":"Feature","properties":{"mi":42732,"h":8.7,"l2":0},"geometry":{"type":"Polygon","coordinates":[[[135.4477492,34.8574169],[135.4477197,34.8574304],[135.4476653,34.8573497],[135.4476949,34.8573362],[135.4476987,34.8573418],[135.4478634,34.8572666],[135.4478862,34.8573004],[135.4478997,34.8572941],[135.4479275,34.8573354],[135.4477492,34.8574169]]]}},{"type":"Feature","properties":{"mi":42733,"h":4.4,"l2":0},"geometry":{"type":"Polygon","coordinates":[[[135.4446572,34.8534522],[135.4445957,34.8534709],[135.4445768,34.8534288],[135.444592,34.8534241],[135.4445834,34.853405],[135.4446297,34.8533909],[135.4446572,34.8534522]]]}},{"type":"Feature","properties":{"mi":42734,"h":4.1,"l2":0},"geometry":{"type":"Polygon","coordinates":[[[135.4431554,34.8541345],[135.4431287,34.8541519],[135.4431126,34.8541352],[135.4431048,34.8541403],[135.4430781,34.8541126],[135.4431133,34.8540896],[135.4431286,34.8541055],[135.4431517,34.8540905],[135.4431893,34.8541295],[135.4431655,34.8541451],[135.4431554,34.8541345]]]}},{"type":"Feature","properties":{"mi":42737,"h":6.0,"l2":0},"geometry":{"type":"Polygon","coordinates":[[[135.4429066,34.8581819],[135.4428863,34.8581853],[135.4428827,34.8581705],[135.4428766,34.8581715],[135.4428739,34.8581605],[135.4428801,34.8581595],[135.4428786,34.8581536],[135.4428734,34.8581545],[135.4428711,34.8581453],[135.4428966,34.8581411],[135.4429066,34.8581819]]]}},{"type":"Feature","properties":{"mi":42738,"h":6.3,"l2":0},"geometry":{"type":"Polygon","coordinates":[[[135.443854,34.8580695],[135.443784,34.8581267],[135.4437363,34.858087],[135.4438065,34.8580298],[135.443854,34.8580695]]]}},{"type":"Feature","properties":{"mi":42739,"h":14.1,"l2":0},"geometry":{"type":"Polygon","coordinates":[[[135.4467236,34.8572003],[135.4466158,34.8572426],[135.4465679,34.8571598],[135.4466341,34.8571338],[135.4466392,34.8571426],[135.4466703,34.8571304],[135.4466748,34.8571373],[135.4466823,34.8571346],[135.4467236,34.8572003]]]}},{"type":"Feature","properties":{"mi":42743,"h":2.9,"l2":0},"geometry":{"type":"Polygon","coordinates":[[[135.4427137,34.8553987],[135.4427038,34.8554048],[135.4426753,34.8553734],[135.4427067,34.855354],[135.4427095,34.8553571],[135.4427176,34.8553521],[135.4427401,34.8553785],[135.4427113,34.8553958],[135.4427137,34.8553987]]]}},{"type":"Feature","properties":{"mi":42745,"h":3.9,"l2":0},"geometry":{"type":"Polygon","coordinates":[[[135.4433701,34.8541174],[135.4433351,34.8541263],[135.4433084,34.8540551],[135.4433435,34.8540463],[135.4433701,34.8541174]]]}},{"type":"Feature","properties":{"mi":42746,"h":6.0,"l2":0},"geometry":{"type":"Polygon","coordinates":[[[135.4481098,34.8572384],[135.4480732,34.8572551],[135.4480662,34.8572446],[135.4481028,34.8572279],[135.4481098,34.8572384]]]}},{"type":"Feature","properties":{"mi":42747,"h":10.8,"l2":0},"geometry":{"type":"Polygon","coordinates":[[[135.448699,34.8570814],[135.4485839,34.8571344],[135.4484954,34.8570038],[135.4485837,34.8569631],[135.4485794,34.8569567],[135.4486028,34.856946],[135.4486071,34.8569523],[135.4486104,34.8569507],[135.448699,34.8570814]]]}},{"type":"Feature","properties":{"mi":42748,"h":7.8,"l2":0},"geometry":{"type":"Polygon","coordinates":[[[135.4483691,34.8581492],[135.4482216,34.8581992],[135.4481926,34.8581449],[135.4482301,34.8581313],[135.4482226,34.8581171],[135.4482772,34.8580974],[135.4482857,34.8581133],[135.4483042,34.8581048],[135.448303,34.8580744],[135.4483577,34.858069],[135.4483691,34.8581492]]]}},{"type":"Feature","properties":{"mi":42749,"h":3.0,"l2":0},"geometry":{"type":"Polygon","coordinates":[[[135.4478918,34.8578055],[135.4478716,34.8578078],[135.4478683,34.8577884],[135.4478721,34.8577879],[135.4478697,34.8577738],[135.4478838,34.8577721],[135.4478862,34.8577864],[135.4478884,34.8577861],[135.4478918,34.8578055]]]}},{"type":"Feature","properties":{"mi":42751,"h":5.4,"l2":0},"geometry":{"type":"Polygon","coordinates":[[[135.4457862,34.8556346],[135.4457757,34.8556438],[135.4457604,34.8556318],[135.4457833,34.8556119],[135.4458063,34.8556299],[135.4457994,34.8556359],[135.4458024,34.8556383],[135.4457969,34.855643],[135.4457862,34.8556346]]]}},{"type":"Feature","properties":{"mi":42752,"h":6.7,"l2":0},"geometry":{"type":"Polygon","coordinates":[[[135.4481668,34.8559819],[135.4481316,34.8559933],[135.4481225,34.8559743],[135.4481707,34.8559586],[135.4481824,34.8559831],[135.4481694,34.8559873],[135.4481668,34.8559819]]]}},{"type":"Feature","properties":{"mi":42753,"h":4.0,"l2":0},"geometry":{"type":"Polygon","coordinates":[[[135.444558,34.8535026],[135.444504,34.8535269],[135.444482,34.8534936],[135.444536,34.8534693],[135.444558,34.8535026]]]}},{"type":"Feature","properties":{"mi":42755,"h":3.7,"l2":0},"geometry":{"type":"Polygon","coordinates":[[[135.4433908,34.8572147],[135.4433792,34.8572203],[135.4433735,34.8572123],[135.4433852,34.8572067],[135.4433908,34.8572147]]]}},{"type":"Feature","properties":{"mi":42756,"h":4.0,"l2":0},"geometry":{"type":"Polygon","coordinates":[[[135.4478351,34.8569298],[135.4477134,34.8569837],[135.4477009,34.8569645],[135.4476895,34.8569695],[135.4476621,34.8569273],[135.4477152,34.8569038],[135.4477248,34.8569185],[135.4477415,34.8569112],[135.4477428,34.8569133],[135.4477552,34.8569078],[135.4477644,34.8569102],[135.4478057,34.856892],[135.4478079,34.8568955],[135.4478116,34.8568938],[135.4478351,34.8569298]]]}},{"type":"Feature","properties":{"mi":42757,"h":4.0,"l2":0},"geometry":{"type":"Polygon","coordinates":[[[135.4438184,34.8545126],[135.4437368,34.8545572],[135.4436729,34.8544715],[135.4437543,34.8544268],[135.4438184,34.8545126]]]}},{"type":"Feature","properties":{"mi":42758,"h":5.2,"l2":0},"geometry":{"type":"Polygon","coordinates":[[[135.443593,34.8581133],[135.4435285,34.8581215],[135.4435219,34.8580863],[135.4435825,34.8580786],[135.4435847,34.8580855],[135.443601,34.8580834],[135.4436061,34.8581105],[135.4435928,34.8581122],[135.443593,34.8581133]]]}},{"type":"Feature","properties":{"mi":42760,"h":5.0,"l2":0},"geometry":{"type":"Polygon","coordinates":[[[135.4437868,34.8527747],[135.443709,34.8527777],[135.4437044,34.8526987],[135.4437833,34.8526956],[135.443784,34.8527074],[135.4438143,34.8527062],[135.4438176,34.8527605],[135.443786,34.8527617],[135.4437868,34.8527747]]]}},{"type":"Feature","properties":{"mi":42761,"h":4.0,"l2":0},"geometry":{"type":"Polygon","coordinates":[[[135.4437234,34.8543507],[135.443686,34.8543717],[135.4436747,34.854358],[135.4436679,34.8543618],[135.443588,34.8542653],[135.443675,34.8542164],[135.4437565,34.8543148],[135.4437137,34.8543389],[135.4437234,34.8543507]]]}},{"type":"Feature","properties":{"mi":42762,"h":6.8,"l2":0},"geometry":{"type":"Polygon","coordinates":[[[135.4429088,34.8532971],[135.4428592,34.8533103],[135.4428568,34.8533043],[135.4428358,34.8533099],[135.4428019,34.8532236],[135.4428581,34.8532086],[135.4428511,34.8531907],[135.4429227,34.8531716],[135.4429015,34.8531176],[135.4428043,34.8531435],[135.442788,34.8530977],[135.4428946,34.8530693],[135.4428991,34.8530847],[135.4429584,34.8530689],[135.4430309,34.8532539],[135.4429879,34.8532653],[135.442984,34.8532553],[135.4429011,34.8532774],[135.4429088,34.8532971]]]}},{"type":"Feature","properties":{"mi":42763,"h":4.0,"l2":0},"geometry":{"type":"Polygon","coordinates":[[[135.4482049,34.8570115],[135.4481075,34.857055],[135.4480959,34.8570373],[135.448072,34.8570479],[135.4480512,34.8570165],[135.4481338,34.8569795],[135.4481456,34.8569976],[135.4481843,34.8569803],[135.4482049,34.8570115]]]}},{"type":"Feature","properties":{"mi":42764,"h":8.5,"l2":0},"geometry":{"type":"Polygon","coordinates":[[[135.4388786,34.8528519],[135.4387652,34.8529199],[135.4386367,34.8527784],[135.43874,34.8527193],[135.4387398,34.852712],[135.438805,34.8526868],[135.4388029,34.8526775],[135.4388429,34.8526539],[135.4388682,34.8526521],[135.4389743,34.85281],[135.4388786,34.8528519]]]}},{"type":"Feature","properties":{"mi":42766,"h":2.9,"l2":0},"geometry":{"type":"Polygon","coordinates":[[[135.4474519,34.8571347],[135.4473139,34.8571932],[135.4472809,34.8571402],[135.4474189,34.8570818],[135.4474519,34.8571347]]]}},{"type":"Feature","properties":{"mi":42768,"h":7.7,"l2":0},"geometry":{"type":"Polygon","coordinates":[[[135.4442947,34.8577151],[135.4441296,34.8577685],[135.4440973,34.8576956],[135.4441461,34.8576824],[135.4441324,34.8576591],[135.4442186,34.8576332],[135.4441832,34.8575763],[135.444197,34.8575704],[135.4441829,34.8575455],[135.4441788,34.8575366],[135.4441765,34.8575317],[135.4442179,34.8575207],[135.4442339,34.8575389],[135.4442373,34.8575457],[135.444267,34.8576056],[135.4442717,34.8576156],[135.4442539,34.8576246],[135.4442947,34.8577151]]]}},{"type":"Feature","properties":{"mi":42769,"h":4.0,"l2":0},"geometry":{"type":"Polygon","coordinates":[[[135.44335,34.8538662],[135.4432777,34.8538825],[135.4432487,34.8537951],[135.443338,34.853775],[135.4433547,34.8538255],[135.4433377,34.8538293],[135.44335,34.8538662]]]}},{"type":"Feature","properties":{"mi":42771,"h":4.0,"l2":0},"geometry":{"type":"Polygon","coordinates":[[[135.4408956,34.853211],[135.44086,34.8532169],[135.4408464,34.8531625],[135.4408821,34.8531566],[135.4408956,34.853211]]]}},{"type":"Feature","properties":{"mi":42773,"h":5.0,"l2":0},"geometry":{"type":"Polygon","coordinates":[[[135.4440589,34.8576391],[135.4439311,34.8576859],[135.4439032,34.8576342],[135.4440311,34.8575874],[135.4440589,34.8576391]]]}},{"type":"Feature","properties":{"mi":42774,"h":7.5,"l2":0},"geometry":{"type":"Polygon","coordinates":[[[135.4434364,34.8545337],[135.4433527,34.8545761],[135.443301,34.8545141],[135.4433322,34.8544983],[135.4433183,34.8544795],[135.4433747,34.8544509],[135.4434364,34.8545337]]]}},{"type":"Feature","properties":{"mi":42776,"h":4.3,"l2":0},"geometry":{"type":"Polygon","coordinates":[[[135.4394113,34.8524643],[135.4393837,34.8524704],[135.4393732,34.8524377],[135.4394009,34.8524317],[135.4394113,34.8524643]]]}},{"type":"Feature","properties":{"mi":42777,"h":3.3,"l2":0},"geometry":{"type":"Polygon","coordinates":[[[135.4478078,34.857824],[135.4477849,34.8578258],[135.4477819,34.8578003],[135.4477909,34.8577996],[135.447788,34.8577745],[135.4478097,34.8577728],[135.4478154,34.8578213],[135.4478075,34.8578219],[135.4478078,34.857824]]]}},{"type":"Feature","properties":{"mi":42778,"h":4.2,"l2":0},"geometry":{"type":"Polygon","coordinates":[[[135.446175,34.8534441],[135.4461252,34.8534467],[135.4461238,34.853428],[135.4461736,34.8534255],[135.446175,34.8534441]]]}},{"type":"Feature","properties":{"mi":42779,"h":10.2,"l2":0},"geometry":{"type":"Polygon","coordinates":[[[135.4435075,34.8577869],[135.4434006,34.8578106],[135.4433608,34.8576887],[135.4434354,34.8576721],[135.4434343,34.8576686],[135.4434377,34.8576678],[135.4434353,34.8576604],[135.443484,34.8576496],[135.4434895,34.8576665],[135.4434976,34.8576647],[135.443508,34.8576624],[135.4435433,34.8577703],[135.4435435,34.857771],[135.4435448,34.8577748],[135.4435063,34.8577834],[135.4435075,34.8577869]]]}},{"type":"Feature","properties":{"mi":42780,"h":4.0,"l2":0},"geometry":{"type":"Polygon","coordinates":[[[135.4447859,34.8581027],[135.4447539,34.8581852],[135.4446365,34.8581543],[135.4446686,34.8580717],[135.4447859,34.8581027]]]}},{"type":"Feature","properties":{"mi":42781,"h":10.4,"l2":0},"geometry":{"type":"Polygon","coordinates":[[[135.4427145,34.8574012],[135.4426554,34.8574045],[135.4426539,34.857386],[135.4425324,34.8573929],[135.4425276,34.8573351],[135.4427681,34.8573214],[135.4427654,34.8572903],[135.4426795,34.8572952],[135.4426693,34.8571737],[135.4427676,34.8571681],[135.4427636,34.8571215],[135.4429022,34.8571136],[135.4429238,34.8573696],[135.4427127,34.8573816],[135.4427145,34.8574012]]]}},{"type":"Feature","properties":{"mi":42782,"h":9.8,"l2":0},"geometry":{"type":"Polygon","coordinates":[[[135.4434066,34.8571155],[135.4432312,34.8571965],[135.4431635,34.8571161],[135.4433286,34.8570237],[135.4434066,34.8571155]]]}},{"type":"Feature","properties":{"mi":42783,"h":3.1,"l2":0},"geometry":{"type":"Polygon","coordinates":[[[135.4408376,34.855185],[135.4407581,34.8552456],[135.4407144,34.8552067],[135.4407939,34.8551461],[135.4408376,34.855185]]]}},{"type":"Feature","properties":{"mi":42784,"h":6.0,"l2":0},"geometry":{"type":"Polygon","coordinates":[[[135.4393718,34.8524103],[135.4393703,34.8524103],[135.4393701,34.8523816],[135.4394039,34.8523814],[135.4394042,34.8524101],[135.4393718,34.8524103]]]}},{"type":"Feature","properties":{"mi":42785,"h":6.4,"l2":0},"geometry":{"type":"Polygon","coordinates":[[[135.4428921,34.8547478],[135.4428429,34.8547683],[135.4428159,34.8547242],[135.4428651,34.8547037],[135.4428921,34.8547478]]]}},{"type":"Feature","properties":{"mi":42787,"h":4.0,"l2":0},"geometry":{"type":"Polygon","coordinates":[[[135.4488656,34.8582205],[135.448839,34.8582391],[135.448828,34.8582092],[135.4488024,34.8582156],[135.4487991,34.8582067],[135.4487621,34.8581056],[135.448798,34.8580966],[135.4487884,34.8580704],[135.4488,34.8580675],[135.4488421,34.858057],[135.4488921,34.8581937],[135.4488588,34.8582019],[135.4488656,34.8582205]]]}},{"type":"Feature","properties":{"mi":42788,"h":4.0,"l2":0},"geometry":{"type":"Polygon","coordinates":[[[135.4442477,34.8572322],[135.4442203,34.8572355],[135.4441808,34.8572071],[135.4441307,34.8571426],[135.4441623,34.8571134],[135.4441665,34.8571101],[135.4442766,34.8571917],[135.4442478,34.8572164],[135.4442477,34.8572322]]]}},{"type":"Feature","properties":{"mi":42789,"h":3.5,"l2":0},"geometry":{"type":"Polygon","coordinates":[[[135.4479553,34.8577856],[135.447938,34.8577875],[135.4479379,34.8577872],[135.4479365,34.8577784],[135.4479351,34.8577693],[135.4479524,34.8577674],[135.4479553,34.8577856]]]}},{"type":"Feature","properties":{"mi":42790,"h":4.0,"l2":0},"geometry":{"type":"Polygon","coordinates":[[[135.4477394,34.8578409],[135.4477051,34.8578436],[135.4477045,34.8578384],[135.4476566,34.8578422],[135.4476511,34.8577954],[135.4476536,34.8577952],[135.447674,34.8577936],[135.4476736,34.8577904],[135.4477556,34.8577838],[135.4477561,34.857788],[135.4477582,34.8577878],[135.4477589,34.857794],[135.4477667,34.8577934],[135.4477707,34.857827],[135.4477582,34.857828],[135.4477588,34.8578329],[135.4477387,34.8578346],[135.4477394,34.8578409]]]}},{"type":"Feature","properties":{"mi":42791,"h":8.5,"l2":0},"geometry":{"type":"Polygon","coordinates":[[[135.4435142,34.8527953],[135.4434885,34.8527965],[135.4434882,34.8527919],[135.443481,34.8527922],[135.4434752,34.8527122],[135.443483,34.8527119],[135.4434824,34.8527048],[135.4435332,34.8527023],[135.4435326,34.8526946],[135.4436011,34.8526912],[135.4436018,34.8527009],[135.4436624,34.852698],[135.4436655,34.8527414],[135.4436479,34.8527423],[135.4436502,34.8527734],[135.4436423,34.8527738],[135.4436065,34.8527756],[135.443607,34.8527824],[135.4435136,34.852787],[135.4435142,34.8527953]]]}},{"type":"Feature","properties":{"mi":42795,"h":7.1,"l2":0},"geometry":{"type":"Polygon","coordinates":[[[135.4436656,34.8529198],[135.4435619,34.8529234],[135.4435583,34.8528536],[135.4436619,34.8528499],[135.4436656,34.8529198]]]}},{"type":"Feature","properties":{"mi":42796,"h":4.8,"l2":0},"geometry":{"type":"Polygon","coordinates":[[[135.4468775,34.8571683],[135.4468602,34.8571725],[135.4468584,34.8571673],[135.4468756,34.8571631],[135.4468775,34.8571683]]]}},{"type":"Feature","properties":{"mi":42797,"h":7.8,"l2":0},"geometry":{"type":"Polygon","coordinates":[[[135.4474301,34.8578008],[135.447329,34.8578426],[135.4473204,34.8578284],[135.4473102,34.8578116],[135.4473058,34.8578134],[135.4472805,34.8577717],[135.4473796,34.8577307],[135.4473845,34.8577387],[135.4473908,34.8577361],[135.4474301,34.8578008]]]}},{"type":"Feature","properties":{"mi":42799,"h":6.0,"l2":0},"geometry":{"type":"Polygon","coordinates":[[[135.4428559,34.8569322],[135.4428466,34.856937],[135.4428415,34.8569183],[135.4428526,34.8569199],[135.4428559,34.8569322]]]}},{"type":"Feature","properties":{"mi":42800,"h":2.4,"l2":0},"geometry":{"type":"Polygon","coordinates":[[[135.4401996,34.8526241],[135.4401481,34.8526344],[135.4401415,34.8526118],[135.4401929,34.8526015],[135.4401996,34.8526241]]]}},{"type":"Feature","properties":{"mi":42801,"h":4.7,"l2":0},"geometry":{"type":"Polygon","coordinates":[[[135.4468891,34.8569538],[135.4468375,34.8569766],[135.4468076,34.8569307],[135.4468566,34.856909],[135.4468784,34.8569427],[135.4468811,34.8569415],[135.4468891,34.8569538]]]}},{"type":"Feature","properties":{"mi":42802,"h":3.0,"l2":0},"geometry":{"type":"Polygon","coordinates":[[[135.4483446,34.857973],[135.4483285,34.8579743],[135.4483261,34.857954],[135.4483422,34.8579527],[135.4483446,34.857973]]]}},{"type":"Feature","properties":{"mi":42804,"h":6.2,"l2":0},"geometry":{"type":"Polygon","coordinates":[[[135.4431613,34.8569455],[135.4431042,34.8569843],[135.4430703,34.8569503],[135.4431073,34.8569251],[135.4431245,34.8569136],[135.4431054,34.8568946],[135.4431896,34.8568373],[135.4432425,34.8568903],[135.4431613,34.8569455]]]}},{"type":"Feature","properties":{"mi":42805,"h":2.4,"l2":0},"geometry":{"type":"Polygon","coordinates":[[[135.4425361,34.855505],[135.4425054,34.8555206],[135.4424956,34.8555075],[135.4425263,34.8554919],[135.4425361,34.855505]]]}},{"type":"Feature","properties":{"mi":42806,"h":4.3,"l2":0},"geometry":{"type":"Polygon","coordinates":[[[135.4484542,34.858228],[135.4484321,34.8582351],[135.4484125,34.8581946],[135.4484342,34.8581875],[135.4484471,34.8582132],[135.4484542,34.858228]]]}},{"type":"Feature","properties":{"mi":42807,"h":7.0,"l2":0},"geometry":{"type":"Polygon","coordinates":[[[135.4433808,34.8572227],[135.4432903,34.8572662],[135.4432589,34.8572218],[135.4432702,34.8572163],[135.443267,34.8572118],[135.4432876,34.8572019],[135.4432835,34.857196],[135.4433233,34.8571768],[135.4433306,34.8571872],[135.4433493,34.8571782],[135.4433735,34.8572123],[135.4433792,34.8572203],[135.4433808,34.8572227]]]}},{"type":"Feature","properties":{"mi":42808,"h":4.0,"l2":0},"geometry":{"type":"Polygon","coordinates":[[[135.4481657,34.8569437],[135.4480601,34.8569905],[135.4480259,34.8569383],[135.4481316,34.8568914],[135.4481657,34.8569437]]]}},{"type":"Feature","properties":{"mi":42809,"h":5.7,"l2":0},"geometry":{"type":"Polygon","coordinates":[[[135.4483821,34.8563571],[135.44835,34.8563718],[135.4483153,34.8563201],[135.4483083,34.8563232],[135.448306,34.8563197],[135.4483449,34.8563019],[135.4483821,34.8563571]]]}},{"type":"Feature","properties":{"mi":42810,"h":3.4,"l2":0},"geometry":{"type":"Polygon","coordinates":[[[135.4455774,34.8563061],[135.4455286,34.8563329],[135.445492,34.8562878],[135.4455408,34.856261],[135.4455774,34.8563061]]]}},{"type":"Feature","properties":{"mi":42811,"h":4.0,"l2":0},"geometry":{"type":"Polygon","coordinates":[[[135.4442686,34.8570493],[135.4442144,34.8570968],[135.4441164,34.8570208],[135.4441588,34.8569837],[135.4441773,34.8569981],[135.4441892,34.8569876],[135.4442686,34.8570493]]]}},{"type":"Feature","properties":{"mi":42812,"h":4.0,"l2":0},"geometry":{"type":"Polygon","coordinates":[[[135.4480459,34.8574543],[135.4480253,34.8574655],[135.4480136,34.8574508],[135.4480172,34.8574488],[135.4479928,34.857418],[135.448013,34.8574071],[135.4480159,34.8574106],[135.4481108,34.8573593],[135.4481121,34.8573608],[135.4481548,34.8573377],[135.4481751,34.8573632],[135.448132,34.8573865],[135.4481414,34.8573983],[135.4481082,34.8574162],[135.448113,34.8574222],[135.448055,34.8574535],[135.4480508,34.8574482],[135.448044,34.8574518],[135.4480459,34.8574543]]]}},{"type":"Feature","properties":{"mi":42813,"h":8.6,"l2":0},"geometry":{"type":"Polygon","coordinates":[[[135.4431889,34.8540472],[135.4430465,34.8540878],[135.443001,34.8539862],[135.4431447,34.8539461],[135.4431125,34.8538952],[135.4431787,34.8538704],[135.4432387,34.8539665],[135.4431968,34.8539877],[135.4432103,34.8540153],[135.4431844,34.8540252],[135.4431889,34.8540472]]]}},{"type":"Feature","properties":{"mi":42814,"h":7.0,"l2":0},"geometry":{"type":"Polygon","coordinates":[[[135.4476456,34.8574514],[135.4475455,34.8574949],[135.4475092,34.8574382],[135.4476093,34.8573947],[135.4476456,34.8574514]]]}},{"type":"Feature","properties":{"mi":42815,"h":8.5,"l2":0},"geometry":{"type":"Polygon","coordinates":[[[135.4430343,34.8581623],[135.4430121,34.8581659],[135.4430058,34.8581398],[135.4430244,34.8581368],[135.4430219,34.8581266],[135.443016,34.8581275],[135.4430091,34.8580991],[135.443028,34.858096],[135.4430251,34.858084],[135.4429961,34.8580888],[135.4429932,34.8580768],[135.4430216,34.8580721],[135.4430198,34.8580648],[135.4430411,34.8580613],[135.4430391,34.8580532],[135.4430911,34.8580446],[135.4430926,34.8580507],[135.4431783,34.8580366],[135.4431888,34.8580802],[135.4431766,34.8580822],[135.4431902,34.8581384],[135.4430956,34.858154],[135.4430437,34.8581626],[135.4430382,34.8581401],[135.4430293,34.8581415],[135.4430343,34.8581623]]]}},{"type":"Feature","properties":{"mi":42816,"h":2.5,"l2":0},"geometry":{"type":"Polygon","coordinates":[[[135.4427003,34.8554075],[135.4426831,34.8554172],[135.4426536,34.8553817],[135.4426708,34.855372],[135.4427003,34.8554075]]]}},{"type":"Feature","properties":{"mi":42817,"h":10.2,"l2":0},"geometry":{"type":"Polygon","coordinates":[[[135.4483072,34.8564249],[135.4482766,34.8564389],[135.4482519,34.856402],[135.4482475,34.856404],[135.4482195,34.8563623],[135.4482684,34.8563399],[135.4482654,34.8563354],[135.4483045,34.8563176],[135.448306,34.8563197],[135.4483083,34.8563232],[135.4483153,34.8563201],[135.44835,34.8563718],[135.4483582,34.856384],[135.4483488,34.8563883],[135.4483552,34.8563979],[135.4483045,34.856421],[135.4483072,34.8564249]]]}},{"type":"Feature","properties":{"mi":42818,"h":4.0,"l2":0},"geometry":{"type":"Polygon","coordinates":[[[135.4409149,34.8532736],[135.4408768,34.8532798],[135.4408711,34.8532562],[135.4409092,34.85325],[135.4409149,34.8532736]]]}},{"type":"Feature","properties":{"mi":42819,"h":4.0,"l2":0},"geometry":{"type":"Polygon","coordinates":[[[135.4438798,34.8545966],[135.4438484,34.8546153],[135.4437922,34.8545481],[135.4438641,34.8545091],[135.4439072,34.8545624],[135.4438713,34.8545819],[135.4438798,34.8545966]]]}},{"type":"Feature","properties":{"mi":42821,"h":7.6,"l2":0},"geometry":{"type":"Polygon","coordinates":[[[135.4438772,34.8547607],[135.4438223,34.8547883],[135.4437885,34.8547436],[135.4438456,34.8547155],[135.4438772,34.8547607]]]}},{"type":"Feature","properties":{"mi":42822,"h":2.8,"l2":0},"geometry":{"type":"Polygon","coordinates":[[[135.443344,34.8540395],[135.4433067,34.854048],[135.4433001,34.8540283],[135.4433374,34.8540198],[135.443344,34.8540395]]]}},{"type":"Feature","properties":{"mi":42823,"h":2.9,"l2":0},"geometry":{"type":"Polygon","coordinates":[[[135.4462642,34.8534639],[135.4462445,34.8534639],[135.4462445,34.8534425],[135.4462642,34.8534425],[135.4462642,34.8534639]]]}},{"type":"Feature","properties":{"mi":42826,"h":4.0,"l2":0},"geometry":{"type":"Polygon","coordinates":[[[135.4394,34.8524288],[135.439372,34.8524322],[135.4393718,34.8524103],[135.4394042,34.8524101],[135.4394054,34.8524101],[135.4394056,34.8524277],[135.4394,34.8524288]]]}},{"type":"Feature","properties":{"mi":42827,"h":4.4,"l2":0},"geometry":{"type":"Polygon","coordinates":[[[135.4414225,34.8544143],[135.4413716,34.854419],[135.4413696,34.8544043],[135.4414205,34.8543996],[135.4414225,34.8544143]]]}},{"type":"Feature","properties":{"mi":42828,"h":6.7,"l2":0},"geometry":{"type":"Polygon","coordinates":[[[135.4487169,34.8561761],[135.4486126,34.8562267],[135.4485632,34.8561576],[135.448606,34.8561368],[135.4485917,34.8561168],[135.4486267,34.8560998],[135.4486402,34.8561188],[135.4486658,34.8561064],[135.4487169,34.8561761]]]}},{"type":"Feature","properties":{"mi":42829,"h":6.0,"l2":0},"geometry":{"type":"Polygon","coordinates":[[[135.4462352,34.8535904],[135.4462225,34.853592],[135.4462208,34.853583],[135.4462335,34.8535814],[135.4462352,34.8535904]]]}},{"type":"Feature","properties":{"mi":42830,"h":5.0,"l2":0},"geometry":{"type":"Polygon","coordinates":[[[135.4439437,34.8581511],[135.4439104,34.8582076],[135.4438587,34.8581845],[135.4438576,34.8581718],[135.4438236,34.8581573],[135.4438451,34.8581231],[135.4438793,34.8581376],[135.4438862,34.8581265],[135.4439437,34.8581511]]]}},{"type":"Feature","properties":{"mi":42831,"h":4.0,"l2":0},"geometry":{"type":"Polygon","coordinates":[[[135.4447543,34.8579427],[135.4447181,34.8579908],[135.4446452,34.8579603],[135.4446424,34.8579647],[135.4446052,34.8579492],[135.4446372,34.8578999],[135.4446682,34.8579134],[135.444673,34.8579088],[135.4447543,34.8579427]]]}},{"type":"Feature","properties":{"mi":42834,"h":4.0,"l2":0},"geometry":{"type":"Polygon","coordinates":[[[135.4394631,34.8525046],[135.4394496,34.8525083],[135.4394318,34.8524647],[135.4394453,34.852461],[135.4394631,34.8525046]]]}},{"type":"Feature","properties":{"mi":42835,"h":8.8,"l2":0},"geometry":{"type":"Polygon","coordinates":[[[135.4435413,34.8529458],[135.4434307,34.8529523],[135.4434232,34.8528681],[135.443469,34.8528655],[135.4434682,34.8528555],[135.4435167,34.8528526],[135.4435181,34.8528692],[135.4435344,34.8528682],[135.4435413,34.8529458]]]}},{"type":"Feature","properties":{"mi":42836,"h":8.3,"l2":0},"geometry":{"type":"Polygon","coordinates":[[[135.4487755,34.8571755],[135.4487075,34.8572076],[135.4486951,34.8571896],[135.4486888,34.8571926],[135.4486608,34.8572058],[135.4486207,34.8571479],[135.448709,34.8571062],[135.4487169,34.8571176],[135.4487308,34.8571111],[135.4487755,34.8571755]]]}},{"type":"Feature","properties":{"mi":42837,"h":8.3,"l2":0},"geometry":{"type":"Polygon","coordinates":[[[135.443325,34.8575777],[135.4432628,34.8576094],[135.4432116,34.857541],[135.4431872,34.8575084],[135.4433463,34.8574274],[135.4434095,34.8575119],[135.4433999,34.8575168],[135.443351,34.8575417],[135.4433325,34.8575511],[135.4433316,34.8575516],[135.4433126,34.8575612],[135.443325,34.8575777]]]}},{"type":"Feature","properties":{"mi":42838,"h":7.2,"l2":0},"geometry":{"type":"Polygon","coordinates":[[[135.4440029,34.8570638],[135.443977,34.8570768],[135.4439586,34.8570517],[135.4439845,34.8570388],[135.4440029,34.8570638]]]}},{"type":"Feature","properties":{"mi":42839,"h":7.7,"l2":0},"geometry":{"type":"Polygon","coordinates":[[[135.443508,34.8578718],[135.4434715,34.857875],[135.4434703,34.8578662],[135.4434551,34.8578675],[135.4434533,34.8578538],[135.443391,34.8578592],[135.4433858,34.8578187],[135.4434656,34.8578118],[135.4434672,34.8578252],[135.4435149,34.8578211],[135.4435202,34.8578626],[135.443507,34.8578638],[135.443508,34.8578718]]]}},{"type":"Feature","properties":{"mi":42840,"h":9.2,"l2":0},"geometry":{"type":"Polygon","coordinates":[[[135.4487849,34.858223],[135.4486775,34.8582583],[135.4486439,34.8581888],[135.448688,34.8581743],[135.4486831,34.8581641],[135.4486961,34.8581599],[135.4486925,34.8581525],[135.4487321,34.8581395],[135.4487602,34.8581303],[135.448773,34.8581776],[135.4487643,34.8581805],[135.4487849,34.858223]]]}},{"type":"Feature","properties":{"mi":42841,"h":4.0,"l2":0},"geometry":{"type":"Polygon","coordinates":[[[135.4475568,34.8563912],[135.4474561,34.8564629],[135.4474551,34.8564619],[135.4474065,34.8564155],[135.4474026,34.8564118],[135.4474112,34.8564058],[135.4474085,34.8564032],[135.4474553,34.8563699],[135.4474615,34.8563759],[135.447503,34.8563464],[135.4475046,34.8563479],[135.4475086,34.8563451],[135.4475568,34.8563912]]]}},{"type":"Feature","properties":{"mi":42845,"h":2.4,"l2":0},"geometry":{"type":"Polygon","coordinates":[[[135.4401711,34.8525816],[135.4401362,34.8525882],[135.4401308,34.852569],[135.4401657,34.8525624],[135.4401711,34.8525816]]]}},{"type":"Feature","properties":{"mi":42847,"h":4.2,"l2":0},"geometry":{"type":"Polygon","coordinates":[[[135.4483803,34.8561484],[135.4483512,34.8561616],[135.4483387,34.8561429],[135.4483678,34.8561297],[135.4483803,34.8561484]]]}},{"type":"Feature","properties":{"mi":42848,"h":8.4,"l2":0},"geometry":{"type":"Polygon","coordinates":[[[135.4427681,34.8573214],[135.4425276,34.8573351],[135.4425537,34.8572434],[135.4425565,34.8572367],[135.4425962,34.857238],[135.4426434,34.8571276],[135.4427636,34.8571215],[135.4427676,34.8571681],[135.4426693,34.8571737],[135.4426795,34.8572952],[135.4427654,34.8572903],[135.4427681,34.8573214]]]}},{"type":"Feature","properties":{"mi":42849,"h":5.5,"l2":0},"geometry":{"type":"Polygon","coordinates":[[[135.4442818,34.858089],[135.444234,34.8581936],[135.4441772,34.8581761],[135.4442144,34.8580945],[135.4441907,34.8580872],[135.4442021,34.8580624],[135.4442818,34.858089]]]}},{"type":"Feature","properties":{"mi":42850,"h":4.0,"l2":0},"geometry":{"type":"Polygon","coordinates":[[[135.4409688,34.8534284],[135.4409261,34.8534365],[135.4409178,34.853407],[135.4409605,34.8533989],[135.4409688,34.8534284]]]}},{"type":"Feature","properties":{"mi":42851,"h":3.1,"l2":0},"geometry":{"type":"Polygon","coordinates":[[[135.4490083,34.8565846],[135.4489964,34.8565901],[135.4489688,34.8565497],[135.4489712,34.8565486],[135.4489586,34.85653],[135.4489681,34.8565256],[135.4490083,34.8565846]]]}},{"type":"Feature","properties":{"mi":42852,"h":4.0,"l2":0},"geometry":{"type":"Polygon","coordinates":[[[135.441754,34.8548299],[135.4417389,34.854833],[135.4417379,34.8548299],[135.4417352,34.8548204],[135.4417405,34.8548193],[135.441724,34.8547633],[135.4417938,34.8547591],[135.441811,34.8548185],[135.441754,34.8548299]]]}},{"type":"Feature","properties":{"mi":42853,"h":4.9,"l2":0},"geometry":{"type":"Polygon","coordinates":[[[135.4467661,34.8569727],[135.446743,34.8569812],[135.4467251,34.8569483],[135.4467482,34.8569398],[135.4467661,34.8569727]]]}},{"type":"Feature","properties":{"mi":42854,"h":3.1,"l2":0},"geometry":{"type":"Polygon","coordinates":[[[135.4467907,34.8569314],[135.4467688,34.8569358],[135.4467662,34.8569269],[135.4467881,34.8569225],[135.4467907,34.8569314]]]}},{"type":"Feature","properties":{"mi":42855,"h":6.9,"l2":0},"geometry":{"type":"Polygon","coordinates":[[[135.4431269,34.8549206],[135.4431165,34.8549635],[135.4430926,34.8549596],[135.443103,34.8549167],[135.4431269,34.8549206]]]}},{"type":"Feature","properties":{"mi":42857,"h":2.8,"l2":0},"geometry":{"type":"Polygon","coordinates":[[[135.4440469,34.8578782],[135.4440338,34.8578877],[135.4440015,34.8578578],[135.444048,34.8578253],[135.4440875,34.857862],[135.444055,34.8578858],[135.4440469,34.8578782]]]}},{"type":"Feature","properties":{"mi":42859,"h":4.8,"l2":0},"geometry":{"type":"Polygon","coordinates":[[[135.4439436,34.8573168],[135.4438723,34.857357],[135.443819,34.8572928],[135.4438904,34.8572525],[135.4439436,34.8573168]]]}},{"type":"Feature","properties":{"mi":42860,"h":4.4,"l2":0},"geometry":{"type":"Polygon","coordinates":[[[135.4483397,34.8560878],[135.4483214,34.8560939],[135.4483043,34.8560864],[135.4482978,34.8560713],[135.4483054,34.8560576],[135.4483223,34.8560529],[135.4483406,34.8560589],[135.4483467,34.8560742],[135.4483397,34.8560878]]]}},{"type":"Feature","properties":{"mi":42861,"h":11.0,"l2":0},"geometry":{"type":"Polygon","coordinates":[[[135.444664,34.8548789],[135.4446443,34.854888],[135.4446388,34.8548798],[135.4446263,34.8548856],[135.4446084,34.8548595],[135.4445979,34.8548644],[135.4445847,34.8548429],[135.4445697,34.8548185],[135.4446636,34.8547748],[135.4447077,34.8548434],[135.4447128,34.8548513],[135.4447025,34.8548561],[135.4447087,34.8548653],[135.4446678,34.8548843],[135.444664,34.8548789]]]}},{"type":"Feature","properties":{"mi":42862,"h":2.1,"l2":0},"geometry":{"type":"Polygon","coordinates":[[[135.4395577,34.8526668],[135.4395489,34.8526788],[135.4395187,34.8526679],[135.4394927,34.8526533],[135.4395022,34.8526396],[135.4395223,34.8526497],[135.439527,34.8526433],[135.439555,34.8526572],[135.4395506,34.8526632],[135.4395577,34.8526668]]]}},{"type":"Feature","properties":{"mi":42863,"h":3.0,"l2":0},"geometry":{"type":"Polygon","coordinates":[[[135.4407945,34.8552636],[135.4407576,34.8552924],[135.4407463,34.8552825],[135.4407832,34.8552538],[135.4407945,34.8552636]]]}},{"type":"Feature","properties":{"mi":42864,"h":4.4,"l2":0},"geometry":{"type":"Polygon","coordinates":[[[135.4488091,34.856712],[135.4487895,34.8567196],[135.4487826,34.8567075],[135.4488092,34.8566972],[135.4488229,34.8566919],[135.4488298,34.8567039],[135.4488091,34.856712]]]}},{"type":"Feature","properties":{"mi":42865,"h":3.8,"l2":0},"geometry":{"type":"Polygon","coordinates":[[[135.4483037,34.8571433],[135.4482666,34.8571597],[135.4482398,34.8571184],[135.4482452,34.857116],[135.4482372,34.8571037],[135.4482629,34.8570923],[135.4482712,34.8571051],[135.4482772,34.8571025],[135.4483037,34.8571433]]]}},{"type":"Feature","properties":{"mi":42866,"h":4.0,"l2":0},"geometry":{"type":"Polygon","coordinates":[[[135.443175,34.8580176],[135.4431093,34.8580244],[135.4430975,34.8579467],[135.4431069,34.8579458],[135.4430965,34.8578779],[135.4431528,34.8578721],[135.443175,34.8580176]]]}},{"type":"Feature","properties":{"mi":42867,"h":6.4,"l2":0},"geometry":{"type":"Polygon","coordinates":[[[135.4389826,34.852952],[135.4389692,34.8529582],[135.438958,34.8529418],[135.4389543,34.8529435],[135.4389036,34.8528688],[135.4389791,34.852834],[135.4390189,34.8528926],[135.4390022,34.8529003],[135.4390128,34.8529158],[135.438971,34.8529351],[135.4389826,34.852952]]]}},{"type":"Feature","properties":{"mi":42868,"h":2.1,"l2":0},"geometry":{"type":"Polygon","coordinates":[[[135.4437311,34.857745],[135.443708,34.8577536],[135.4436952,34.8577301],[135.4437183,34.8577216],[135.4437311,34.857745]]]}},{"type":"Feature","properties":{"mi":42869,"h":4.8,"l2":0},"geometry":{"type":"Polygon","coordinates":[[[135.4486672,34.8582465],[135.4486462,34.8582534],[135.4486321,34.8582243],[135.4486344,34.8582236],[135.448642,34.8582211],[135.4486532,34.8582174],[135.4486672,34.8582465]]]}},{"type":"Feature","properties":{"mi":42871,"h":2.7,"l2":0},"geometry":{"type":"Polygon","coordinates":[[[135.445537,34.8562496],[135.44551,34.8562653],[135.4454626,34.8562099],[135.4454897,34.8561942],[135.445537,34.8562496]]]}},{"type":"Feature","properties":{"mi":42873,"h":4.0,"l2":0},"geometry":{"type":"Polygon","coordinates":[[[135.4483566,34.8559474],[135.4482965,34.8559592],[135.4482746,34.8558841],[135.4483778,34.8558639],[135.4483948,34.8559234],[135.4483522,34.855932],[135.4483566,34.8559474]]]}},{"type":"Feature","properties":{"mi":42875,"h":2.8,"l2":0},"geometry":{"type":"Polygon","coordinates":[[[135.4483227,34.8577897],[135.4482795,34.8577946],[135.4482726,34.8577533],[135.4483159,34.8577484],[135.4483227,34.8577897]]]}},{"type":"Feature","properties":{"mi":42876,"h":5.3,"l2":0},"geometry":{"type":"Polygon","coordinates":[[[135.4479449,34.857831],[135.4479006,34.8578358],[135.4478922,34.8577832],[135.4479365,34.8577784],[135.4479379,34.8577872],[135.447938,34.8577875],[135.4479449,34.857831]]]}},{"type":"Feature","properties":{"mi":42877,"h":9.9,"l2":0},"geometry":{"type":"Polygon","coordinates":[[[135.4445665,34.8579493],[135.4445023,34.8579946],[135.4444264,34.8579218],[135.4444126,34.8579086],[135.4444266,34.8578987],[135.4445217,34.8578314],[135.4445991,34.8579057],[135.4445542,34.8579375],[135.4445665,34.8579493]]]}},{"type":"Feature","properties":{"mi":42878,"h":4.2,"l2":0},"geometry":{"type":"Polygon","coordinates":[[[135.442949,34.8547234],[135.4429274,34.8547426],[135.4428967,34.8547263],[135.4428961,34.8547133],[135.4428992,34.8547038],[135.4429049,34.8546949],[135.442949,34.8547234]]]}},{"type":"Feature","properties":{"mi":42882,"h":3.3,"l2":0},"geometry":{"type":"Polygon","coordinates":[[[135.4424146,34.855511],[135.4424118,34.8555348],[135.4423592,34.8555306],[135.442362,34.8555068],[135.4424146,34.855511]]]}},{"type":"Feature","properties":{"mi":42883,"h":9.3,"l2":0},"geometry":{"type":"Polygon","coordinates":[[[135.4436597,34.8580438],[135.4435496,34.8580602],[135.4435275,34.8579594],[135.4435818,34.8579513],[135.4435811,34.8579483],[135.4436044,34.8579449],[135.4436049,34.8579471],[135.4436395,34.857942],[135.4436447,34.8579654],[135.4436479,34.8579649],[135.4436621,34.8580298],[135.4436568,34.8580306],[135.4436597,34.8580438]]]}},{"type":"Feature","properties":{"mi":42886,"h":6.7,"l2":0},"geometry":{"type":"Polygon","coordinates":[[[135.4477628,34.8580193],[135.4477335,34.8580634],[135.4477276,34.8580608],[135.4476213,34.858013],[135.4476324,34.8579964],[135.4475996,34.8579816],[135.4476099,34.857966],[135.4475996,34.8579613],[135.4476204,34.85793],[135.4476332,34.8579359],[135.4476424,34.857922],[135.4477566,34.8579734],[135.4477346,34.8580066],[135.4477628,34.8580193]]]}},{"type":"Feature","properties":{"mi":42887,"h":3.3,"l2":0},"geometry":{"type":"Polygon","coordinates":[[[135.4475591,34.8569915],[135.447475,34.8570303],[135.4474622,34.8570115],[135.4475463,34.8569727],[135.4475591,34.8569915]]]}},{"type":"Feature","properties":{"mi":42888,"h":4.2,"l2":0},"geometry":{"type":"Polygon","coordinates":[[[135.4477736,34.8578792],[135.4477452,34.8578815],[135.4477397,34.8578354],[135.4477682,34.8578331],[135.4477736,34.8578792]]]}},{"type":"Feature","properties":{"mi":42890,"h":5.5,"l2":0},"geometry":{"type":"Polygon","coordinates":[[[135.4445961,34.8580401],[135.4445811,34.8580717],[135.4444828,34.8580396],[135.4444979,34.8580081],[135.4445961,34.8580401]]]}},{"type":"Feature","properties":{"mi":42891,"h":3.2,"l2":0},"geometry":{"type":"Polygon","coordinates":[[[135.4402338,34.8531656],[135.4401933,34.8531807],[135.4401772,34.8531514],[135.4402176,34.8531362],[135.4402338,34.8531656]]]}},{"type":"Feature","properties":{"mi":42892,"h":9.2,"l2":0},"geometry":{"type":"Polygon","coordinates":[[[135.4436658,34.8548891],[135.4435863,34.8549301],[135.4435485,34.8548808],[135.4435162,34.854838],[135.4434789,34.8547887],[135.4435491,34.8547524],[135.4435405,34.8547408],[135.443579,34.854721],[135.4436594,34.8548269],[135.4436465,34.8548336],[135.4436503,34.8548386],[135.4436749,34.854871],[135.4436584,34.8548794],[135.4436658,34.8548891]]]}},{"type":"Feature","properties":{"mi":42893,"h":9.7,"l2":0},"geometry":{"type":"Polygon","coordinates":[[[135.4391192,34.8530969],[135.4390413,34.8531358],[135.4390322,34.8531235],[135.4390264,34.8531263],[135.4389706,34.8530504],[135.4389922,34.8530396],[135.4389843,34.8530289],[135.4389926,34.8530247],[135.4389854,34.8530149],[135.4390589,34.8529782],[135.4390644,34.8529856],[135.43907,34.8529828],[135.4391342,34.85307],[135.4391088,34.8530827],[135.4391192,34.8530969]]]}},{"type":"Feature","properties":{"mi":42894,"h":6.0,"l2":0},"geometry":{"type":"Polygon","coordinates":[[[135.4457214,34.8538357],[135.4457082,34.8538427],[135.4457013,34.8538339],[135.4457146,34.853827],[135.4457214,34.8538357]]]}},{"type":"Feature","properties":{"mi":42895,"h":6.7,"l2":0},"geometry":{"type":"Polygon","coordinates":[[[135.4464162,34.8582454],[135.4463893,34.8582862],[135.4462743,34.8582346],[135.4463614,34.8581029],[135.4464925,34.8581618],[135.4464324,34.8582526],[135.4464162,34.8582454]]]}},{"type":"Feature","properties":{"mi":42896,"h":4.0,"l2":0},"geometry":{"type":"Polygon","coordinates":[[[135.4418886,34.8535288],[135.4418649,34.8535341],[135.4418497,34.8534884],[135.4418843,34.8534805],[135.4418915,34.8535022],[135.4418806,34.8535046],[135.4418886,34.8535288]]]}},{"type":"Feature","properties":{"mi":42897,"h":6.0,"l2":0},"geometry":{"type":"Polygon","coordinates":[[[135.4480732,34.8572551],[135.4480367,34.8572718],[135.4480359,34.8572705],[135.4480232,34.8572517],[135.4480597,34.857235],[135.4480662,34.8572446],[135.4480732,34.8572551]]]}},{"type":"Feature","properties":{"mi":42898,"h":2.2,"l2":0},"geometry":{"type":"Polygon","coordinates":[[[135.4440213,34.8533831],[135.4440031,34.8533838],[135.4439981,34.8533047],[135.4440164,34.853304],[135.4440213,34.8533831]]]}},{"type":"Feature","properties":{"mi":42899,"h":8.0,"l2":0},"geometry":{"type":"Polygon","coordinates":[[[135.4481882,34.8575535],[135.448177,34.8575587],[135.4481635,34.8575391],[135.4481556,34.8575428],[135.448151,34.8575361],[135.4481411,34.8575408],[135.4481158,34.8575041],[135.4482219,34.8574565],[135.4482669,34.8575227],[135.4481913,34.857558],[135.4481882,34.8575535]]]}},{"type":"Feature","properties":{"mi":42900,"h":2.2,"l2":0},"geometry":{"type":"Polygon","coordinates":[[[135.4427644,34.8553227],[135.4427479,34.855336],[135.44273,34.855321],[135.4427274,34.8553231],[135.4427178,34.855315],[135.4427368,34.8552996],[135.4427644,34.8553227]]]}},{"type":"Feature","properties":{"mi":42901,"h":3.1,"l2":0},"geometry":{"type":"Polygon","coordinates":[[[135.4483652,34.8572277],[135.4483399,34.8572387],[135.4483129,34.8571965],[135.4483182,34.8571941],[135.448314,34.8571876],[135.4483299,34.8571807],[135.4483341,34.8571873],[135.4483382,34.8571855],[135.4483652,34.8572277]]]}},{"type":"Feature","properties":{"mi":42903,"h":4.0,"l2":0},"geometry":{"type":"Polygon","coordinates":[[[135.4484984,34.8576315],[135.4483675,34.857646],[135.4483561,34.8575768],[135.44841,34.8575708],[135.448409,34.8575647],[135.4484069,34.8575521],[135.4484725,34.8575448],[135.4484758,34.857565],[135.4484823,34.8576051],[135.4484949,34.8576036],[135.4484984,34.8576315]]]}},{"type":"Feature","properties":{"mi":42904,"h":3.7,"l2":0},"geometry":{"type":"Polygon","coordinates":[[[135.4489026,34.8567169],[135.4488636,34.8567355],[135.4488285,34.8566857],[135.4488674,34.856667],[135.4489026,34.8567169]]]}},{"type":"Feature","properties":{"mi":42905,"h":4.0,"l2":0},"geometry":{"type":"Polygon","coordinates":[[[135.4440759,34.8581931],[135.4440512,34.8582391],[135.4440273,34.8582304],[135.4440259,34.858233],[135.4439968,34.8582319],[135.4439956,34.8582341],[135.4439336,34.8582293],[135.4439447,34.8582086],[135.4439324,34.8582042],[135.4439372,34.8581951],[135.4439288,34.858192],[135.4439521,34.8581486],[135.4439591,34.8581512],[135.4439624,34.8581451],[135.4439813,34.858152],[135.4439784,34.8581574],[135.443999,34.8581649],[135.4439976,34.8581675],[135.4440101,34.858172],[135.4440113,34.8581696],[135.4440759,34.8581931]]]}},{"type":"Feature","properties":{"mi":42906,"h":4.0,"l2":0},"geometry":{"type":"Polygon","coordinates":[[[135.4485177,34.8582484],[135.4484715,34.8582636],[135.4484542,34.858228],[135.4484471,34.8582132],[135.4484941,34.8581978],[135.4484879,34.8581849],[135.448558,34.8581619],[135.4485554,34.8581565],[135.448586,34.8581464],[135.4485887,34.8581521],[135.4486059,34.8581464],[135.448642,34.8582211],[135.4486344,34.8582236],[135.4486321,34.8582243],[135.4485522,34.8582506],[135.4485464,34.8582385],[135.4485174,34.858248],[135.4485177,34.8582484]]]}},{"type":"Feature","properties":{"mi":42907,"h":4.0,"l2":0},"geometry":{"type":"Polygon","coordinates":[[[135.4469777,34.8571384],[135.4468915,34.8571589],[135.446887,34.857146],[135.4469339,34.8571253],[135.4469701,34.8571167],[135.4469777,34.8571384]]]}},{"type":"Feature","properties":{"mi":42908,"h":7.4,"l2":0},"geometry":{"type":"Polygon","coordinates":[[[135.4434856,34.8550646],[135.4434483,34.8550816],[135.4434353,34.855062],[135.4434277,34.8550655],[135.4434138,34.8550446],[135.443422,34.8550409],[135.4433831,34.8549825],[135.4435191,34.8549209],[135.4435344,34.8549437],[135.4435441,34.8549393],[135.4435646,34.85497],[135.4435581,34.854973],[135.4435876,34.8550172],[135.4435358,34.8550408],[135.4435394,34.8550463],[135.4435058,34.8550615],[135.4435027,34.8550569],[135.4434856,34.8550646]]]}},{"type":"Feature","properties":{"mi":42909,"h":8.0,"l2":0},"geometry":{"type":"Polygon","coordinates":[[[135.4441808,34.8581256],[135.4441418,34.8582081],[135.4440152,34.8581674],[135.4440598,34.858073],[135.4441348,34.8580972],[135.4441412,34.8580833],[135.444186,34.8580978],[135.4441739,34.8581234],[135.4441808,34.8581256]]]}},{"type":"Feature","properties":{"mi":42910,"h":5.2,"l2":0},"geometry":{"type":"Polygon","coordinates":[[[135.4431805,34.8570941],[135.4431405,34.8571197],[135.4431111,34.8570846],[135.4430845,34.8570526],[135.4430814,34.8570489],[135.4430888,34.8570447],[135.4430664,34.8570179],[135.4431007,34.8569985],[135.4431273,34.8570304],[135.4431539,34.8570622],[135.4431805,34.8570941]]]}},{"type":"Feature","properties":{"mi":42911,"h":3.9,"l2":0},"geometry":{"type":"Polygon","coordinates":[[[135.4479638,34.8574133],[135.4477855,34.8574971],[135.4477411,34.8574329],[135.4478579,34.8573781],[135.4478673,34.8573918],[135.4479289,34.8573629],[135.4479638,34.8574133]]]}},{"type":"Feature","properties":{"mi":42912,"h":4.9,"l2":0},"geometry":{"type":"Polygon","coordinates":[[[135.4472274,34.8577208],[135.4472105,34.8577277],[135.4472003,34.8577106],[135.4472172,34.8577037],[135.4472274,34.8577208]]]}},{"type":"Feature","properties":{"mi":42913,"h":4.9,"l2":0},"geometry":{"type":"Polygon","coordinates":[[[135.4472581,34.8577774],[135.4472445,34.857783],[135.447218,34.8577423],[135.4472523,34.8577271],[135.4472644,34.8577457],[135.4472479,34.857753],[135.4472551,34.857764],[135.4472507,34.857766],[135.4472581,34.8577774]]]}},{"type":"Feature","properties":{"mi":42915,"h":4.0,"l2":0},"geometry":{"type":"Polygon","coordinates":[[[135.4490618,34.8569458],[135.4489848,34.8569818],[135.4489648,34.8569529],[135.4489688,34.856951],[135.4489611,34.8569397],[135.4489677,34.8569366],[135.4489453,34.8569041],[135.4490116,34.856873],[135.4490618,34.8569458]]]}},{"type":"Feature","properties":{"mi":42916,"h":3.1,"l2":0},"geometry":{"type":"Polygon","coordinates":[[[135.4487375,34.8578755],[135.4487101,34.8578762],[135.4487094,34.8578583],[135.4487368,34.8578576],[135.4487375,34.8578755]]]}},{"type":"Feature","properties":{"mi":42917,"h":4.0,"l2":0},"geometry":{"type":"Polygon","coordinates":[[[135.4484221,34.8570838],[135.4483398,34.8571229],[135.4483062,34.8570749],[135.4483885,34.8570357],[135.4484221,34.8570838]]]}},{"type":"Feature","properties":{"mi":42918,"h":10.2,"l2":0},"geometry":{"type":"Polygon","coordinates":[[[135.4429223,34.8549693],[135.442767,34.8550484],[135.4426846,34.8549378],[135.442738,34.8549132],[135.4427503,34.8549257],[135.4428491,34.8548732],[135.4428389,34.8548349],[135.4428331,34.8548133],[135.4429161,34.8547947],[135.4430029,34.8547724],[135.4429989,34.8547453],[135.4430536,34.8547365],[135.4430563,34.8547478],[135.4430755,34.8547411],[135.4430813,34.8547636],[135.4430521,34.8547738],[135.4430586,34.8548065],[135.4430382,34.8548098],[135.4430344,34.8548358],[135.4430324,34.8548492],[135.4430171,34.8548796],[135.442993,34.8548861],[135.4430014,34.8549258],[135.4429617,34.8549319],[135.4429567,34.8549222],[135.4429087,34.8549456],[135.4429223,34.8549693]]]}},{"type":"Feature","properties":{"mi":42919,"h":8.6,"l2":0},"geometry":{"type":"Polygon","coordinates":[[[135.4483541,34.8573501],[135.4483086,34.8573707],[135.4482614,34.8572997],[135.4483351,34.8572664],[135.4483405,34.8572746],[135.4483717,34.8572605],[135.448419,34.8573317],[135.4483598,34.8573585],[135.4483541,34.8573501]]]}},{"type":"Feature","properties":{"mi":42920,"h":7.6,"l2":0},"geometry":{"type":"Polygon","coordinates":[[[135.4483508,34.8580597],[135.4482445,34.8580698],[135.4482439,34.8580655],[135.4482252,34.8580672],[135.448222,34.8580418],[135.4481981,34.8580441],[135.4481964,34.8580347],[135.4481653,34.8580376],[135.44816,34.8580005],[135.44823,34.8579937],[135.4482324,34.8580109],[135.4483222,34.8580024],[135.4483202,34.8579886],[135.4483406,34.8579866],[135.4483508,34.8580597]]]}},{"type":"Feature","properties":{"mi":42921,"h":4.0,"l2":0},"geometry":{"type":"Polygon","coordinates":[[[135.4442886,34.8573928],[135.4442455,34.8574694],[135.4441083,34.8574168],[135.4441134,34.8574077],[135.4441049,34.8574044],[135.4441239,34.8573706],[135.4441323,34.8573738],[135.4441513,34.8573402],[135.4442886,34.8573928]]]}},{"type":"Feature","properties":{"mi":42922,"h":4.0,"l2":0},"geometry":{"type":"Polygon","coordinates":[[[135.447674,34.8577936],[135.4476536,34.8577952],[135.4476524,34.8577853],[135.4476877,34.8577707],[135.4477142,34.8577686],[135.4477132,34.8577601],[135.4477623,34.8577562],[135.4477655,34.857783],[135.4477556,34.8577838],[135.4476736,34.8577904],[135.447674,34.8577936]]]}},{"type":"Feature","properties":{"mi":42923,"h":9.4,"l2":0},"geometry":{"type":"Polygon","coordinates":[[[135.4477022,34.8571987],[135.4476034,34.8572395],[135.4475567,34.8571623],[135.4476528,34.8571226],[135.4477066,34.8571004],[135.4477538,34.857081],[135.4478005,34.857158],[135.4477022,34.8571987]]]}},{"type":"Feature","properties":{"mi":42924,"h":3.3,"l2":0},"geometry":{"type":"Polygon","coordinates":[[[135.4473718,34.857698],[135.4472644,34.8577457],[135.4472523,34.8577271],[135.4472494,34.8577227],[135.4472799,34.8577092],[135.4472773,34.8577053],[135.4472806,34.8577038],[135.4472789,34.8577013],[135.4473539,34.857668],[135.4473554,34.8576704],[135.4473569,34.8576697],[135.447372,34.8576929],[135.4473693,34.8576941],[135.4473718,34.857698]]]}},{"type":"Feature","properties":{"mi":42925,"h":9.3,"l2":0},"geometry":{"type":"Polygon","coordinates":[[[135.4438756,34.8546698],[135.4437786,34.8547285],[135.4437184,34.8546529],[135.4438195,34.8545923],[135.4438756,34.8546698]]]}},{"type":"Feature","properties":{"mi":42926,"h":3.9,"l2":0},"geometry":{"type":"Polygon","coordinates":[[[135.4430812,34.8533018],[135.4430551,34.8533087],[135.4430396,34.8532686],[135.4430657,34.8532617],[135.4430812,34.8533018]]]}},{"type":"Feature","properties":{"mi":42928,"h":3.0,"l2":0},"geometry":{"type":"Polygon","coordinates":[[[135.4434646,34.8576254],[135.4434264,34.8576338],[135.4434216,34.8576189],[135.4434598,34.8576106],[135.4434646,34.8576254]]]}},{"type":"Feature","properties":{"mi":42929,"h":8.0,"l2":0},"geometry":{"type":"Polygon","coordinates":[[[135.443999,34.8580382],[135.4439586,34.8580937],[135.4438807,34.8580552],[135.443884,34.8580507],[135.4438587,34.8580381],[135.4438607,34.8580355],[135.4437967,34.8580038],[135.4438266,34.8579628],[135.4438251,34.8579621],[135.443836,34.8579471],[135.4438396,34.8579489],[135.4438468,34.857939],[135.4439598,34.8579949],[135.443947,34.8580125],[135.443999,34.8580382]]]}},{"type":"Feature","properties":{"mi":42931,"h":4.0,"l2":0},"geometry":{"type":"Polygon","coordinates":[[[135.4482614,34.8559641],[135.4481865,34.8559796],[135.4481514,34.8558643],[135.4482166,34.8558509],[135.4482224,34.8558701],[135.4482322,34.8558681],[135.4482606,34.8559615],[135.4482614,34.8559641]]]}},{"type":"Feature","properties":{"mi":42932,"h":4.0,"l2":0},"geometry":{"type":"Polygon","coordinates":[[[135.4482848,34.8559565],[135.4482606,34.8559615],[135.4482322,34.8558681],[135.4482312,34.8558649],[135.4482554,34.8558599],[135.4482848,34.8559565]]]}},{"type":"Feature","properties":{"mi":42933,"h":4.0,"l2":0},"geometry":{"type":"Polygon","coordinates":[[[135.4398268,34.8540488],[135.4398116,34.8540593],[135.439798,34.8540461],[135.4398132,34.8540356],[135.4398268,34.8540488]]]}},{"type":"Feature","properties":{"mi":42937,"h":5.4,"l2":0},"geometry":{"type":"Polygon","coordinates":[[[135.4433877,34.8550761],[135.4433691,34.855084],[135.4433625,34.8550734],[135.4433811,34.8550655],[135.4433877,34.8550761]]]}},{"type":"Feature","properties":{"mi":42939,"h":5.1,"l2":0},"geometry":{"type":"Polygon","coordinates":[[[135.4473204,34.8578284],[135.4472786,34.8578457],[135.4472413,34.8577843],[135.4472445,34.857783],[135.4472581,34.8577774],[135.4472787,34.8577688],[135.4472805,34.8577717],[135.4473058,34.8578134],[135.4473102,34.8578116],[135.4473204,34.8578284]]]}},{"type":"Feature","properties":{"mi":42940,"h":4.0,"l2":0},"geometry":{"type":"Polygon","coordinates":[[[135.4484718,34.8559348],[135.4484091,34.8559447],[135.4483912,34.8558688],[135.4484933,34.8558527],[135.4485046,34.8559023],[135.4484659,34.8559083],[135.4484718,34.8559348]]]}},{"type":"Feature","properties":{"mi":42942,"h":5.6,"l2":0},"geometry":{"type":"Polygon","coordinates":[[[135.4489524,34.856268],[135.4489327,34.8562769],[135.4489224,34.8562615],[135.448942,34.8562525],[135.4489524,34.856268]]]}},{"type":"Feature","properties":{"mi":42943,"h":9.1,"l2":0},"geometry":{"type":"Polygon","coordinates":[[[135.44407,34.8574255],[135.4439463,34.8575175],[135.4438903,34.8574662],[135.4439123,34.8574499],[135.4438758,34.8574163],[135.4439155,34.8573869],[135.4439245,34.8573951],[135.4439864,34.8573492],[135.44407,34.8574255]]]}},{"type":"Feature","properties":{"mi":42944,"h":2.6,"l2":0},"geometry":{"type":"Polygon","coordinates":[[[135.4404574,34.8526],[135.4403765,34.8526108],[135.4403708,34.8525818],[135.4404517,34.8525711],[135.4404574,34.8526]]]}},{"type":"Feature","properties":{"mi":42946,"h":5.9,"l2":0},"geometry":{"type":"Polygon","coordinates":[[[135.4462269,34.8535527],[135.4461429,34.8535585],[135.4461323,34.8534537],[135.4461837,34.8534502],[135.4461824,34.8534371],[135.4462006,34.8534359],[135.4462014,34.8534441],[135.4462158,34.8534431],[135.4462269,34.8535527]]]}},{"type":"Feature","properties":{"mi":42947,"h":4.0,"l2":0},"geometry":{"type":"Polygon","coordinates":[[[135.4438951,34.8574762],[135.4438601,34.8574869],[135.443804,34.8573623],[135.4438498,34.8573482],[135.4438787,34.857413],[135.4438698,34.8574158],[135.4438892,34.8574374],[135.4438835,34.8574413],[135.4439005,34.8574571],[135.4438876,34.857462],[135.4438951,34.8574762]]]}},{"type":"Feature","properties":{"mi":42948,"h":6.0,"l2":0},"geometry":{"type":"Polygon","coordinates":[[[135.4457724,34.8538278],[135.4457361,34.853845],[135.4457183,34.8538195],[135.4457545,34.8538023],[135.4457724,34.8538278]]]}},{"type":"Feature","properties":{"mi":42949,"h":4.0,"l2":0},"geometry":{"type":"Polygon","coordinates":[[[135.4486993,34.8567977],[135.4486163,34.8568357],[135.4485892,34.8567981],[135.448612,34.8567868],[135.4485997,34.8567697],[135.4485774,34.8567807],[135.4485355,34.8567231],[135.44862,34.8566809],[135.4486614,34.8567409],[135.4486993,34.8567977]]]}},{"type":"Feature","properties":{"mi":42953,"h":6.0,"l2":0},"geometry":{"type":"Polygon","coordinates":[[[135.4434156,34.8539686],[135.4432863,34.8540175],[135.4432381,34.8539438],[135.4433703,34.8538961],[135.4434156,34.8539686]]]}},{"type":"Feature","properties":{"mi":42954,"h":4.0,"l2":0},"geometry":{"type":"Polygon","coordinates":[[[135.4438936,34.8572206],[135.4438602,34.8572432],[135.443816,34.8571876],[135.4438504,34.8571616],[135.4438936,34.8572206]]]}},{"type":"Feature","properties":{"mi":42955,"h":6.5,"l2":0},"geometry":{"type":"Polygon","coordinates":[[[135.4443018,34.8579873],[135.4442721,34.8580414],[135.4440629,34.8579633],[135.4441088,34.8578796],[135.4442136,34.8579187],[135.444193,34.8579563],[135.4442246,34.857968],[135.444229,34.8579602],[135.4443018,34.8579873]]]}},{"type":"Feature","properties":{"mi":42957,"h":2.4,"l2":0},"geometry":{"type":"Polygon","coordinates":[[[135.4439019,34.8578535],[135.4438726,34.8578841],[135.4437563,34.8578088],[135.4437392,34.8577772],[135.4437176,34.8577851],[135.443704,34.8577597],[135.4438374,34.8577177],[135.4438666,34.8577761],[135.4438323,34.8577904],[135.4438465,34.8578167],[135.4439019,34.8578535]]]}},{"type":"Feature","properties":{"mi":42959,"h":6.0,"l2":0},"geometry":{"type":"Polygon","coordinates":[[[135.4435448,34.854666],[135.4434579,34.8547078],[135.4433994,34.8546253],[135.4434921,34.8545806],[135.443535,34.8546412],[135.4435292,34.854644],[135.4435448,34.854666]]]}},{"type":"Feature","properties":{"mi":42960,"h":2.7,"l2":0},"geometry":{"type":"Polygon","coordinates":[[[135.4482022,34.8573779],[135.4481751,34.857391],[135.4481656,34.8573776],[135.4481927,34.8573645],[135.4482022,34.8573779]]]}},{"type":"Feature","properties":{"mi":42962,"h":3.7,"l2":0},"geometry":{"type":"Polygon","coordinates":[[[135.4445678,34.8565403],[135.4445438,34.8565696],[135.4445193,34.8565559],[135.4445433,34.8565267],[135.4445678,34.8565403]]]}},{"type":"Feature","properties":{"mi":42963,"h":3.3,"l2":0},"geometry":{"type":"Polygon","coordinates":[[[135.443215,34.857353],[135.443168,34.857377],[135.4431377,34.8573366],[135.4431847,34.8573127],[135.443215,34.857353]]]}},{"type":"Feature","properties":{"mi":42964,"h":4.0,"l2":0},"geometry":{"type":"Polygon","coordinates":[[[135.449133,34.8570323],[135.4490737,34.8570615],[135.4490523,34.8570322],[135.4490289,34.8570438],[135.448996,34.8569989],[135.4490785,34.8569579],[135.449133,34.8570323]]]}},{"type":"Feature","properties":{"mi":42965,"h":4.0,"l2":0},"geometry":{"type":"Polygon","coordinates":[[[135.4444293,34.8575029],[135.4443687,34.8575276],[135.4443357,34.8574747],[135.4444065,34.8574459],[135.4444294,34.8574827],[135.4444395,34.8574988],[135.4444293,34.8575029]]]}},{"type":"Feature","properties":{"mi":42966,"h":3.6,"l2":0},"geometry":{"type":"Polygon","coordinates":[[[135.4434232,34.8575655],[135.4433739,34.8575905],[135.4433623,34.8575749],[135.4433527,34.8575798],[135.4433316,34.8575516],[135.4433325,34.8575511],[135.443351,34.8575417],[135.4433999,34.8575168],[135.4434188,34.857542],[135.4434217,34.8575459],[135.4434122,34.8575508],[135.4434232,34.8575655]]]}},{"type":"Feature","properties":{"mi":42967,"h":7.2,"l2":0},"geometry":{"type":"Polygon","coordinates":[[[135.4440019,34.8571946],[135.4439717,34.857212],[135.4438876,34.8571124],[135.4439472,34.8570782],[135.4439917,34.8571305],[135.4439798,34.8571373],[135.4440147,34.8571789],[135.4439971,34.857189],[135.4440019,34.8571946]]]}},{"type":"Feature","properties":{"mi":42968,"h":5.1,"l2":0},"geometry":{"type":"Polygon","coordinates":[[[135.4437513,34.8580684],[135.4437318,34.8580785],[135.4437273,34.8580724],[135.4437254,34.8580734],[135.4436922,34.8580298],[135.4436964,34.8580276],[135.4436871,34.8580153],[135.4437154,34.8580007],[135.4437244,34.8580126],[135.4437304,34.8580095],[135.4437641,34.8580539],[135.4437471,34.8580628],[135.4437513,34.8580684]]]}},{"type":"Feature","properties":{"mi":42969,"h":3.9,"l2":0},"geometry":{"type":"Polygon","coordinates":[[[135.4439385,34.8580956],[135.4439135,34.8581268],[135.4438889,34.8581142],[135.4438849,34.8581196],[135.4438552,34.8581044],[135.4438842,34.8580679],[135.4439385,34.8580956]]]}},{"type":"Feature","properties":{"mi":42971,"h":5.6,"l2":0},"geometry":{"type":"Polygon","coordinates":[[[135.447579,34.85637],[135.4475543,34.8563868],[135.447524,34.8563578],[135.4475455,34.8563405],[135.4475444,34.8563395],[135.4475863,34.8563055],[135.447595,34.8563128],[135.4475521,34.8563475],[135.447579,34.85637]]]}},{"type":"Feature","properties":{"mi":42972,"h":7.3,"l2":0},"geometry":{"type":"Polygon","coordinates":[[[135.4436383,34.8579163],[135.4435904,34.8579183],[135.4435905,34.8579048],[135.4435837,34.8579048],[135.4435686,34.8579058],[135.4435691,34.8578247],[135.4435965,34.8578248],[135.4435967,34.8577966],[135.4436391,34.8577945],[135.4436383,34.8579163]]]}},{"type":"Feature","properties":{"mi":42973,"h":2.4,"l2":0},"geometry":{"type":"Polygon","coordinates":[[[135.4436806,34.8529319],[135.4436791,34.8529667],[135.4436136,34.8529664],[135.4436151,34.8529316],[135.4436806,34.8529319]]]}},{"type":"Feature","properties":{"mi":42975,"h":6.1,"l2":0},"geometry":{"type":"Polygon","coordinates":[[[135.4443966,34.8577032],[135.4443505,34.8577205],[135.4443113,34.8576493],[135.4443574,34.8576321],[135.4443966,34.8577032]]]}},{"type":"Feature","properties":{"mi":42976,"h":4.0,"l2":0},"geometry":{"type":"Polygon","coordinates":[[[135.4480976,34.8559922],[135.4480151,34.8560315],[135.4479426,34.8559278],[135.4480251,34.8558886],[135.4480976,34.8559922]]]}},{"type":"Feature","properties":{"mi":42977,"h":4.9,"l2":0},"geometry":{"type":"Polygon","coordinates":[[[135.4475878,34.8563628],[135.447579,34.85637],[135.4475521,34.8563475],[135.447595,34.8563128],[135.447607,34.8563031],[135.4476089,34.8563047],[135.4476136,34.856301],[135.4476373,34.8563209],[135.4476321,34.856325],[135.4476352,34.8563276],[135.4475898,34.8563645],[135.4475878,34.8563628]]]}},{"type":"Feature","properties":{"mi":42978,"h":4.0,"l2":0},"geometry":{"type":"Polygon","coordinates":[[[135.446887,34.857146],[135.4468605,34.8571577],[135.446816,34.857089],[135.4468222,34.8570862],[135.4468204,34.8570834],[135.4468839,34.8570554],[135.446885,34.8570571],[135.4469194,34.857042],[135.4469398,34.8570734],[135.4469493,34.8570692],[135.4469621,34.8570889],[135.4469526,34.8570932],[135.4469647,34.8571118],[135.4469339,34.8571253],[135.446887,34.857146]]]}},{"type":"Feature","properties":{"mi":42979,"h":3.3,"l2":0},"geometry":{"type":"Polygon","coordinates":[[[135.4434726,34.8527978],[135.4434481,34.8527981],[135.4434477,34.852781],[135.4434723,34.8527807],[135.4434726,34.8527978]]]}},{"type":"Feature","properties":{"mi":42980,"h":5.5,"l2":0},"geometry":{"type":"Polygon","coordinates":[[[135.4419308,34.8543353],[135.4418634,34.854388],[135.4418393,34.8543671],[135.4418847,34.8543315],[135.4418913,34.8543373],[135.4419133,34.8543201],[135.4419308,34.8543353]]]}},{"type":"Feature","properties":{"mi":42982,"h":6.0,"l2":0},"geometry":{"type":"Polygon","coordinates":[[[135.4454292,34.8556166],[135.4454099,34.8556328],[135.4453894,34.8556161],[135.4454086,34.8556],[135.4454292,34.8556166]]]}},{"type":"Feature","properties":{"mi":42983,"h":4.0,"l2":0},"geometry":{"type":"Polygon","coordinates":[[[135.4408711,34.8532562],[135.4408681,34.8532567],[135.4408614,34.85323],[135.4408927,34.8532247],[135.4408994,34.8532514],[135.4408711,34.8532562]]]}},{"type":"Feature","properties":{"mi":42984,"h":11.1,"l2":0},"geometry":{"type":"Polygon","coordinates":[[[135.4428895,34.8576456],[135.4427886,34.857653],[135.4427764,34.8575391],[135.4427651,34.8574349],[135.4428672,34.8574274],[135.4428689,34.8574435],[135.4428978,34.8574414],[135.4429003,34.8574642],[135.4428706,34.8574664],[135.4428785,34.8575395],[135.4428839,34.85759],[135.442912,34.8575879],[135.4429145,34.857612],[135.4428861,34.8576141],[135.4428895,34.8576456]]]}},{"type":"Feature","properties":{"mi":42985,"h":4.0,"l2":0},"geometry":{"type":"Polygon","coordinates":[[[135.448301,34.8576987],[135.4481403,34.8577169],[135.4481279,34.8576419],[135.4481943,34.8576343],[135.4481966,34.857648],[135.4482909,34.8576373],[135.448301,34.8576987]]]}},{"type":"Feature","properties":{"mi":42986,"h":3.8,"l2":0},"geometry":{"type":"Polygon","coordinates":[[[135.4439186,34.8539648],[135.4438879,34.853996],[135.4438424,34.8539655],[135.4438807,34.8539267],[135.4438885,34.8539319],[135.4438925,34.8539279],[135.4439046,34.853936],[135.4438931,34.8539477],[135.4439186,34.8539648]]]}},{"type":"Feature","properties":{"mi":42987,"h":4.0,"l2":0},"geometry":{"type":"Polygon","coordinates":[[[135.4428241,34.8547649],[135.4427931,34.854775],[135.4427646,34.8547153],[135.4427956,34.8547052],[135.4428241,34.8547649]]]}},{"type":"Feature","properties":{"mi":42988,"h":2.8,"l2":0},"geometry":{"type":"Polygon","coordinates":[[[135.4433209,34.8544452],[135.4432999,34.854491],[135.4432749,34.8544833],[135.4432959,34.8544374],[135.4433209,34.8544452]]]}},{"type":"Feature","properties":{"mi":42989,"h":7.7,"l2":0},"geometry":{"type":"Polygon","coordinates":[[[135.4473756,34.8567427],[135.4473089,34.8567816],[135.4472576,34.8567225],[135.4473243,34.8566836],[135.4473756,34.8567427]]]}},{"type":"Feature","properties":{"mi":42990,"h":5.7,"l2":0},"geometry":{"type":"Polygon","coordinates":[[[135.4431038,34.8534003],[135.4430101,34.8534242],[135.4429814,34.8533481],[135.4430751,34.8533242],[135.4431038,34.8534003]]]}},{"type":"Feature","properties":{"mi":42992,"h":6.3,"l2":0},"geometry":{"type":"Polygon","coordinates":[[[135.4434744,34.8571135],[135.4434325,34.8571401],[135.4433851,34.8570889],[135.4434253,34.8570634],[135.4434744,34.8571135]]]}},{"type":"Feature","properties":{"mi":42994,"h":6.0,"l2":0},"geometry":{"type":"Polygon","coordinates":[[[135.4434396,34.8581518],[135.4434392,34.8581753],[135.4434186,34.8581751],[135.4434189,34.8581516],[135.4434396,34.8581518]]]}},{"type":"Feature","properties":{"mi":42995,"h":7.5,"l2":0},"geometry":{"type":"Polygon","coordinates":[[[135.4433144,34.8569472],[135.4432667,34.8569892],[135.4432123,34.8569472],[135.44326,34.8569053],[135.4433144,34.8569472]]]}},{"type":"Feature","properties":{"mi":42996,"h":6.6,"l2":0},"geometry":{"type":"Polygon","coordinates":[[[135.4441832,34.8575763],[135.4441545,34.8575887],[135.4441352,34.8575528],[135.4441552,34.8575454],[135.4441788,34.8575366],[135.4441829,34.8575455],[135.444197,34.8575704],[135.4441832,34.8575763]]]}},{"type":"Feature","properties":{"mi":42997,"h":4.0,"l2":0},"geometry":{"type":"Polygon","coordinates":[[[135.4420076,34.8536204],[135.4418974,34.853641],[135.4418734,34.8535536],[135.4420084,34.8535284],[135.4420196,34.8535691],[135.4419948,34.8535736],[135.4420076,34.8536204]]]}},{"type":"Feature","properties":{"mi":42998,"h":8.3,"l2":0},"geometry":{"type":"Polygon","coordinates":[[[135.4406388,34.8550958],[135.4406018,34.8551271],[135.4405831,34.8551124],[135.44062,34.8550806],[135.4405532,34.855028],[135.4405163,34.8549989],[135.4406502,34.8548834],[135.4406881,34.8549127],[135.4407726,34.8549798],[135.4406388,34.8550958]]]}},{"type":"Feature","properties":{"mi":42999,"h":4.4,"l2":0},"geometry":{"type":"Polygon","coordinates":[[[135.4434605,34.857365],[135.4434192,34.857386],[135.4433817,34.8573384],[135.4434229,34.8573175],[135.4434605,34.857365]]]}},{"type":"Feature","properties":{"mi":43000,"h":6.9,"l2":0},"geometry":{"type":"Polygon","coordinates":[[[135.443218,34.8550552],[135.4431956,34.855062],[135.4431828,34.8550333],[135.4432052,34.8550265],[135.443218,34.8550552]]]}},{"type":"Feature","properties":{"mi":43001,"h":6.7,"l2":0},"geometry":{"type":"Polygon","coordinates":[[[135.444075,34.857491],[135.4440029,34.8575342],[135.4439792,34.8575074],[135.4440515,34.8574642],[135.444075,34.857491]]]}},{"type":"Feature","properties":{"mi":43003,"h":6.0,"l2":0},"geometry":{"type":"Polygon","coordinates":[[[135.4456725,34.8538113],[135.4456543,34.8538227],[135.4456232,34.8537891],[135.4456415,34.8537776],[135.4456725,34.8538113]]]}},{"type":"Feature","properties":{"mi":43004,"h":2.0,"l2":0},"geometry":{"type":"Polygon","coordinates":[[[135.4412049,34.8524157],[135.441176,34.8524209],[135.4411562,34.8523471],[135.4411851,34.8523418],[135.4412049,34.8524157]]]}},{"type":"Feature","properties":{"mi":43005,"h":4.2,"l2":0},"geometry":{"type":"Polygon","coordinates":[[[135.4424691,34.8532991],[135.4424137,34.8533092],[135.4424025,34.8532677],[135.4424022,34.8532668],[135.4424576,34.8532566],[135.4424691,34.8532991]]]}},{"type":"Feature","properties":{"mi":43006,"h":10.3,"l2":0},"geometry":{"type":"Polygon","coordinates":[[[135.4482532,34.8569593],[135.4482357,34.8569676],[135.4481706,34.8568746],[135.4482727,34.8568261],[135.4483431,34.8569268],[135.4482585,34.856967],[135.4482532,34.8569593]]]}},{"type":"Feature","properties":{"mi":43007,"h":6.0,"l2":0},"geometry":{"type":"Polygon","coordinates":[[[135.4441822,34.8572538],[135.4441459,34.857265],[135.4441319,34.8572344],[135.4441561,34.8572268],[135.4441608,34.857237],[135.4441728,34.8572333],[135.4441822,34.8572538]]]}},{"type":"Feature","properties":{"mi":43008,"h":3.2,"l2":0},"geometry":{"type":"Polygon","coordinates":[[[135.4483122,34.8577448],[135.4482481,34.8577517],[135.448244,34.8577258],[135.4482689,34.8577231],[135.4482685,34.8577206],[135.4483077,34.8577164],[135.4483122,34.8577448]]]}},{"type":"Feature","properties":{"mi":43009,"h":5.5,"l2":0},"geometry":{"type":"Polygon","coordinates":[[[135.4434399,34.8571949],[135.4433927,34.8572174],[135.4433908,34.8572147],[135.4433852,34.8572067],[135.4433618,34.8571734],[135.4433744,34.8571674],[135.4433719,34.8571639],[135.4433914,34.8571546],[135.4433951,34.8571599],[135.4434102,34.8571527],[135.4434312,34.8571826],[135.4434384,34.8571928],[135.4434399,34.8571949]]]}},{"type":"Feature","properties":{"mi":43010,"h":3.9,"l2":0},"geometry":{"type":"Polygon","coordinates":[[[135.4487787,34.8578815],[135.4487377,34.8578824],[135.4487375,34.8578755],[135.4487368,34.8578576],[135.4487367,34.8578553],[135.4487777,34.8578543],[135.4487787,34.8578815]]]}},{"type":"Feature","properties":{"mi":43011,"h":6.0,"l2":0},"geometry":{"type":"Polygon","coordinates":[[[135.4490183,34.8562203],[135.4489991,34.8562372],[135.4489627,34.8562091],[135.4489819,34.8561921],[135.4490183,34.8562203]]]}},{"type":"Feature","properties":{"mi":43012,"h":2.6,"l2":0},"geometry":{"type":"Polygon","coordinates":[[[135.4427936,34.8547859],[135.442735,34.8548071],[135.4427219,34.8547823],[135.4427805,34.8547612],[135.4427936,34.8547859]]]}},{"type":"Feature","properties":{"mi":43013,"h":2.7,"l2":0},"geometry":{"type":"Polygon","coordinates":[[[135.4475904,34.8576067],[135.4475484,34.8576241],[135.4475214,34.8575797],[135.4475633,34.8575623],[135.4475904,34.8576067]]]}},{"type":"Feature","properties":{"mi":43014,"h":4.0,"l2":0},"geometry":{"type":"Polygon","coordinates":[[[135.4444282,34.8576546],[135.444422,34.8576577],[135.4444003,34.8576285],[135.4444285,34.8576144],[135.4444469,34.8576051],[135.4444686,34.8576342],[135.4444282,34.8576546]]]}},{"type":"Feature","properties":{"mi":43015,"h":3.4,"l2":0},"geometry":{"type":"Polygon","coordinates":[[[135.4483378,34.8579321],[135.4482783,34.8579383],[135.4482742,34.8579107],[135.4483336,34.8579046],[135.4483378,34.8579321]]]}},{"type":"Feature","properties":{"mi":43016,"h":7.9,"l2":0},"geometry":{"type":"Polygon","coordinates":[[[135.4426643,34.8554622],[135.4425544,34.8555104],[135.4425096,34.8554412],[135.4426247,34.8553907],[135.4426259,34.8553927],[135.4426419,34.8553857],[135.4426453,34.8553908],[135.4426478,34.8553897],[135.4426565,34.855403],[135.4426605,34.8554013],[135.442668,34.8554129],[135.442671,34.8554115],[135.4426981,34.8554535],[135.4426674,34.8554669],[135.4426643,34.8554622]]]}},{"type":"Feature","properties":{"mi":43017,"h":8.0,"l2":0},"geometry":{"type":"Polygon","coordinates":[[[135.4443834,34.8575774],[135.444328,34.8576043],[135.4442863,34.857546],[135.4442698,34.8575229],[135.4443251,34.8574959],[135.4443612,34.8575463],[135.4443834,34.8575774]]]}},{"type":"Feature","properties":{"mi":43018,"h":9.7,"l2":0},"geometry":{"type":"Polygon","coordinates":[[[135.4485797,34.8573644],[135.448517,34.8573969],[135.4484574,34.8573173],[135.4485089,34.8572905],[135.4485208,34.857306],[135.4485765,34.8572771],[135.4486211,34.8573355],[135.4485765,34.8573586],[135.4485797,34.8573644]]]}},{"type":"Feature","properties":{"mi":43019,"h":7.9,"l2":0},"geometry":{"type":"Polygon","coordinates":[[[135.4472754,34.8571541],[135.4472198,34.8571875],[135.4471668,34.8571275],[135.4472225,34.8570941],[135.4472754,34.8571541]]]}},{"type":"Feature","properties":{"mi":43020,"h":4.7,"l2":0},"geometry":{"type":"Polygon","coordinates":[[[135.4488086,34.8567808],[135.4488029,34.8567831],[135.4487799,34.8567448],[135.4488089,34.8567329],[135.4488255,34.8567262],[135.4488484,34.8567646],[135.4488086,34.8567808]]]}},{"type":"Feature","properties":{"mi":43023,"h":4.0,"l2":0},"geometry":{"type":"Polygon","coordinates":[[[135.4430872,34.8582389],[135.4430212,34.8582498],[135.4430088,34.8581989],[135.4430201,34.8581971],[135.4430143,34.8581733],[135.4430451,34.8581682],[135.4430437,34.8581626],[135.4430956,34.858154],[135.4431021,34.858181],[135.4431087,34.8581799],[135.4431207,34.8582293],[135.4430862,34.858235],[135.4430872,34.8582389]]]}},{"type":"Feature","properties":{"mi":43024,"h":4.0,"l2":0},"geometry":{"type":"Polygon","coordinates":[[[135.4409178,34.853407],[135.4409066,34.8534091],[135.4408742,34.8532931],[135.4409323,34.853282],[135.4409647,34.8533981],[135.4409605,34.8533989],[135.4409178,34.853407]]]}},{"type":"Feature","properties":{"mi":43026,"h":4.5,"l2":0},"geometry":{"type":"Polygon","coordinates":[[[135.4434927,34.8530368],[135.4434507,34.8530404],[135.4434451,34.8529962],[135.4434871,34.8529925],[135.4434927,34.8530368]]]}},{"type":"Feature","properties":{"mi":43027,"h":7.7,"l2":0},"geometry":{"type":"Polygon","coordinates":[[[135.4475679,34.8577536],[135.4475369,34.8577686],[135.4474963,34.8577115],[135.4475568,34.8576821],[135.4475486,34.8576706],[135.4476059,34.8576429],[135.4476564,34.8577138],[135.4476203,34.8577312],[135.4476236,34.8577358],[135.4475724,34.8577597],[135.4475695,34.8577557],[135.4475679,34.8577536]]]}},{"type":"Feature","properties":{"mi":43030,"h":8.5,"l2":0},"geometry":{"type":"Polygon","coordinates":[[[135.4477274,34.8570679],[135.4475876,34.8571315],[135.4475184,34.8570283],[135.4475264,34.8570247],[135.4475196,34.8570145],[135.4475551,34.8569984],[135.4475637,34.8570113],[135.4475796,34.8570041],[135.4475837,34.8570102],[135.4476642,34.8569736],[135.4477274,34.8570679]]]}},{"type":"Feature","properties":{"mi":43031,"h":6.9,"l2":0},"geometry":{"type":"Polygon","coordinates":[[[135.4487536,34.8580293],[135.448699,34.8580329],[135.4486983,34.8580251],[135.4486642,34.8580273],[135.4486587,34.8579701],[135.4486522,34.8579705],[135.4486472,34.8579192],[135.4487594,34.8579119],[135.4487645,34.857965],[135.4487474,34.8579662],[135.4487536,34.8580293]]]}},{"type":"Feature","properties":{"mi":43032,"h":8.7,"l2":0},"geometry":{"type":"Polygon","coordinates":[[[135.4438743,34.8540138],[135.4437506,34.8540662],[135.4437228,34.8540261],[135.4437349,34.8540224],[135.4436602,34.853906],[135.4437457,34.8538647],[135.4437388,34.8538429],[135.4438192,34.8538067],[135.4437854,34.8537545],[135.4437472,34.8537713],[135.4437343,34.8537511],[135.4437117,34.8537611],[135.4437021,34.8537467],[135.4438187,34.8536953],[135.4439122,34.8538401],[135.4438538,34.853865],[135.4438829,34.8539185],[135.4438276,34.8539472],[135.4438743,34.8540138]],[[135.4437595,34.8539861],[135.4437734,34.8540053],[135.4438019,34.8539939],[135.4437877,34.8539731],[135.4437595,34.8539861]]]}},{"type":"Feature","properties":{"mi":43033,"h":6.2,"l2":0},"geometry":{"type":"Polygon","coordinates":[[[135.4459598,34.8562424],[135.4459326,34.8562586],[135.4459049,34.856227],[135.4459321,34.8562108],[135.4459598,34.8562424]]]}},{"type":"Feature","properties":{"mi":43035,"h":4.0,"l2":0},"geometry":{"type":"Polygon","coordinates":[[[135.4452847,34.8582978],[135.4452728,34.8583481],[135.4451308,34.8583227],[135.4451427,34.8582723],[135.4452847,34.8582978]]]}},{"type":"Feature","properties":{"mi":43038,"h":6.7,"l2":0},"geometry":{"type":"Polygon","coordinates":[[[135.4474551,34.8564619],[135.4473607,34.856529],[135.4473121,34.8564826],[135.4474065,34.8564155],[135.4474551,34.8564619]]]}},{"type":"Feature","properties":{"mi":43039,"h":2.5,"l2":0},"geometry":{"type":"Polygon","coordinates":[[[135.4435519,34.8530678],[135.4435258,34.8530698],[135.4435201,34.8530188],[135.4435462,34.8530168],[135.4435519,34.8530678]]]}},{"type":"Feature","properties":{"mi":43040,"h":4.7,"l2":0},"geometry":{"type":"Polygon","coordinates":[[[135.4466691,34.8571044],[135.4466544,34.8571111],[135.4466418,34.8570921],[135.4466565,34.8570854],[135.4466691,34.8571044]]]}},{"type":"Feature","properties":{"mi":43042,"h":2.4,"l2":0},"geometry":{"type":"Polygon","coordinates":[[[135.4438019,34.8539939],[135.4437734,34.8540053],[135.4437595,34.8539861],[135.4437877,34.8539731],[135.4438019,34.8539939]]]}},{"type":"Feature","properties":{"mi":43043,"h":4.0,"l2":0},"geometry":{"type":"Polygon","coordinates":[[[135.4489209,34.8562947],[135.4488994,34.8563063],[135.4488752,34.8562749],[135.4488967,34.8562633],[135.4489209,34.8562947]]]}},{"type":"Feature","properties":{"mi":43044,"h":3.6,"l2":0},"geometry":{"type":"Polygon","coordinates":[[[135.4474743,34.8566903],[135.4473822,34.8567337],[135.4473352,34.8566658],[135.4474273,34.8566226],[135.4474743,34.8566903]]]}},{"type":"Feature","properties":{"mi":43045,"h":6.6,"l2":0},"geometry":{"type":"Polygon","coordinates":[[[135.4478955,34.8578943],[135.4478135,34.8578986],[135.4478102,34.8578534],[135.4478204,34.8578529],[135.4478826,34.8578497],[135.4478922,34.8578492],[135.4478955,34.8578943]]]}},{"type":"Feature","properties":{"mi":43046,"h":6.0,"l2":0},"geometry":{"type":"Polygon","coordinates":[[[135.4443913,34.8557907],[135.4443341,34.8558039],[135.444326,34.8557802],[135.4443245,34.8557755],[135.4443817,34.8557624],[135.4443913,34.8557907]]]}},{"type":"Feature","properties":{"mi":43047,"h":3.5,"l2":0},"geometry":{"type":"Polygon","coordinates":[[[135.4482226,34.8574219],[135.4481789,34.8574426],[135.4481534,34.8574059],[135.4481971,34.8573852],[135.4482226,34.8574219]]]}},{"type":"Feature","properties":{"mi":43048,"h":7.9,"l2":0},"geometry":{"type":"Polygon","coordinates":[[[135.4444248,34.8579267],[135.4443986,34.857966],[135.4442717,34.8579158],[135.4441933,34.8577937],[135.4442428,34.8577751],[135.4442975,34.8578566],[135.44432,34.8578562],[135.4443349,34.8578778],[135.4443348,34.8578935],[135.4444248,34.8579267]]]}},{"type":"Feature","properties":{"mi":43049,"h":2.7,"l2":0},"geometry":{"type":"Polygon","coordinates":[[[135.4403355,34.852498],[135.4402946,34.8525101],[135.4402873,34.8524932],[135.4403281,34.8524812],[135.4403355,34.852498]]]}},{"type":"Feature","properties":{"mi":43050,"h":6.4,"l2":0},"geometry":{"type":"Polygon","coordinates":[[[135.4438028,34.8579362],[135.4437738,34.8579677],[135.4437344,34.8579426],[135.4437454,34.8579258],[135.4437249,34.8579133],[135.4437608,34.8578706],[135.4438276,34.8579163],[135.4438322,34.8579184],[135.4438122,34.8579396],[135.4438028,34.8579362]]]}},{"type":"Feature","properties":{"mi":43051,"h":3.5,"l2":0},"geometry":{"type":"Polygon","coordinates":[[[135.4482598,34.8572641],[135.4482145,34.8572884],[135.4482013,34.8572717],[135.4482466,34.8572474],[135.4482598,34.8572641]]]}},{"type":"Feature","properties":{"mi":43054,"h":3.6,"l2":0},"geometry":{"type":"Polygon","coordinates":[[[135.4448879,34.8564186],[135.4448486,34.8564274],[135.4448339,34.8563822],[135.4448731,34.8563736],[135.4448879,34.8564186]]]}},{"type":"Feature","properties":{"mi":43055,"h":4.0,"l2":0},"geometry":{"type":"Polygon","coordinates":[[[135.4420116,34.8534994],[135.4419456,34.8535138],[135.4419409,34.8534993],[135.4419238,34.8535031],[135.4419111,34.8534638],[135.4419286,34.85346],[135.4419217,34.8534385],[135.4419875,34.8534242],[135.4420116,34.8534994]]]}},{"type":"Feature","properties":{"mi":43056,"h":2.9,"l2":0},"geometry":{"type":"Polygon","coordinates":[[[135.4464941,34.8582542],[135.4464924,34.8583645],[135.446458,34.8583641],[135.4464597,34.8582539],[135.4464941,34.8582542]]]}},{"type":"Feature","properties":{"mi":43057,"h":5.5,"l2":0},"geometry":{"type":"Polygon","coordinates":[[[135.4436436,34.8527945],[135.443608,34.8527962],[135.443607,34.8527824],[135.4436065,34.8527756],[135.4436423,34.8527738],[135.4436436,34.8527945]]]}},{"type":"Feature","properties":{"mi":43059,"h":4.0,"l2":0},"geometry":{"type":"Polygon","coordinates":[[[135.4443357,34.857146],[135.4443122,34.8571694],[135.444229,34.8571126],[135.4442844,34.8570576],[135.4443824,34.8571246],[135.4443506,34.8571562],[135.4443357,34.857146]]]}},{"type":"Feature","properties":{"mi":43060,"h":4.0,"l2":0},"geometry":{"type":"Polygon","coordinates":[[[135.443535,34.857473],[135.4435126,34.8574847],[135.4434356,34.8573851],[135.4434781,34.8573627],[135.4435552,34.8574625],[135.4435514,34.8574645],[135.4435603,34.857476],[135.443544,34.8574846],[135.443535,34.857473]]]}},{"type":"Feature","properties":{"mi":43061,"h":3.7,"l2":0},"geometry":{"type":"Polygon","coordinates":[[[135.4478826,34.8578497],[135.4478204,34.8578529],[135.4478192,34.8578372],[135.4478384,34.8578362],[135.447838,34.8578305],[135.4478604,34.8578294],[135.4478606,34.8578312],[135.4478812,34.8578302],[135.4478826,34.8578497]]]}},{"type":"Feature","properties":{"mi":43063,"h":6.4,"l2":0},"geometry":{"type":"Polygon","coordinates":[[[135.4484422,34.8564917],[135.4483698,34.8565204],[135.4483499,34.8564862],[135.4484222,34.8564575],[135.4484422,34.8564917]]]}},{"type":"Feature","properties":{"mi":43066,"h":2.0,"l2":0},"geometry":{"type":"Polygon","coordinates":[[[135.4401954,34.852542],[135.4401795,34.852548],[135.4401685,34.8525297],[135.4401841,34.8525232],[135.4401954,34.852542]]]}},{"type":"Feature","properties":{"mi":43067,"h":3.5,"l2":0},"geometry":{"type":"Polygon","coordinates":[[[135.4434494,34.8571876],[135.4434384,34.8571928],[135.4434312,34.8571826],[135.4434422,34.8571774],[135.4434494,34.8571876]]]}},{"type":"Feature","properties":{"mi":43069,"h":7.6,"l2":0},"geometry":{"type":"Polygon","coordinates":[[[135.4479026,34.8570856],[135.4478176,34.8571237],[135.4477765,34.8570611],[135.4478615,34.8570232],[135.4479026,34.8570856]]]}},{"type":"Feature","properties":{"mi":43070,"h":4.0,"l2":0},"geometry":{"type":"Polygon","coordinates":[[[135.4480359,34.8572705],[135.4479331,34.8573174],[135.4478905,34.8572541],[135.4479933,34.8572072],[135.4480232,34.8572517],[135.4480359,34.8572705]]]}},{"type":"Feature","properties":{"mi":43071,"h":3.4,"l2":0},"geometry":{"type":"Polygon","coordinates":[[[135.4431517,34.8578699],[135.4430686,34.8578698],[135.4430686,34.8578407],[135.4431517,34.8578408],[135.4431517,34.8578699]]]}},{"type":"Feature","properties":{"mi":43072,"h":8.0,"l2":0},"geometry":{"type":"Polygon","coordinates":[[[135.4479192,34.8580358],[135.4478543,34.8581257],[135.4477483,34.8580752],[135.4477818,34.8580301],[135.4478085,34.8580429],[135.4478251,34.8580191],[135.4478379,34.8580252],[135.4478527,34.858004],[135.4479192,34.8580358]]]}},{"type":"Feature","properties":{"mi":43073,"h":7.1,"l2":0},"geometry":{"type":"Polygon","coordinates":[[[135.4480349,34.8577144],[135.4479171,34.8577364],[135.4478952,34.8576568],[135.4480129,34.8576348],[135.4480349,34.8577144]]]}},{"type":"Feature","properties":{"mi":43074,"h":5.2,"l2":0},"geometry":{"type":"Polygon","coordinates":[[[135.4404266,34.8525001],[135.4403734,34.8525089],[135.4403666,34.852481],[135.4404199,34.8524722],[135.4404266,34.8525001]]]}},{"type":"Feature","properties":{"mi":43075,"h":5.6,"l2":0},"geometry":{"type":"Polygon","coordinates":[[[135.4424137,34.8533092],[135.4423885,34.8533139],[135.4423772,34.8532723],[135.4424025,34.8532677],[135.4424137,34.8533092]]]}},{"type":"Feature","properties":{"mi":43076,"h":2.9,"l2":0},"geometry":{"type":"Polygon","coordinates":[[[135.4474364,34.8571883],[135.4474067,34.8571941],[135.4474001,34.8571712],[135.4474298,34.8571654],[135.4474364,34.8571883]]]}},{"type":"Feature","properties":{"mi":43078,"h":2.8,"l2":0},"geometry":{"type":"Polygon","coordinates":[[[135.4427478,34.85544],[135.4427082,34.8554497],[135.442698,34.8554213],[135.4427376,34.8554116],[135.4427478,34.85544]]]}},{"type":"Feature","properties":{"mi":43079,"h":4.4,"l2":0},"geometry":{"type":"Polygon","coordinates":[[[135.4483104,34.8560397],[135.4482721,34.8560451],[135.4482687,34.8560288],[135.448307,34.8560234],[135.4483104,34.8560397]]]}},{"type":"Feature","properties":{"mi":43080,"h":2.6,"l2":0},"geometry":{"type":"Polygon","coordinates":[[[135.442766,34.8553644],[135.4427432,34.8553776],[135.4427169,34.8553468],[135.4427398,34.8553336],[135.442766,34.8553644]]]}},{"type":"Feature","properties":{"mi":43081,"h":6.0,"l2":0},"geometry":{"type":"Polygon","coordinates":[[[135.4428146,34.8548437],[135.4427876,34.8548571],[135.4427712,34.8548346],[135.4427538,34.8548107],[135.4427807,34.8547974],[135.4428081,34.8548348],[135.4428146,34.8548437]]]}},{"type":"Feature","properties":{"mi":43082,"h":3.2,"l2":0},"geometry":{"type":"Polygon","coordinates":[[[135.4437055,34.8580005],[135.4436793,34.8580032],[135.4436727,34.8579609],[135.4436989,34.8579582],[135.4437055,34.8580005]]]}},{"type":"Feature","properties":{"mi":43083,"h":4.2,"l2":0},"geometry":{"type":"Polygon","coordinates":[[[135.4434681,34.8530743],[135.4434345,34.8530768],[135.4434324,34.8530578],[135.443466,34.8530553],[135.4434681,34.8530743]]]}},{"type":"Feature","properties":{"mi":43084,"h":6.0,"l2":0},"geometry":{"type":"Polygon","coordinates":[[[135.4480041,34.8567016],[135.447969,34.8567187],[135.4479503,34.8566924],[135.4479854,34.8566754],[135.4480041,34.8567016]]]}},{"type":"Feature","properties":{"mi":43085,"h":4.0,"l2":0},"geometry":{"type":"Polygon","coordinates":[[[135.4481671,34.8559533],[135.4481112,34.8559687],[135.448074,34.8558771],[135.4481414,34.8558585],[135.4481697,34.8559278],[135.4481582,34.855931],[135.4481671,34.8559533]]]}},{"type":"Feature","properties":{"mi":43086,"h":5.1,"l2":0},"geometry":{"type":"Polygon","coordinates":[[[135.4454467,34.8545871],[135.445403,34.8546207],[135.445373,34.8545942],[135.4454167,34.8545606],[135.4454467,34.8545871]]]}},{"type":"Feature","properties":{"mi":43087,"h":4.0,"l2":0},"geometry":{"type":"Polygon","coordinates":[[[135.4445675,34.8580953],[135.4445547,34.8581222],[135.4444483,34.858088],[135.4444553,34.8580733],[135.4444638,34.858076],[135.4444696,34.8580638],[135.4445675,34.8580953]]]}},{"type":"Feature","properties":{"mi":43088,"h":3.0,"l2":0},"geometry":{"type":"Polygon","coordinates":[[[135.4464922,34.8582032],[135.446491,34.8582494],[135.4464703,34.8582491],[135.4464716,34.8582029],[135.4464922,34.8582032]]]}},{"type":"Feature","properties":{"mi":43089,"h":5.8,"l2":0},"geometry":{"type":"Polygon","coordinates":[[[135.4482774,34.8583625],[135.4482398,34.8583745],[135.4482317,34.8583571],[135.4481954,34.8583687],[135.4481674,34.858309],[135.4482047,34.8582971],[135.4481925,34.8582711],[135.4482296,34.8582593],[135.4482417,34.858285],[135.4482379,34.8582862],[135.4482657,34.8583455],[135.4482689,34.8583445],[135.4482774,34.8583625]]]}},{"type":"Feature","properties":{"mi":43090,"h":7.8,"l2":0},"geometry":{"type":"Polygon","coordinates":[[[135.4482689,34.8583445],[135.4482657,34.8583455],[135.4482379,34.8582862],[135.4482417,34.858285],[135.448291,34.8582692],[135.4482814,34.8582486],[135.448365,34.8582219],[135.4483782,34.8582498],[135.4484108,34.8582394],[135.4484431,34.858308],[135.4484092,34.8583188],[135.4484014,34.8583021],[135.4482689,34.8583445]]]}},{"type":"Feature","properties":{"mi":43093,"h":4.7,"l2":0},"geometry":{"type":"Polygon","coordinates":[[[135.4580646,34.8575241],[135.458056,34.8575458],[135.458036,34.8575404],[135.4580446,34.8575187],[135.4580646,34.8575241]]]}},{"type":"Feature","properties":{"mi":43094,"h":4.7,"l2":0},"geometry":{"type":"Polygon","coordinates":[[[135.4584298,34.8576473],[135.4584219,34.8576499],[135.4584154,34.8576368],[135.4584233,34.8576342],[135.4584298,34.8576473]]]}},{"type":"Feature","properties":{"mi":43095,"h":3.7,"l2":0},"geometry":{"type":"Polygon","coordinates":[[[135.4584588,34.8576985],[135.4584292,34.8577076],[135.4584107,34.8576666],[135.4584403,34.8576575],[135.4584588,34.8576985]]]}},{"type":"Feature","properties":{"mi":43107,"h":2.8,"l2":0},"geometry":{"type":"Polygon","coordinates":[[[135.4583335,34.8554898],[135.458307,34.8554899],[135.4583069,34.8554739],[135.4583334,34.8554738],[135.4583335,34.8554898]]]}},{"type":"Feature","properties":{"mi":43108,"h":4.0,"l2":0},"geometry":{"type":"Polygon","coordinates":[[[135.4583789,34.8557115],[135.4583386,34.8557119],[135.458338,34.8556701],[135.4583783,34.8556697],[135.4583789,34.8557115]]]}},{"type":"Feature","properties":{"mi":43109,"h":7.7,"l2":0},"geometry":{"type":"Polygon","coordinates":[[[135.4583242,34.8557134],[135.4582803,34.8557157],[135.4582769,34.8556718],[135.4583208,34.8556695],[135.4583242,34.8557134]]]}},{"type":"Feature","properties":{"mi":43110,"h":5.5,"l2":0},"geometry":{"type":"Polygon","coordinates":[[[135.4584021,34.8575237],[135.4583787,34.8575361],[135.4583649,34.8575186],[135.4583883,34.8575061],[135.4584021,34.8575237]]]}},{"type":"Feature","properties":{"mi":43111,"h":5.7,"l2":0},"geometry":{"type":"Polygon","coordinates":[[[135.4583607,34.8575252],[135.4583385,34.8575364],[135.4583273,34.8575211],[135.4583495,34.85751],[135.4583607,34.8575252]]]}},{"type":"Feature","properties":{"mi":43112,"h":7.0,"l2":0},"geometry":{"type":"Polygon","coordinates":[[[135.4583813,34.8575458],[135.4583465,34.8575633],[135.4583351,34.8575478],[135.4583699,34.8575303],[135.4583813,34.8575458]]]}},{"type":"Feature","properties":{"mi":43113,"h":4.0,"l2":0},"geometry":{"type":"Polygon","coordinates":[[[135.4581282,34.857755],[135.4581096,34.8577593],[135.4581033,34.8577406],[135.4581218,34.8577363],[135.4581282,34.857755]]]}},{"type":"Feature","properties":{"mi":43114,"h":3.9,"l2":0},"geometry":{"type":"Polygon","coordinates":[[[135.458165,34.8577558],[135.4581382,34.8577627],[135.4581257,34.8577297],[135.4581525,34.8577228],[135.458165,34.8577558]]]}},{"type":"Feature","properties":{"mi":44191,"h":4.0,"l2":0},"geometry":{"type":"Polygon","coordinates":[[[135.4334189,34.8664121],[135.4333545,34.8664579],[135.4332933,34.8663995],[135.4333577,34.8663536],[135.4334189,34.8664121]]]}},{"type":"Feature","properties":{"mi":44231,"h":5.5,"l2":0},"geometry":{"type":"Polygon","coordinates":[[[135.4333236,34.8646042],[135.4332908,34.8646124],[135.4332842,34.8645942],[135.4333169,34.864586],[135.4333236,34.8646042]]]}},{"type":"Feature","properties":{"mi":44251,"h":10.4,"l2":0},"geometry":{"type":"Polygon","coordinates":[[[135.4449486,34.8583316],[135.4448499,34.8585259],[135.4445695,34.8584292],[135.4446681,34.8582349],[135.4449486,34.8583316]]]}},{"type":"Feature","properties":{"mi":44959,"h":3.0,"l2":0},"geometry":{"type":"Polygon","coordinates":[[[135.4472975,34.8587012],[135.4472885,34.8587209],[135.4472566,34.8587109],[135.4472656,34.8586913],[135.4472975,34.8587012]]]}},{"type":"Feature","properties":{"mi":44960,"h":7.5,"l2":0},"geometry":{"type":"Polygon","coordinates":[[[135.4445604,34.8588167],[135.4445429,34.8588726],[135.4444202,34.8588484],[135.4443554,34.8588357],[135.4443711,34.8587815],[135.4444206,34.8587907],[135.4445604,34.8588167]]]}},{"type":"Feature","properties":{"mi":44961,"h":5.7,"l2":0},"geometry":{"type":"Polygon","coordinates":[[[135.4460653,34.8646206],[135.4460614,34.8646206],[135.4460614,34.8645482],[135.4461098,34.8645482],[135.4461098,34.8646206],[135.446108,34.8646206],[135.4460653,34.8646206]]]}},{"type":"Feature","properties":{"mi":44962,"h":2.9,"l2":0},"geometry":{"type":"Polygon","coordinates":[[[135.4481858,34.8653774],[135.448178,34.8653793],[135.4481693,34.8653747],[135.4481661,34.8653671],[135.4481716,34.86536],[135.4481807,34.8653588],[135.4481895,34.8653636],[135.4481913,34.8653703],[135.4481858,34.8653774]]]}},{"type":"Feature","properties":{"mi":44963,"h":6.9,"l2":0},"geometry":{"type":"Polygon","coordinates":[[[135.4457522,34.8603571],[135.4457465,34.8604061],[135.445668,34.8603999],[135.4456733,34.8603544],[135.4456893,34.8603556],[135.4456903,34.8603466],[135.4456957,34.860347],[135.4456971,34.8603356],[135.4456423,34.8603313],[135.4456406,34.8603453],[135.4456113,34.860343],[135.4456214,34.8602565],[135.445624,34.8602345],[135.4456327,34.8602352],[135.4456336,34.8602275],[135.4456737,34.8602307],[135.4456727,34.8602392],[135.4457572,34.860246],[135.4457652,34.8602466],[135.4457639,34.8602571],[135.4457522,34.8603571]]]}},{"type":"Feature","properties":{"mi":44964,"h":25.1,"l2":0},"geometry":{"type":"Polygon","coordinates":[[[135.4463951,34.8603573],[135.4461636,34.8603988],[135.4461525,34.8603568],[135.4461371,34.8603596],[135.4461104,34.8602587],[135.4460836,34.8601572],[135.4461005,34.8601542],[135.4460843,34.8600927],[135.4461527,34.8600805],[135.4461248,34.8599746],[135.4461893,34.8599631],[135.4461437,34.8597904],[135.4461674,34.8597861],[135.446195,34.8597812],[135.4461968,34.8597883],[135.4462012,34.8598046],[135.4462471,34.8597963],[135.4463694,34.8602599],[135.4463951,34.8603573]]]}},{"type":"Feature","properties":{"mi":44965,"h":2.3,"l2":0},"geometry":{"type":"Polygon","coordinates":[[[135.4471911,34.8631955],[135.447169,34.8631985],[135.4471617,34.863162],[135.4471838,34.863159],[135.4471911,34.8631955]]]}},{"type":"Feature","properties":{"mi":44966,"h":3.5,"l2":0},"geometry":{"type":"Polygon","coordinates":[[[135.445733,34.8590015],[135.445663,34.8590714],[135.4456349,34.8590529],[135.4456435,34.8590494],[135.4456411,34.8590455],[135.4456593,34.8590267],[135.4456684,34.8590327],[135.4457008,34.8589992],[135.4457315,34.8590004],[135.445733,34.8590015]]]}},{"type":"Feature","properties":{"mi":44967,"h":4.0,"l2":0},"geometry":{"type":"Polygon","coordinates":[[[135.4485202,34.8593345],[135.4483861,34.8593445],[135.4483788,34.8592781],[135.448513,34.8592681],[135.4485202,34.8593345]]]}},{"type":"Feature","properties":{"mi":44968,"h":4.0,"l2":0},"geometry":{"type":"Polygon","coordinates":[[[135.4460287,34.8596467],[135.4460072,34.8596786],[135.4460001,34.8596754],[135.4459983,34.8596781],[135.4459595,34.8596604],[135.4459841,34.8596237],[135.4460212,34.8596406],[135.4460198,34.8596426],[135.4460287,34.8596467]]]}},{"type":"Feature","properties":{"mi":44969,"h":3.3,"l2":0},"geometry":{"type":"Polygon","coordinates":[[[135.4474706,34.8593911],[135.4474117,34.8594072],[135.4473757,34.8592754],[135.4474594,34.8592598],[135.4474871,34.8593468],[135.4474639,34.8593535],[135.4474706,34.8593911]]]}},{"type":"Feature","properties":{"mi":44970,"h":4.0,"l2":0},"geometry":{"type":"Polygon","coordinates":[[[135.4459157,34.8596399],[135.4458931,34.8596767],[135.4458077,34.8596411],[135.4458162,34.8596272],[135.4457653,34.8596059],[135.4457794,34.859583],[135.4459157,34.8596399]]]}},{"type":"Feature","properties":{"mi":44971,"h":6.0,"l2":0},"geometry":{"type":"Polygon","coordinates":[[[135.445816,34.8647918],[135.4458151,34.8648038],[135.4458006,34.8648031],[135.4458016,34.864791],[135.445816,34.8647918]]]}},{"type":"Feature","properties":{"mi":44972,"h":4.0,"l2":0},"geometry":{"type":"Polygon","coordinates":[[[135.4449117,34.8602533],[135.4449104,34.8603006],[135.4447545,34.8602976],[135.4447558,34.8602525],[135.4447564,34.8602306],[135.4447971,34.8602313],[135.4447973,34.8602214],[135.4448662,34.8602227],[135.4448656,34.8602423],[135.444912,34.8602432],[135.4449117,34.8602533]]]}},{"type":"Feature","properties":{"mi":44973,"h":4.9,"l2":0},"geometry":{"type":"Polygon","coordinates":[[[135.4455309,34.8622137],[135.4454777,34.8622213],[135.4454548,34.8621143],[135.4455082,34.8621066],[135.4455309,34.8622137]]]}},{"type":"Feature","properties":{"mi":44974,"h":3.8,"l2":0},"geometry":{"type":"Polygon","coordinates":[[[135.4481063,34.8583781],[135.4480864,34.8583933],[135.4480531,34.8583637],[135.4480638,34.8583555],[135.44806,34.8583521],[135.4480675,34.8583463],[135.4480718,34.8583501],[135.4480734,34.8583488],[135.4481063,34.8583781]]]}},{"type":"Feature","properties":{"mi":44975,"h":5.9,"l2":0},"geometry":{"type":"Polygon","coordinates":[[[135.4453005,34.8645668],[135.4452927,34.8647066],[135.4450142,34.8646969],[135.4450239,34.8645584],[135.4453005,34.8645668]]]}},{"type":"Feature","properties":{"mi":44976,"h":6.6,"l2":0},"geometry":{"type":"Polygon","coordinates":[[[135.4463837,34.8588551],[135.4463502,34.8589539],[135.4462606,34.8589326],[135.4462897,34.8588494],[135.4463114,34.8588546],[135.4463128,34.8588506],[135.4463177,34.8588365],[135.4463223,34.8588376],[135.4463234,34.8588344],[135.446324,34.8588324],[135.4463837,34.8588551]]]}},{"type":"Feature","properties":{"mi":44977,"h":6.0,"l2":0},"geometry":{"type":"Polygon","coordinates":[[[135.445492,34.8605091],[135.4454891,34.8605375],[135.4453881,34.8605293],[135.4453909,34.8605019],[135.445492,34.8605091]]]}},{"type":"Feature","properties":{"mi":44978,"h":2.7,"l2":0},"geometry":{"type":"Polygon","coordinates":[[[135.4469706,34.8586067],[135.4469394,34.8586336],[135.4469225,34.8586203],[135.4469537,34.8585934],[135.4469706,34.8586067]]]}},{"type":"Feature","properties":{"mi":44979,"h":6.6,"l2":0},"geometry":{"type":"Polygon","coordinates":[[[135.4467403,34.8615181],[135.4466829,34.861529],[135.4466694,34.8614806],[135.4467268,34.8614697],[135.4467403,34.8615181]]]}},{"type":"Feature","properties":{"mi":44980,"h":11.4,"l2":0},"geometry":{"type":"Polygon","coordinates":[[[135.4466038,34.8619304],[135.4465534,34.8619342],[135.446531,34.8619334],[135.4465185,34.8618622],[135.4465343,34.8618578],[135.4466808,34.8618291],[135.4466908,34.8618262],[135.4466837,34.8619302],[135.4466423,34.8619285],[135.446642,34.8619329],[135.4466041,34.8619326],[135.4466038,34.8619304]]]}},{"type":"Feature","properties":{"mi":44981,"h":7.6,"l2":0},"geometry":{"type":"Polygon","coordinates":[[[135.4491601,34.8648269],[135.4491328,34.8648389],[135.4491155,34.8648179],[135.4491005,34.8648019],[135.4490876,34.8647919],[135.4490724,34.864783],[135.449059,34.8647765],[135.4490406,34.8647693],[135.4490256,34.8647651],[135.4490139,34.8647626],[135.4490026,34.864761],[135.4489941,34.86476],[135.4489848,34.8647591],[135.4489884,34.8647344],[135.4489588,34.8647355],[135.4489587,34.8647264],[135.4489674,34.8647154],[135.4489663,34.8647149],[135.4490201,34.8646465],[135.4491467,34.8647142],[135.4491305,34.8647347],[135.4491738,34.8647579],[135.4491716,34.8647607],[135.4492001,34.864776],[135.4491601,34.8648269]]]}},{"type":"Feature","properties":{"mi":44982,"h":4.0,"l2":0},"geometry":{"type":"Polygon","coordinates":[[[135.4449511,34.8592784],[135.444939,34.8592935],[135.4448786,34.8592604],[135.4448908,34.8592454],[135.4449511,34.8592784]]]}},{"type":"Feature","properties":{"mi":44983,"h":7.8,"l2":0},"geometry":{"type":"Polygon","coordinates":[[[135.4456455,34.8590852],[135.4455312,34.859132],[135.4455296,34.8591294],[135.445517,34.8591084],[135.4454793,34.8590459],[135.4454622,34.8590528],[135.4454551,34.8590402],[135.445474,34.8590322],[135.4454546,34.859],[135.4454625,34.8589968],[135.4454546,34.8589836],[135.4455135,34.8589595],[135.4455197,34.8589699],[135.445573,34.858948],[135.4455987,34.8589906],[135.4456062,34.8589876],[135.4456411,34.8590455],[135.4456435,34.8590494],[135.4456349,34.8590529],[135.4456278,34.8590558],[135.4456455,34.8590852]]]}},{"type":"Feature","properties":{"mi":44984,"h":4.0,"l2":0},"geometry":{"type":"Polygon","coordinates":[[[135.4465088,34.8617032],[135.4464749,34.8617098],[135.4464648,34.8616751],[135.4464799,34.8616721],[135.4464949,34.8616692],[135.4464988,34.8616684],[135.4465088,34.8617032]]]}},{"type":"Feature","properties":{"mi":44985,"h":2.3,"l2":0},"geometry":{"type":"Polygon","coordinates":[[[135.4475741,34.8591741],[135.4475591,34.8591757],[135.4475437,34.8590768],[135.4475586,34.8590752],[135.4475741,34.8591741]]]}},{"type":"Feature","properties":{"mi":44986,"h":4.0,"l2":0},"geometry":{"type":"Polygon","coordinates":[[[135.4450365,34.8605915],[135.4450318,34.8606725],[135.4449763,34.8606704],[135.4449809,34.8605894],[135.4450365,34.8605915]]]}},{"type":"Feature","properties":{"mi":44987,"h":3.6,"l2":0},"geometry":{"type":"Polygon","coordinates":[[[135.4457879,34.8602573],[135.445776,34.860359],[135.4457522,34.8603571],[135.4457639,34.8602571],[135.4457652,34.8602466],[135.4457572,34.860246],[135.4457589,34.8602319],[135.4457906,34.8602344],[135.4457879,34.8602573]]]}},{"type":"Feature","properties":{"mi":44988,"h":3.3,"l2":0},"geometry":{"type":"Polygon","coordinates":[[[135.445357,34.8646168],[135.4453473,34.8646968],[135.4453219,34.8646947],[135.4453261,34.8646607],[135.4453393,34.8646617],[135.4453399,34.8646564],[135.4453283,34.8646554],[135.4453332,34.8646149],[135.445357,34.8646168]]]}},{"type":"Feature","properties":{"mi":44989,"h":2.3,"l2":0},"geometry":{"type":"Polygon","coordinates":[[[135.444781,34.8600181],[135.4447808,34.8600542],[135.4447452,34.8600541],[135.4447455,34.8600179],[135.444781,34.8600181]]]}},{"type":"Feature","properties":{"mi":44990,"h":9.3,"l2":0},"geometry":{"type":"Polygon","coordinates":[[[135.4435538,34.8588157],[135.4435525,34.8588223],[135.4433957,34.8588009],[135.4434171,34.8586945],[135.4436155,34.8587217],[135.4435963,34.858817],[135.4435875,34.8588158],[135.4435866,34.8588202],[135.4435538,34.8588157]]]}},{"type":"Feature","properties":{"mi":44991,"h":6.0,"l2":0},"geometry":{"type":"Polygon","coordinates":[[[135.4469359,34.8654546],[135.446926,34.8654682],[135.4468999,34.8654553],[135.4469099,34.8654417],[135.4469359,34.8654546]]]}},{"type":"Feature","properties":{"mi":44992,"h":12.7,"l2":0},"geometry":{"type":"Polygon","coordinates":[[[135.4464617,34.8585117],[135.4463141,34.858728],[135.4460291,34.858596],[135.4461369,34.8584378],[135.4461025,34.8584218],[135.4461421,34.8583637],[135.4464617,34.8585117]]]}},{"type":"Feature","properties":{"mi":44993,"h":7.5,"l2":0},"geometry":{"type":"Polygon","coordinates":[[[135.4443925,34.8589125],[135.4443916,34.8589308],[135.4443635,34.8589298],[135.444364,34.8589212],[135.4443407,34.8589204],[135.4443443,34.8588502],[135.4443929,34.8588519],[135.4443927,34.8588574],[135.4444201,34.8588611],[135.4444236,34.8588616],[135.4444226,34.8588746],[135.4444213,34.858902],[135.4444206,34.8589135],[135.4444198,34.8589134],[135.4443925,34.8589125]]]}},{"type":"Feature","properties":{"mi":44994,"h":2.8,"l2":0},"geometry":{"type":"Polygon","coordinates":[[[135.4468812,34.859067],[135.4468631,34.859074],[135.4468594,34.8590665],[135.446877,34.8590596],[135.4468812,34.859067]]]}},{"type":"Feature","properties":{"mi":44995,"h":3.2,"l2":0},"geometry":{"type":"Polygon","coordinates":[[[135.4459707,34.8609475],[135.4459155,34.8609618],[135.4458937,34.8608967],[135.4459489,34.8608824],[135.4459707,34.8609475]]]}},{"type":"Feature","properties":{"mi":44996,"h":4.5,"l2":0},"geometry":{"type":"Polygon","coordinates":[[[135.4449256,34.8589023],[135.4449114,34.8589798],[135.4448601,34.8589735],[135.4448742,34.8588959],[135.4449256,34.8589023]]]}},{"type":"Feature","properties":{"mi":44997,"h":3.5,"l2":0},"geometry":{"type":"Polygon","coordinates":[[[135.4457445,34.859112],[135.4456959,34.8591463],[135.4456699,34.8591199],[135.4457184,34.8590855],[135.4457445,34.859112]]]}},{"type":"Feature","properties":{"mi":44998,"h":4.0,"l2":0},"geometry":{"type":"Polygon","coordinates":[[[135.4478113,34.8591145],[135.4477857,34.8591237],[135.4477599,34.8590746],[135.4477938,34.8590625],[135.447804,34.859082],[135.4477953,34.8590851],[135.447801,34.8590959],[135.4478078,34.8590934],[135.4478159,34.8591087],[135.4478094,34.8591109],[135.4478113,34.8591145]]]}},{"type":"Feature","properties":{"mi":44999,"h":6.0,"l2":0},"geometry":{"type":"Polygon","coordinates":[[[135.4473002,34.8585548],[135.4472966,34.8585627],[135.447294,34.8585619],[135.4472855,34.8585592],[135.4472812,34.8585578],[135.4472849,34.85855],[135.4473002,34.8585548]]]}},{"type":"Feature","properties":{"mi":45000,"h":4.0,"l2":0},"geometry":{"type":"Polygon","coordinates":[[[135.4470533,34.8635372],[135.4470315,34.8635393],[135.4469839,34.8635143],[135.4469852,34.8635076],[135.4470911,34.8633921],[135.4471333,34.8634137],[135.4471345,34.8634475],[135.4470533,34.8635372]]]}},{"type":"Feature","properties":{"mi":45001,"h":6.0,"l2":0},"geometry":{"type":"Polygon","coordinates":[[[135.4498775,34.8651624],[135.4498659,34.865166],[135.4498613,34.8651562],[135.449873,34.8651525],[135.4498775,34.8651624]]]}},{"type":"Feature","properties":{"mi":45002,"h":2.1,"l2":0},"geometry":{"type":"Polygon","coordinates":[[[135.447637,34.8596835],[135.4476185,34.8597167],[135.4476061,34.8597121],[135.4476246,34.8596788],[135.447637,34.8596835]]]}},{"type":"Feature","properties":{"mi":45003,"h":2.7,"l2":0},"geometry":{"type":"Polygon","coordinates":[[[135.4461131,34.8609943],[135.4460858,34.8609958],[135.4460842,34.8609767],[135.4461115,34.8609751],[135.4461131,34.8609943]]]}},{"type":"Feature","properties":{"mi":45004,"h":4.2,"l2":0},"geometry":{"type":"Polygon","coordinates":[[[135.4482785,34.8653398],[135.448251,34.865375],[135.4482501,34.8653745],[135.4482235,34.8653605],[135.4482194,34.8653583],[135.4482468,34.8653231],[135.4482527,34.8653262],[135.4482744,34.8653376],[135.4482748,34.8653378],[135.4482785,34.8653398]]]}},{"type":"Feature","properties":{"mi":45005,"h":8.9,"l2":0},"geometry":{"type":"Polygon","coordinates":[[[135.446574,34.8613632],[135.4464323,34.8613971],[135.4464201,34.8613627],[135.4464373,34.8613586],[135.4464196,34.8613084],[135.4464424,34.8613029],[135.4464107,34.8612128],[135.4464187,34.8612109],[135.4464176,34.8612078],[135.4464983,34.8611884],[135.4465001,34.8611937],[135.4465058,34.8611923],[135.4465361,34.8612784],[135.4465878,34.861266],[135.4466066,34.8613194],[135.4465665,34.861329],[135.446564,34.861322],[135.4465598,34.861323],[135.446574,34.8613632]]]}},{"type":"Feature","properties":{"mi":45006,"h":4.0,"l2":0},"geometry":{"type":"Polygon","coordinates":[[[135.4471641,34.8595685],[135.4471573,34.8595833],[135.4470218,34.859541],[135.4470345,34.8595133],[135.4471067,34.8595358],[135.4471076,34.8595338],[135.4471678,34.8595526],[135.447161,34.8595675],[135.4471641,34.8595685]]]}},{"type":"Feature","properties":{"mi":45007,"h":2.8,"l2":0},"geometry":{"type":"Polygon","coordinates":[[[135.447118,34.8600188],[135.447098,34.8600265],[135.4470893,34.8600113],[135.4471153,34.8600012],[135.4471147,34.8600001],[135.4471369,34.8599915],[135.4471478,34.8600105],[135.4471195,34.8600215],[135.447118,34.8600188]]]}},{"type":"Feature","properties":{"mi":45008,"h":6.9,"l2":0},"geometry":{"type":"Polygon","coordinates":[[[135.4455728,34.8601017],[135.4455649,34.8601784],[135.445431,34.860169],[135.4454413,34.8600696],[135.4455573,34.8600778],[135.445555,34.8601004],[135.4455728,34.8601017]]]}},{"type":"Feature","properties":{"mi":45009,"h":2.6,"l2":0},"geometry":{"type":"Polygon","coordinates":[[[135.446411,34.8603732],[135.4463955,34.8603792],[135.4463854,34.8603613],[135.4464008,34.8603554],[135.446411,34.8603732]]]}},{"type":"Feature","properties":{"mi":45010,"h":4.0,"l2":0},"geometry":{"type":"Polygon","coordinates":[[[135.445488,34.861293],[135.4454184,34.8613048],[135.4454004,34.8612326],[135.4454699,34.8612208],[135.445488,34.861293]]]}},{"type":"Feature","properties":{"mi":45011,"h":5.6,"l2":0},"geometry":{"type":"Polygon","coordinates":[[[135.4454885,34.8591866],[135.4454354,34.8591965],[135.445418,34.859133],[135.4454251,34.8591316],[135.4454172,34.8591028],[135.4454871,34.8590898],[135.4454949,34.8591185],[135.445517,34.8591084],[135.4455296,34.8591294],[135.4455264,34.8591305],[135.4455312,34.8591359],[135.4455375,34.8591429],[135.4455487,34.8591554],[135.445487,34.8591812],[135.4454885,34.8591866]]]}},{"type":"Feature","properties":{"mi":45012,"h":3.8,"l2":0},"geometry":{"type":"Polygon","coordinates":[[[135.4433714,34.8583848],[135.4433713,34.8583852],[135.4433462,34.8583813],[135.44335,34.8583648],[135.4433751,34.8583687],[135.4433736,34.8583754],[135.4433714,34.8583848]]]}},{"type":"Feature","properties":{"mi":45013,"h":6.3,"l2":0},"geometry":{"type":"Polygon","coordinates":[[[135.4484568,34.8655621],[135.4484363,34.8655884],[135.448402,34.8655703],[135.4484225,34.865544],[135.4484568,34.8655621]]]}},{"type":"Feature","properties":{"mi":45014,"h":2.9,"l2":0},"geometry":{"type":"Polygon","coordinates":[[[135.4471441,34.8593282],[135.4471167,34.8593323],[135.4470984,34.8593168],[135.4471164,34.8593023],[135.4471178,34.8593034],[135.4471239,34.8592985],[135.4471382,34.8593145],[135.4471358,34.8593164],[135.447147,34.8593258],[135.4471441,34.8593282]]]}},{"type":"Feature","properties":{"mi":45015,"h":3.5,"l2":0},"geometry":{"type":"Polygon","coordinates":[[[135.4482765,34.8623228],[135.4482763,34.86236],[135.4482257,34.8623598],[135.448226,34.8623225],[135.4482765,34.8623228]]]}},{"type":"Feature","properties":{"mi":45016,"h":4.0,"l2":0},"geometry":{"type":"Polygon","coordinates":[[[135.4469895,34.8585424],[135.4469437,34.8585483],[135.4469312,34.8584819],[135.446977,34.858476],[135.4469895,34.8585424]]]}},{"type":"Feature","properties":{"mi":45017,"h":5.0,"l2":0},"geometry":{"type":"Polygon","coordinates":[[[135.4453939,34.8600495],[135.4453867,34.8601037],[135.4452737,34.8600934],[135.4452783,34.8600586],[135.445318,34.8600622],[135.4453206,34.8600428],[135.4453939,34.8600495]]]}},{"type":"Feature","properties":{"mi":45018,"h":2.2,"l2":0},"geometry":{"type":"Polygon","coordinates":[[[135.4464955,34.864438],[135.4464488,34.8644503],[135.4464421,34.8644332],[135.4464888,34.8644209],[135.4464955,34.864438]]]}},{"type":"Feature","properties":{"mi":45019,"h":4.9,"l2":0},"geometry":{"type":"Polygon","coordinates":[[[135.4467583,34.8584518],[135.4467577,34.8584549],[135.4467266,34.8584511],[135.4467281,34.858443],[135.4467204,34.858442],[135.4467256,34.8584136],[135.4467415,34.8584156],[135.4467422,34.8584116],[135.4467595,34.8584137],[135.4467549,34.8584392],[135.4467568,34.8584394],[135.4467551,34.8584488],[135.4467546,34.8584514],[135.4467583,34.8584518]]]}},{"type":"Feature","properties":{"mi":45020,"h":2.3,"l2":0},"geometry":{"type":"Polygon","coordinates":[[[135.4468777,34.8584936],[135.4468706,34.8584937],[135.4468702,34.8584863],[135.4468774,34.8584861],[135.4468777,34.8584936]]]}},{"type":"Feature","properties":{"mi":45021,"h":2.1,"l2":0},"geometry":{"type":"Polygon","coordinates":[[[135.447087,34.8592403],[135.4470611,34.8592533],[135.4470429,34.8592289],[135.4470688,34.8592158],[135.447087,34.8592403]]]}},{"type":"Feature","properties":{"mi":45022,"h":4.3,"l2":0},"geometry":{"type":"Polygon","coordinates":[[[135.4482059,34.8653738],[135.448192,34.8653916],[135.4481817,34.8653862],[135.4481964,34.8653674],[135.4482047,34.865372],[135.4482065,34.865373],[135.4482059,34.8653738]]]}},{"type":"Feature","properties":{"mi":45023,"h":6.7,"l2":0},"geometry":{"type":"Polygon","coordinates":[[[135.4464972,34.8614796],[135.4464275,34.861496],[135.4464144,34.861458],[135.4464841,34.8614416],[135.4464972,34.8614796]]]}},{"type":"Feature","properties":{"mi":45024,"h":3.5,"l2":0},"geometry":{"type":"Polygon","coordinates":[[[135.4485174,34.8647133],[135.4484494,34.8647271],[135.4484478,34.8647217],[135.4484357,34.8647242],[135.4484333,34.864716],[135.4484461,34.8647133],[135.4484438,34.8647056],[135.448511,34.8646919],[135.4485174,34.8647133]]]}},{"type":"Feature","properties":{"mi":45025,"h":4.0,"l2":0},"geometry":{"type":"Polygon","coordinates":[[[135.4461092,34.859706],[135.4460701,34.8597134],[135.4460606,34.8596795],[135.4460631,34.8596671],[135.4460719,34.8596558],[135.4460801,34.8596514],[135.4460911,34.8596493],[135.4460909,34.8596486],[135.4461129,34.8596445],[135.4461059,34.8596191],[135.4461761,34.8596058],[135.4461763,34.8596066],[135.446181,34.8596057],[135.4461949,34.8596558],[135.4461906,34.8596566],[135.4461998,34.8596896],[135.4461593,34.8596972],[135.4461601,34.8597003],[135.4461102,34.8597097],[135.4461092,34.859706]]]}},{"type":"Feature","properties":{"mi":45026,"h":2.4,"l2":0},"geometry":{"type":"Polygon","coordinates":[[[135.4476338,34.8591178],[135.4476189,34.8591182],[135.4476185,34.8591066],[135.4476333,34.8591062],[135.4476338,34.8591178]]]}},{"type":"Feature","properties":{"mi":45027,"h":9.6,"l2":0},"geometry":{"type":"Polygon","coordinates":[[[135.4449826,34.8601399],[135.4449779,34.860213],[135.4448196,34.8602061],[135.444822,34.8601684],[135.4447308,34.8601644],[135.4447369,34.8600695],[135.4448048,34.8600725],[135.4448054,34.8600627],[135.4448238,34.8600635],[135.4448274,34.8600075],[135.4449884,34.8600145],[135.4449841,34.8600805],[135.445001,34.8600813],[135.4449971,34.8601405],[135.4449826,34.8601399]]]}},{"type":"Feature","properties":{"mi":45028,"h":3.1,"l2":0},"geometry":{"type":"Polygon","coordinates":[[[135.4481839,34.8614232],[135.4481227,34.861425],[135.4481212,34.8613889],[135.4481823,34.8613871],[135.4481839,34.8614232]]]}},{"type":"Feature","properties":{"mi":45029,"h":2.2,"l2":0},"geometry":{"type":"Polygon","coordinates":[[[135.4477377,34.8650263],[135.4477292,34.8650285],[135.4477221,34.8650236],[135.4477214,34.865016],[135.4477182,34.8650162],[135.4477128,34.8650071],[135.4477275,34.8650016],[135.4477316,34.8650083],[135.4477372,34.8650079],[135.4477453,34.8650132],[135.447744,34.8650206],[135.4477377,34.8650263]]]}},{"type":"Feature","properties":{"mi":45030,"h":11.2,"l2":0},"geometry":{"type":"Polygon","coordinates":[[[135.4466808,34.8618291],[135.4465343,34.8618578],[135.4465305,34.8618449],[135.4465147,34.861848],[135.4464961,34.8617836],[135.4465052,34.8617818],[135.4464918,34.8617353],[135.4465168,34.8617298],[135.4465088,34.8617032],[135.446621,34.8616812],[135.4466329,34.8617225],[135.4466043,34.8617281],[135.4466077,34.8617399],[135.4466186,34.8617378],[135.4466271,34.8617675],[135.4466115,34.8617706],[135.4466139,34.8617789],[135.4466422,34.8617733],[135.44665,34.8618004],[135.4466713,34.8617962],[135.4466808,34.8618291]]]}},{"type":"Feature","properties":{"mi":45031,"h":4.0,"l2":0},"geometry":{"type":"Polygon","coordinates":[[[135.4459569,34.8610125],[135.4459549,34.8610543],[135.4458811,34.8610519],[135.4458831,34.8610101],[135.4459569,34.8610125]]]}},{"type":"Feature","properties":{"mi":45032,"h":3.2,"l2":0},"geometry":{"type":"Polygon","coordinates":[[[135.4482003,34.8616324],[135.4482002,34.8616536],[135.4481479,34.8616534],[135.448148,34.8616322],[135.4482003,34.8616324]]]}},{"type":"Feature","properties":{"mi":45033,"h":6.0,"l2":0},"geometry":{"type":"Polygon","coordinates":[[[135.4480102,34.859581],[135.4479948,34.859594],[135.4479841,34.8595854],[135.4479995,34.8595724],[135.4480102,34.859581]]]}},{"type":"Feature","properties":{"mi":45034,"h":4.0,"l2":0},"geometry":{"type":"Polygon","coordinates":[[[135.4459824,34.8610876],[135.4459661,34.8610908],[135.4459576,34.8610613],[135.445969,34.8610591],[135.4459591,34.861025],[135.4460579,34.8610056],[135.4460669,34.861037],[135.4460593,34.8610385],[135.4460686,34.8610707],[135.4459824,34.8610876]]]}},{"type":"Feature","properties":{"mi":45035,"h":4.0,"l2":0},"geometry":{"type":"Polygon","coordinates":[[[135.446209,34.8597565],[135.4461033,34.8597736],[135.4460988,34.8597549],[135.4462045,34.8597378],[135.446209,34.8597565]]]}},{"type":"Feature","properties":{"mi":45036,"h":4.0,"l2":0},"geometry":{"type":"Polygon","coordinates":[[[135.4478623,34.8614657],[135.4478444,34.8614722],[135.4478051,34.8614002],[135.4478229,34.8613935],[135.4478623,34.8614657]]]}},{"type":"Feature","properties":{"mi":45037,"h":2.6,"l2":0},"geometry":{"type":"Polygon","coordinates":[[[135.4454413,34.8600346],[135.4454339,34.8600793],[135.4454093,34.8600765],[135.4454166,34.8600318],[135.4454413,34.8600346]]]}},{"type":"Feature","properties":{"mi":45038,"h":2.8,"l2":0},"geometry":{"type":"Polygon","coordinates":[[[135.4453812,34.8604053],[135.4453722,34.860467],[135.4453538,34.8604652],[135.4453628,34.8604035],[135.4453812,34.8604053]]]}},{"type":"Feature","properties":{"mi":45039,"h":4.7,"l2":0},"geometry":{"type":"Polygon","coordinates":[[[135.4463933,34.8622387],[135.4463517,34.8622743],[135.4463334,34.8622404],[135.4463367,34.8622392],[135.4463055,34.8621811],[135.4463851,34.862152],[135.446391,34.8621629],[135.4463947,34.8621615],[135.4464002,34.8621719],[135.4463965,34.8621732],[135.4463981,34.8621762],[135.4464095,34.862172],[135.4464171,34.8621862],[135.4464063,34.8621901],[135.4464108,34.8621984],[135.4463972,34.8622034],[135.4464066,34.8622209],[135.4463875,34.8622279],[135.4463933,34.8622387]]]}},{"type":"Feature","properties":{"mi":45040,"h":6.0,"l2":0},"geometry":{"type":"Polygon","coordinates":[[[135.4475265,34.8620481],[135.447522,34.8621194],[135.4474365,34.8621157],[135.447441,34.8620444],[135.4475265,34.8620481]]]}},{"type":"Feature","properties":{"mi":45041,"h":2.2,"l2":0},"geometry":{"type":"Polygon","coordinates":[[[135.4464197,34.8645188],[135.4464082,34.8645277],[135.4463939,34.8645151],[135.4464054,34.8645063],[135.4464197,34.8645188]]]}},{"type":"Feature","properties":{"mi":45042,"h":2.2,"l2":0},"geometry":{"type":"Polygon","coordinates":[[[135.4493191,34.8661186],[135.4493108,34.8661234],[135.4493029,34.8661141],[135.4493113,34.8661094],[135.4493191,34.8661186]]]}},{"type":"Feature","properties":{"mi":45043,"h":7.2,"l2":0},"geometry":{"type":"Polygon","coordinates":[[[135.4455748,34.8599966],[135.4455615,34.8600724],[135.4455166,34.860067],[135.4455214,34.8600393],[135.445419,34.8600271],[135.4454319,34.8599523],[135.4454386,34.859953],[135.4454469,34.859954],[135.4454494,34.8599401],[135.445459,34.8599413],[135.4454608,34.8599309],[135.4455008,34.8599357],[135.445499,34.8599463],[135.4455335,34.8599504],[135.4455372,34.859929],[135.4455378,34.859929],[135.4455385,34.8599248],[135.4455798,34.8599297],[135.4455682,34.8599958],[135.4455748,34.8599966]]]}},{"type":"Feature","properties":{"mi":45044,"h":2.6,"l2":0},"geometry":{"type":"Polygon","coordinates":[[[135.4463965,34.8621439],[135.4463641,34.8621497],[135.4463598,34.8621335],[135.4463922,34.8621277],[135.4463965,34.8621439]]]}},{"type":"Feature","properties":{"mi":45045,"h":2.4,"l2":0},"geometry":{"type":"Polygon","coordinates":[[[135.4447986,34.8654958],[135.4447859,34.8654985],[135.4447816,34.8654848],[135.4447944,34.8654822],[135.4447986,34.8654958]]]}},{"type":"Feature","properties":{"mi":45046,"h":4.0,"l2":0},"geometry":{"type":"Polygon","coordinates":[[[135.4464372,34.8620772],[135.4462743,34.8621134],[135.4462506,34.862041],[135.4464134,34.8620048],[135.4464372,34.8620772]]]}},{"type":"Feature","properties":{"mi":45047,"h":4.0,"l2":0},"geometry":{"type":"Polygon","coordinates":[[[135.4457904,34.8591776],[135.4457356,34.8592055],[135.4457012,34.8591598],[135.4457562,34.8591318],[135.4457904,34.8591776]]]}},{"type":"Feature","properties":{"mi":45048,"h":3.1,"l2":0},"geometry":{"type":"Polygon","coordinates":[[[135.4481789,34.8614791],[135.448117,34.8614823],[135.4481155,34.861463],[135.4481774,34.8614598],[135.4481789,34.8614791]]]}},{"type":"Feature","properties":{"mi":45049,"h":4.0,"l2":0},"geometry":{"type":"Polygon","coordinates":[[[135.4456322,34.8595055],[135.4456185,34.8595227],[135.4455713,34.859497],[135.445585,34.8594798],[135.4456322,34.8595055]]]}},{"type":"Feature","properties":{"mi":45050,"h":2.3,"l2":0},"geometry":{"type":"Polygon","coordinates":[[[135.4476197,34.862524],[135.4476167,34.8625656],[135.4475334,34.8625615],[135.4475364,34.8625199],[135.4476197,34.862524]]]}},{"type":"Feature","properties":{"mi":45051,"h":10.7,"l2":0},"geometry":{"type":"Polygon","coordinates":[[[135.446621,34.8616812],[135.4465088,34.8617032],[135.4464988,34.8616684],[135.4464949,34.8616692],[135.4464799,34.8616721],[135.4464693,34.8616352],[135.446487,34.8616318],[135.4464789,34.8616037],[135.4466273,34.8615746],[135.4466248,34.8615658],[135.4466411,34.8615626],[135.4466255,34.8615248],[135.4466721,34.8615107],[135.4466903,34.8615531],[135.4467202,34.8616617],[135.446621,34.8616812]]]}},{"type":"Feature","properties":{"mi":45052,"h":5.6,"l2":0},"geometry":{"type":"Polygon","coordinates":[[[135.4452128,34.8592019],[135.4451574,34.8592463],[135.4450734,34.8591751],[135.445129,34.8591306],[135.4452128,34.8592019]]]}},{"type":"Feature","properties":{"mi":45053,"h":12.6,"l2":0},"geometry":{"type":"Polygon","coordinates":[[[135.4455429,34.8606361],[135.4455001,34.8608998],[135.4453196,34.8608798],[135.4453623,34.8606162],[135.4455429,34.8606361]]]}},{"type":"Feature","properties":{"mi":45054,"h":19.0,"l2":0},"geometry":{"type":"Polygon","coordinates":[[[135.446675,34.8622149],[135.4466044,34.8622249],[135.4465484,34.8620094],[135.4466225,34.8619988],[135.4466603,34.8620846],[135.4466789,34.862088],[135.44669,34.8621411],[135.4466603,34.8621453],[135.446675,34.8622149]]]}},{"type":"Feature","properties":{"mi":45055,"h":4.0,"l2":0},"geometry":{"type":"Polygon","coordinates":[[[135.4466203,34.8614962],[135.4464381,34.8615391],[135.4464343,34.8615281],[135.4464248,34.8615304],[135.4464153,34.8615028],[135.4464288,34.8614996],[135.4464275,34.861496],[135.4464972,34.8614796],[135.4464841,34.8614416],[135.4464826,34.8614374],[135.4466017,34.8614094],[135.4466159,34.8614507],[135.446602,34.8614539],[135.4466047,34.8614616],[135.4466425,34.8614527],[135.4466547,34.8614881],[135.4466208,34.8614961],[135.4466203,34.8614962]]]}},{"type":"Feature","properties":{"mi":45056,"h":7.3,"l2":0},"geometry":{"type":"Polygon","coordinates":[[[135.4459949,34.8598286],[135.4459739,34.8598379],[135.4459368,34.8597867],[135.4459461,34.8597733],[135.4459436,34.8597721],[135.4459537,34.8597577],[135.4458817,34.8597237],[135.4459209,34.8596673],[135.4459851,34.8596976],[135.4459981,34.8596789],[135.4460626,34.8597093],[135.4460505,34.8597267],[135.4460644,34.8597332],[135.4460145,34.8598052],[135.446012,34.859804],[135.4459949,34.8598286]]]}},{"type":"Feature","properties":{"mi":45057,"h":3.1,"l2":0},"geometry":{"type":"Polygon","coordinates":[[[135.4482823,34.8653281],[135.4482748,34.8653378],[135.4482744,34.8653376],[135.4482527,34.8653262],[135.4482603,34.8653165],[135.4482823,34.8653281]]]}},{"type":"Feature","properties":{"mi":45058,"h":4.0,"l2":0},"geometry":{"type":"Polygon","coordinates":[[[135.4438712,34.8586965],[135.4437507,34.8587096],[135.4437461,34.8586805],[135.4438666,34.8586674],[135.4438712,34.8586965]]]}},{"type":"Feature","properties":{"mi":45059,"h":4.3,"l2":0},"geometry":{"type":"Polygon","coordinates":[[[135.4456575,34.8604346],[135.4456548,34.8604584],[135.4455964,34.8604538],[135.4455991,34.86043],[135.4456575,34.8604346]]]}},{"type":"Feature","properties":{"mi":45060,"h":16.5,"l2":0},"geometry":{"type":"Polygon","coordinates":[[[135.4434832,34.8583925],[135.4434611,34.8584889],[135.4433526,34.858472],[135.4433547,34.8584626],[135.4433273,34.8584583],[135.4433338,34.8584302],[135.4433346,34.8584266],[135.4433609,34.8584307],[135.4433713,34.8583852],[135.4433714,34.8583848],[135.4433736,34.8583754],[135.4434832,34.8583925]]]}},{"type":"Feature","properties":{"mi":45061,"h":5.8,"l2":0},"geometry":{"type":"Polygon","coordinates":[[[135.4435839,34.8586762],[135.443577,34.8587085],[135.4435081,34.8586985],[135.4435151,34.8586661],[135.4435839,34.8586762]]]}},{"type":"Feature","properties":{"mi":45062,"h":5.1,"l2":0},"geometry":{"type":"Polygon","coordinates":[[[135.4455059,34.859709],[135.4454948,34.8598206],[135.44538,34.8598146],[135.4453876,34.8597384],[135.4453675,34.8597353],[135.445371,34.8596999],[135.4455059,34.859709]]]}},{"type":"Feature","properties":{"mi":45063,"h":5.7,"l2":0},"geometry":{"type":"Polygon","coordinates":[[[135.4446415,34.8589969],[135.4446278,34.8590484],[135.4445684,34.8590376],[135.4445825,34.8589849],[135.4445963,34.8589874],[135.444598,34.8589809],[135.4446222,34.8589853],[135.4446201,34.858993],[135.4446415,34.8589969]]]}},{"type":"Feature","properties":{"mi":45064,"h":7.6,"l2":0},"geometry":{"type":"Polygon","coordinates":[[[135.4460291,34.864519],[135.4460284,34.8646248],[135.4457763,34.8646237],[135.445777,34.8645179],[135.4460291,34.864519]]]}},{"type":"Feature","properties":{"mi":45065,"h":3.7,"l2":0},"geometry":{"type":"Polygon","coordinates":[[[135.4452767,34.8656638],[135.4452767,34.8656648],[135.4452396,34.8656636],[135.4452319,34.8656634],[135.4452341,34.8656179],[135.4452801,34.8656193],[135.4452798,34.8656258],[135.4452838,34.8656259],[135.4452826,34.8656519],[135.4452773,34.8656517],[135.4452767,34.8656638]]]}},{"type":"Feature","properties":{"mi":45066,"h":2.3,"l2":0},"geometry":{"type":"Polygon","coordinates":[[[135.4476089,34.8626074],[135.4476079,34.862627],[135.4475627,34.8626253],[135.4475633,34.862613],[135.4475637,34.8626058],[135.4476089,34.8626074]]]}},{"type":"Feature","properties":{"mi":45067,"h":3.0,"l2":0},"geometry":{"type":"Polygon","coordinates":[[[135.4486064,34.8653367],[135.448586,34.8653645],[135.4485718,34.8653574],[135.4485922,34.8653296],[135.4486064,34.8653367]]]}},{"type":"Feature","properties":{"mi":45068,"h":8.1,"l2":0},"geometry":{"type":"Polygon","coordinates":[[[135.4458833,34.8591154],[135.445824,34.8591454],[135.4457544,34.8590517],[135.4457693,34.8590441],[135.4457653,34.8590387],[135.4458501,34.8589959],[135.4458538,34.8590009],[135.4458655,34.858995],[135.4458891,34.8590268],[135.4458831,34.8590299],[135.4459117,34.8590684],[135.4459054,34.8590716],[135.4459202,34.8590914],[135.4458804,34.8591115],[135.4458833,34.8591154]]]}},{"type":"Feature","properties":{"mi":45069,"h":2.5,"l2":0},"geometry":{"type":"Polygon","coordinates":[[[135.4463177,34.8588365],[135.4463128,34.8588506],[135.4462441,34.858824],[135.4462537,34.8588072],[135.4463234,34.8588344],[135.4463223,34.8588376],[135.4463177,34.8588365]]]}},{"type":"Feature","properties":{"mi":45070,"h":3.6,"l2":0},"geometry":{"type":"Polygon","coordinates":[[[135.4457649,34.8589797],[135.4457418,34.8589813],[135.4457401,34.8589654],[135.4457633,34.8589638],[135.4457649,34.8589797]]]}},{"type":"Feature","properties":{"mi":45071,"h":5.0,"l2":0},"geometry":{"type":"Polygon","coordinates":[[[135.4488023,34.8656798],[135.4487909,34.8656949],[135.448762,34.8656796],[135.4487493,34.8656729],[135.4485846,34.8655859],[135.4485885,34.865581],[135.4485821,34.8655776],[135.4485987,34.8655564],[135.4486062,34.8655604],[135.4486458,34.8655095],[135.4487425,34.8655606],[135.4487388,34.8655653],[135.44875,34.8655711],[135.4488449,34.8656234],[135.4488023,34.8656798]]]}},{"type":"Feature","properties":{"mi":45072,"h":4.6,"l2":0},"geometry":{"type":"Polygon","coordinates":[[[135.4468142,34.8584782],[135.4468046,34.8585326],[135.4467695,34.8585275],[135.4467534,34.8585091],[135.4467623,34.8584585],[135.4468165,34.858465],[135.4468148,34.8584744],[135.4468142,34.8584782]]]}},{"type":"Feature","properties":{"mi":45073,"h":3.3,"l2":0},"geometry":{"type":"Polygon","coordinates":[[[135.44819,34.8615271],[135.4481361,34.8615278],[135.4481363,34.8614898],[135.4481873,34.8614887],[135.44819,34.8615271]]]}},{"type":"Feature","properties":{"mi":45074,"h":11.4,"l2":0},"geometry":{"type":"Polygon","coordinates":[[[135.4447266,34.8609349],[135.4447237,34.8609632],[135.444492,34.8609383],[135.444508,34.8608372],[135.4445395,34.8608404],[135.444531,34.860912],[135.4447266,34.8609349]]]}},{"type":"Feature","properties":{"mi":45075,"h":5.8,"l2":0},"geometry":{"type":"Polygon","coordinates":[[[135.4460976,34.8590327],[135.4460966,34.8590415],[135.4460466,34.8590377],[135.4460501,34.8590065],[135.4460531,34.8590067],[135.4460549,34.8589907],[135.4460897,34.8589934],[135.446088,34.8590086],[135.4460899,34.8590088],[135.4461001,34.8590096],[135.4460976,34.8590327]]]}},{"type":"Feature","properties":{"mi":45076,"h":4.0,"l2":0},"geometry":{"type":"Polygon","coordinates":[[[135.445072,34.86035],[135.4450696,34.8603926],[135.4449645,34.8603888],[135.4449667,34.8603461],[135.445072,34.86035]]]}},{"type":"Feature","properties":{"mi":45077,"h":14.9,"l2":0},"geometry":{"type":"Polygon","coordinates":[[[135.4444887,34.8606977],[135.4444802,34.8607545],[135.4444074,34.8607471],[135.444331,34.8607393],[135.4443516,34.860601],[135.4444084,34.8606067],[135.4445008,34.8606161],[135.4444932,34.8606675],[135.4444887,34.8606977]]]}},{"type":"Feature","properties":{"mi":45078,"h":2.9,"l2":0},"geometry":{"type":"Polygon","coordinates":[[[135.4481705,34.8653785],[135.4481602,34.8653912],[135.448143,34.8653817],[135.4481533,34.8653691],[135.4481705,34.8653785]]]}},{"type":"Feature","properties":{"mi":45079,"h":2.9,"l2":0},"geometry":{"type":"Polygon","coordinates":[[[135.4476433,34.8617127],[135.4476421,34.861733],[135.4474324,34.8617247],[135.4474336,34.8617044],[135.4476433,34.8617127]]]}},{"type":"Feature","properties":{"mi":45080,"h":4.3,"l2":0},"geometry":{"type":"Polygon","coordinates":[[[135.4453514,34.8592106],[135.4453011,34.8592484],[135.4452628,34.8592137],[135.4453132,34.8591759],[135.4453514,34.8592106]]]}},{"type":"Feature","properties":{"mi":45081,"h":6.0,"l2":0},"geometry":{"type":"Polygon","coordinates":[[[135.4477562,34.8600925],[135.4477482,34.8601087],[135.4477347,34.8601041],[135.4477427,34.8600879],[135.4477562,34.8600925]]]}},{"type":"Feature","properties":{"mi":45082,"h":3.2,"l2":0},"geometry":{"type":"Polygon","coordinates":[[[135.448082,34.8602963],[135.4480585,34.8603127],[135.4480422,34.8602969],[135.4480657,34.8602804],[135.448082,34.8602963]]]}},{"type":"Feature","properties":{"mi":45083,"h":3.1,"l2":0},"geometry":{"type":"Polygon","coordinates":[[[135.4463171,34.8606691],[135.446289,34.8606813],[135.4462692,34.860648],[135.4462973,34.8606358],[135.4463171,34.8606691]]]}},{"type":"Feature","properties":{"mi":45084,"h":3.8,"l2":0},"geometry":{"type":"Polygon","coordinates":[[[135.4479102,34.8610955],[135.4478546,34.8611189],[135.4478352,34.8610874],[135.4478918,34.8610635],[135.4479102,34.8610955]]]}},{"type":"Feature","properties":{"mi":45085,"h":5.3,"l2":0},"geometry":{"type":"Polygon","coordinates":[[[135.4460936,34.8612325],[135.4460208,34.8612468],[135.4460075,34.8612005],[135.4460184,34.8611984],[135.4460153,34.8611874],[135.4459974,34.8611909],[135.445999,34.8611964],[135.4459756,34.861201],[135.4459652,34.8611947],[135.4459616,34.8611827],[135.445957,34.8611836],[135.4459511,34.8611631],[135.4459456,34.8611442],[135.4459615,34.8611411],[135.4459533,34.8611126],[135.445951,34.8611046],[135.4459854,34.8610979],[135.4459824,34.8610876],[135.4460686,34.8610707],[135.4460707,34.8610703],[135.4460804,34.8610684],[135.4460889,34.8610978],[135.4461042,34.8610948],[135.4461115,34.8611201],[135.4461183,34.8611187],[135.446131,34.8611628],[135.4461561,34.8611578],[135.4461667,34.8611947],[135.4461822,34.8611917],[135.4461899,34.8612184],[135.446174,34.8612215],[135.4461711,34.8612113],[135.4461431,34.8612168],[135.4461468,34.8612297],[135.4460956,34.8612397],[135.4460936,34.8612325]]]}},{"type":"Feature","properties":{"mi":45086,"h":16.6,"l2":0},"geometry":{"type":"Polygon","coordinates":[[[135.4459229,34.8611707],[135.4458872,34.8611777],[135.4458591,34.8610806],[135.4458849,34.8610755],[135.4459124,34.8610701],[135.4459576,34.8610613],[135.4459661,34.8610908],[135.4459824,34.8610876],[135.4459854,34.8610979],[135.445951,34.8611046],[135.4459533,34.8611126],[135.445941,34.861115],[135.4459468,34.861135],[135.4459431,34.8611358],[135.4459456,34.8611442],[135.4459511,34.8611631],[135.4459223,34.8611688],[135.4459229,34.8611707]]]}},{"type":"Feature","properties":{"mi":45087,"h":4.0,"l2":0},"geometry":{"type":"Polygon","coordinates":[[[135.4453739,34.8616699],[135.445365,34.8616719],[135.4453549,34.8616411],[135.4453491,34.8616424],[135.4453381,34.8616091],[135.4453298,34.8616109],[135.4453219,34.8615866],[135.4453473,34.8615809],[135.4453661,34.8616382],[135.4453637,34.8616387],[135.4453739,34.8616699]]]}},{"type":"Feature","properties":{"mi":45088,"h":4.6,"l2":0},"geometry":{"type":"Polygon","coordinates":[[[135.44764,34.8616706],[135.4476403,34.8616925],[135.4475468,34.8616854],[135.4475438,34.8615714],[135.4475671,34.8615711],[135.4475687,34.8616714],[135.44764,34.8616706]]]}},{"type":"Feature","properties":{"mi":45089,"h":2.4,"l2":0},"geometry":{"type":"Polygon","coordinates":[[[135.4463594,34.8621448],[135.4463422,34.8621482],[135.4463395,34.8621387],[135.4463567,34.8621354],[135.4463594,34.8621448]]]}},{"type":"Feature","properties":{"mi":45090,"h":6.0,"l2":0},"geometry":{"type":"Polygon","coordinates":[[[135.4463863,34.8603874],[135.4463571,34.8603922],[135.4463534,34.8603768],[135.4463825,34.8603719],[135.4463863,34.8603874]]]}},{"type":"Feature","properties":{"mi":45091,"h":6.0,"l2":0},"geometry":{"type":"Polygon","coordinates":[[[135.4473078,34.8586878],[135.4473042,34.8586965],[135.4472944,34.8586938],[135.447298,34.858685],[135.4473078,34.8586878]]]}},{"type":"Feature","properties":{"mi":45092,"h":4.0,"l2":0},"geometry":{"type":"Polygon","coordinates":[[[135.4464125,34.8603054],[135.4463986,34.860311],[135.4463714,34.8602649],[135.4463836,34.86026],[135.4463853,34.8602593],[135.4463857,34.86026],[135.4464125,34.8603054]]]}},{"type":"Feature","properties":{"mi":45093,"h":4.0,"l2":0},"geometry":{"type":"Polygon","coordinates":[[[135.4447038,34.8602523],[135.4446998,34.8603112],[135.4446012,34.8603066],[135.444605,34.8602519],[135.4446067,34.8602271],[135.4447052,34.8602317],[135.4447038,34.8602523]]]}},{"type":"Feature","properties":{"mi":45094,"h":4.0,"l2":0},"geometry":{"type":"Polygon","coordinates":[[[135.4478847,34.861048],[135.4478229,34.8610707],[135.4478115,34.861055],[135.4478347,34.8610466],[135.447875,34.8610311],[135.4478847,34.861048]]]}},{"type":"Feature","properties":{"mi":45095,"h":3.0,"l2":0},"geometry":{"type":"Polygon","coordinates":[[[135.4470644,34.8586839],[135.4470352,34.8586845],[135.4470343,34.8586531],[135.4470634,34.8586526],[135.4470644,34.8586839]]]}},{"type":"Feature","properties":{"mi":45096,"h":2.1,"l2":0},"geometry":{"type":"Polygon","coordinates":[[[135.4471497,34.8591219],[135.4471174,34.8591393],[135.4470818,34.8590945],[135.4471141,34.859077],[135.4471497,34.8591219]]]}},{"type":"Feature","properties":{"mi":45097,"h":10.7,"l2":0},"geometry":{"type":"Polygon","coordinates":[[[135.4446017,34.8605522],[135.4445584,34.8608423],[135.4445395,34.8608404],[135.444508,34.8608372],[135.4444754,34.8608339],[135.4444956,34.8606984],[135.4444887,34.8606977],[135.4444932,34.8606675],[135.4444997,34.8606682],[135.4445183,34.8605437],[135.4445728,34.8605492],[135.4446017,34.8605522]]]}},{"type":"Feature","properties":{"mi":45098,"h":3.2,"l2":0},"geometry":{"type":"Polygon","coordinates":[[[135.4481748,34.8613735],[135.4481214,34.861375],[135.4481204,34.8613363],[135.4481724,34.8613358],[135.4481748,34.8613735]]]}},{"type":"Feature","properties":{"mi":45099,"h":2.9,"l2":0},"geometry":{"type":"Polygon","coordinates":[[[135.4461437,34.8597904],[135.4461138,34.8597953],[135.4461107,34.8597822],[135.4461636,34.8597729],[135.4461674,34.8597861],[135.4461437,34.8597904]]]}},{"type":"Feature","properties":{"mi":45100,"h":3.4,"l2":0},"geometry":{"type":"Polygon","coordinates":[[[135.4456002,34.8591229],[135.4455494,34.8591562],[135.4455487,34.8591554],[135.4455375,34.8591429],[135.4455312,34.8591359],[135.4455545,34.8591248],[135.445558,34.8591287],[135.4455887,34.8591101],[135.4456002,34.8591229]]]}},{"type":"Feature","properties":{"mi":45101,"h":10.1,"l2":0},"geometry":{"type":"Polygon","coordinates":[[[135.4472606,34.8586374],[135.4472513,34.8586574],[135.4472077,34.8586435],[135.4472039,34.8586516],[135.4471586,34.8586372],[135.4471658,34.8586218],[135.447098,34.8586003],[135.4471208,34.8585513],[135.4471404,34.8585575],[135.4471537,34.858529],[135.4471648,34.8585325],[135.4471862,34.8584864],[135.4472506,34.8585068],[135.4472339,34.8585428],[135.4472812,34.8585578],[135.4472855,34.8585592],[135.447294,34.8585619],[135.4472864,34.8585781],[135.4472717,34.8585734],[135.4472549,34.8586095],[135.4472712,34.8586147],[135.4472687,34.8586202],[135.4472733,34.8586217],[135.4472653,34.8586389],[135.4472606,34.8586374]]]}},{"type":"Feature","properties":{"mi":45102,"h":6.9,"l2":0},"geometry":{"type":"Polygon","coordinates":[[[135.4433725,34.8586626],[135.443369,34.8587655],[135.4432889,34.8587636],[135.4432923,34.8586607],[135.4433725,34.8586626]]]}},{"type":"Feature","properties":{"mi":45103,"h":2.0,"l2":0},"geometry":{"type":"Polygon","coordinates":[[[135.4462917,34.8605925],[135.4462343,34.8606034],[135.4462286,34.8605829],[135.446286,34.8605721],[135.4462917,34.8605925]]]}},{"type":"Feature","properties":{"mi":45104,"h":3.2,"l2":0},"geometry":{"type":"Polygon","coordinates":[[[135.4476378,34.8624894],[135.4476337,34.8625128],[135.447537,34.8625059],[135.4475412,34.8624826],[135.4476378,34.8624894]]]}},{"type":"Feature","properties":{"mi":45105,"h":2.9,"l2":0},"geometry":{"type":"Polygon","coordinates":[[[135.4468537,34.8584571],[135.4468517,34.8584682],[135.4468317,34.8584657],[135.4468337,34.8584545],[135.4468259,34.8584536],[135.4468292,34.8584353],[135.4468522,34.8584382],[135.4468574,34.8584576],[135.4468537,34.8584571]]]}},{"type":"Feature","properties":{"mi":45106,"h":4.0,"l2":0},"geometry":{"type":"Polygon","coordinates":[[[135.4446168,34.8604506],[135.4446017,34.8605522],[135.4445728,34.8605492],[135.4445877,34.8604495],[135.4446168,34.8604506]]]}},{"type":"Feature","properties":{"mi":45107,"h":8.6,"l2":0},"geometry":{"type":"Polygon","coordinates":[[[135.4465895,34.8606438],[135.446338,34.8606897],[135.446319,34.8606188],[135.446361,34.8606111],[135.4463305,34.8604975],[135.4463253,34.8604984],[135.4463176,34.8604697],[135.446301,34.8604076],[135.4463659,34.8603958],[135.4463833,34.8604607],[135.4464292,34.8604523],[135.4464333,34.8604675],[135.4464821,34.8604586],[135.4464904,34.8604894],[135.4465453,34.8604793],[135.4465895,34.8606438]]]}},{"type":"Feature","properties":{"mi":45108,"h":6.0,"l2":0},"geometry":{"type":"Polygon","coordinates":[[[135.4479559,34.8611733],[135.4479025,34.8611921],[135.4478922,34.8611723],[135.4479447,34.8611538],[135.4479559,34.8611733]]]}},{"type":"Feature","properties":{"mi":45109,"h":6.5,"l2":0},"geometry":{"type":"Polygon","coordinates":[[[135.4454085,34.8599795],[135.4454061,34.8599954],[135.4453415,34.8599889],[135.4453421,34.8599848],[135.4452819,34.8599787],[135.4452833,34.8599693],[135.4452652,34.8599674],[135.4452724,34.8599191],[135.445254,34.8599172],[135.4452593,34.8598812],[135.4452773,34.8598831],[135.4452792,34.8598706],[135.4453646,34.8598793],[135.4453659,34.8598702],[135.445447,34.8598784],[135.4454442,34.8598967],[135.4454582,34.8598981],[135.4454528,34.8599344],[135.4454415,34.8599332],[135.4454386,34.859953],[135.4454319,34.8599523],[135.4454169,34.8599507],[135.4454125,34.8599799],[135.4454085,34.8599795]]]}},{"type":"Feature","properties":{"mi":45110,"h":6.0,"l2":0},"geometry":{"type":"Polygon","coordinates":[[[135.4459124,34.8610701],[135.4458849,34.8610755],[135.4458832,34.8610575],[135.445911,34.8610557],[135.4459124,34.8610701]]]}},{"type":"Feature","properties":{"mi":45111,"h":6.3,"l2":0},"geometry":{"type":"Polygon","coordinates":[[[135.444141,34.8586916],[135.4441399,34.8587049],[135.4440208,34.8586986],[135.4440252,34.8586425],[135.4441353,34.8586483],[135.4441361,34.8586389],[135.4441705,34.8586408],[135.44417,34.8586466],[135.4441864,34.8586474],[135.4441828,34.8586938],[135.444141,34.8586916]]]}},{"type":"Feature","properties":{"mi":45112,"h":7.6,"l2":0},"geometry":{"type":"Polygon","coordinates":[[[135.4478472,34.8595449],[135.4477468,34.8595785],[135.4477211,34.8595267],[135.4477457,34.8595184],[135.4477341,34.859495],[135.4478198,34.8594663],[135.4478421,34.8595113],[135.4478323,34.8595145],[135.4478472,34.8595449]]]}},{"type":"Feature","properties":{"mi":45113,"h":4.2,"l2":0},"geometry":{"type":"Polygon","coordinates":[[[135.446447,34.8644515],[135.4464314,34.8644551],[135.4464257,34.8644385],[135.4464413,34.8644349],[135.446447,34.8644515]]]}},{"type":"Feature","properties":{"mi":45114,"h":5.3,"l2":0},"geometry":{"type":"Polygon","coordinates":[[[135.446332,34.8629094],[135.4463063,34.8629184],[135.446282,34.8628708],[135.4463078,34.8628619],[135.446332,34.8629094]]]}},{"type":"Feature","properties":{"mi":45115,"h":6.0,"l2":0},"geometry":{"type":"Polygon","coordinates":[[[135.4448693,34.8597938],[135.4448669,34.8598118],[135.4448584,34.859811],[135.4448607,34.8597931],[135.4448693,34.8597938]]]}},{"type":"Feature","properties":{"mi":45116,"h":4.0,"l2":0},"geometry":{"type":"Polygon","coordinates":[[[135.4464646,34.8631703],[135.4464447,34.8631752],[135.4464412,34.8631655],[135.4464262,34.8631691],[135.4464088,34.8631206],[135.4464578,34.8631086],[135.4464754,34.8631577],[135.4464613,34.863161],[135.4464646,34.8631703]]]}},{"type":"Feature","properties":{"mi":45117,"h":19.0,"l2":0},"geometry":{"type":"Polygon","coordinates":[[[135.4435474,34.8584668],[135.4435395,34.8585011],[135.4434611,34.8584889],[135.4434832,34.8583925],[135.4435902,34.8584091],[135.4435759,34.8584712],[135.4435474,34.8584668]]]}},{"type":"Feature","properties":{"mi":45118,"h":4.0,"l2":0},"geometry":{"type":"Polygon","coordinates":[[[135.4470231,34.8591863],[135.4469868,34.8592],[135.4469764,34.8591813],[135.446954,34.8591897],[135.4468978,34.8590886],[135.4469571,34.8590677],[135.4470231,34.8591863]]]}},{"type":"Feature","properties":{"mi":45119,"h":3.3,"l2":0},"geometry":{"type":"Polygon","coordinates":[[[135.4452996,34.8623512],[135.4452623,34.8623548],[135.4452577,34.8623219],[135.4452949,34.8623183],[135.4452996,34.8623512]]]}},{"type":"Feature","properties":{"mi":45120,"h":5.3,"l2":0},"geometry":{"type":"Polygon","coordinates":[[[135.4464037,34.8610017],[135.446373,34.8610077],[135.4463687,34.8609927],[135.4463612,34.8609942],[135.4463553,34.8609735],[135.4463935,34.8609661],[135.4464037,34.8610017]]]}},{"type":"Feature","properties":{"mi":45121,"h":4.4,"l2":0},"geometry":{"type":"Polygon","coordinates":[[[135.4490325,34.8648868],[135.4490225,34.8648887],[135.4490088,34.8648882],[135.4489984,34.8648859],[135.4489874,34.8648801],[135.448981,34.8648746],[135.4489753,34.8648666],[135.4489717,34.8648581],[135.4489714,34.8648467],[135.4489725,34.8648334],[135.4489765,34.8648219],[135.4489849,34.8648086],[135.4489964,34.8647972],[135.4490122,34.8647866],[135.4490246,34.8647815],[135.449036,34.8647784],[135.4490498,34.8647773],[135.4490587,34.864779],[135.4490723,34.8647857],[135.4490817,34.8647929],[135.4490862,34.8647999],[135.4490907,34.8648098],[135.449092,34.8648197],[135.4490905,34.8648323],[135.4490862,34.8648457],[135.4490793,34.8648567],[135.4490677,34.8648698],[135.4490567,34.8648773],[135.4490443,34.8648835],[135.4490325,34.8648868]]]}},{"type":"Feature","properties":{"mi":45122,"h":2.8,"l2":0},"geometry":{"type":"Polygon","coordinates":[[[135.4464894,34.8584118],[135.4464878,34.8584445],[135.4464742,34.8584441],[135.4464757,34.8584114],[135.4464894,34.8584118]]]}},{"type":"Feature","properties":{"mi":45123,"h":2.9,"l2":0},"geometry":{"type":"Polygon","coordinates":[[[135.4459615,34.8611411],[135.4459456,34.8611442],[135.4459431,34.8611358],[135.4459468,34.861135],[135.445941,34.861115],[135.4459533,34.8611126],[135.4459615,34.8611411]]]}},{"type":"Feature","properties":{"mi":45124,"h":3.1,"l2":0},"geometry":{"type":"Polygon","coordinates":[[[135.4459169,34.8607884],[135.4459098,34.8607953],[135.4458926,34.8607834],[135.4459283,34.8607484],[135.4459479,34.860762],[135.4459468,34.8607631],[135.4459478,34.8607638],[135.4459203,34.8607907],[135.4459169,34.8607884]]]}},{"type":"Feature","properties":{"mi":45125,"h":3.8,"l2":0},"geometry":{"type":"Polygon","coordinates":[[[135.4455221,34.8602116],[135.4455195,34.8602305],[135.445485,34.8602273],[135.4454876,34.8602085],[135.4455221,34.8602116]]]}},{"type":"Feature","properties":{"mi":45126,"h":4.0,"l2":0},"geometry":{"type":"Polygon","coordinates":[[[135.4468323,34.8587597],[135.4468283,34.8587807],[135.4468135,34.8587788],[135.4468145,34.8587731],[135.446812,34.8587728],[135.4468127,34.858769],[135.446808,34.8587684],[135.4467737,34.858764],[135.4467716,34.8587751],[135.4467687,34.8587747],[135.4467042,34.8587663],[135.4467085,34.8587436],[135.4468323,34.8587597]]]}},{"type":"Feature","properties":{"mi":45127,"h":9.1,"l2":0},"geometry":{"type":"Polygon","coordinates":[[[135.4451365,34.8590715],[135.4450445,34.8591496],[135.4449714,34.8590913],[135.4449599,34.859101],[135.444926,34.859074],[135.4450295,34.858986],[135.4451365,34.8590715]]]}},{"type":"Feature","properties":{"mi":45128,"h":3.7,"l2":0},"geometry":{"type":"Polygon","coordinates":[[[135.4458628,34.8647595],[135.4457644,34.8647632],[135.4457606,34.8646959],[135.445859,34.8646921],[135.4458628,34.8647595]]]}},{"type":"Feature","properties":{"mi":45129,"h":3.5,"l2":0},"geometry":{"type":"Polygon","coordinates":[[[135.4452746,34.8654336],[135.4452314,34.865436],[135.4452286,34.8654019],[135.4452718,34.8653995],[135.4452746,34.8654336]]]}},{"type":"Feature","properties":{"mi":45130,"h":5.5,"l2":0},"geometry":{"type":"Polygon","coordinates":[[[135.4475322,34.861574],[135.4475329,34.8616539],[135.4474574,34.8616491],[135.4474574,34.8615736],[135.4475322,34.861574]]]}},{"type":"Feature","properties":{"mi":45131,"h":3.8,"l2":0},"geometry":{"type":"Polygon","coordinates":[[[135.4481498,34.8612375],[135.4481494,34.8613008],[135.4481199,34.8613007],[135.4481204,34.8612374],[135.4481498,34.8612375]]]}},{"type":"Feature","properties":{"mi":45132,"h":4.0,"l2":0},"geometry":{"type":"Polygon","coordinates":[[[135.4479368,34.8611431],[135.4478718,34.8611697],[135.4478499,34.8611334],[135.4479149,34.8611068],[135.4479368,34.8611431]]]}},{"type":"Feature","properties":{"mi":45133,"h":7.7,"l2":0},"geometry":{"type":"Polygon","coordinates":[[[135.4468328,34.8587357],[135.4468294,34.858752],[135.446762,34.8587425],[135.4467652,34.858727],[135.446747,34.8587244],[135.4467509,34.8587056],[135.4467542,34.8587061],[135.4467614,34.8586711],[135.4467663,34.8586718],[135.4467667,34.8586701],[135.4468487,34.8586818],[135.4468373,34.8587363],[135.4468328,34.8587357]]]}},{"type":"Feature","properties":{"mi":45134,"h":3.2,"l2":0},"geometry":{"type":"Polygon","coordinates":[[[135.4475689,34.8595874],[135.4475457,34.8595895],[135.4475449,34.8595834],[135.4475245,34.8595853],[135.4475185,34.8595413],[135.4475524,34.8595381],[135.4475547,34.8595547],[135.4475576,34.8595544],[135.4475602,34.8595733],[135.4475669,34.8595727],[135.4475689,34.8595874]]]}},{"type":"Feature","properties":{"mi":45135,"h":2.5,"l2":0},"geometry":{"type":"Polygon","coordinates":[[[135.4482344,34.8654676],[135.4482246,34.8654806],[135.4482062,34.8654711],[135.4482161,34.8654581],[135.4482344,34.8654676]]]}},{"type":"Feature","properties":{"mi":45136,"h":10.2,"l2":0},"geometry":{"type":"Polygon","coordinates":[[[135.4448139,34.8590341],[135.4448132,34.8590369],[135.4446411,34.8590037],[135.4446759,34.8588813],[135.4447252,34.8588908],[135.4447305,34.8588723],[135.4447514,34.8588763],[135.4447458,34.8588961],[135.4448479,34.8589158],[135.4448467,34.8589203],[135.4448529,34.8589215],[135.4448205,34.8590354],[135.4448139,34.8590341]]]}},{"type":"Feature","properties":{"mi":45137,"h":5.0,"l2":0},"geometry":{"type":"Polygon","coordinates":[[[135.446769,34.8585991],[135.4467678,34.8586058],[135.4467442,34.858603],[135.4467488,34.8585764],[135.4467976,34.8585821],[135.4467966,34.8585879],[135.4467939,34.8585876],[135.446792,34.8585983],[135.44678,34.8585969],[135.4467794,34.8586004],[135.446769,34.8585991]]]}},{"type":"Feature","properties":{"mi":45138,"h":3.5,"l2":0},"geometry":{"type":"Polygon","coordinates":[[[135.4477199,34.8650293],[135.447692,34.8650648],[135.447671,34.8650536],[135.4476988,34.8650181],[135.4477199,34.8650293]]]}},{"type":"Feature","properties":{"mi":45139,"h":6.9,"l2":0},"geometry":{"type":"Polygon","coordinates":[[[135.4462848,34.8589918],[135.4462717,34.8590488],[135.4461669,34.8590323],[135.4461644,34.8590432],[135.4460976,34.8590327],[135.4461001,34.8590096],[135.4460899,34.8590088],[135.446088,34.8590086],[135.4460897,34.8589934],[135.4461029,34.8589361],[135.4461175,34.8589383],[135.4461202,34.8589265],[135.4461721,34.8589347],[135.4461732,34.85893],[135.446283,34.8589472],[135.4462731,34.85899],[135.4462848,34.8589918]]]}},{"type":"Feature","properties":{"mi":45140,"h":3.3,"l2":0},"geometry":{"type":"Polygon","coordinates":[[[135.4455446,34.8589014],[135.445542,34.8589274],[135.4454756,34.8589231],[135.4454781,34.858897],[135.4455446,34.8589014]]]}},{"type":"Feature","properties":{"mi":45141,"h":2.9,"l2":0},"geometry":{"type":"Polygon","coordinates":[[[135.4481773,34.8614577],[135.4481088,34.8614619],[135.448107,34.8614424],[135.4481755,34.8614382],[135.4481773,34.8614577]]]}},{"type":"Feature","properties":{"mi":45142,"h":2.4,"l2":0},"geometry":{"type":"Polygon","coordinates":[[[135.4476134,34.8626391],[135.4476104,34.862675],[135.4475763,34.8626732],[135.4475793,34.8626371],[135.4476134,34.8626391]]]}},{"type":"Feature","properties":{"mi":45143,"h":9.7,"l2":0},"geometry":{"type":"Polygon","coordinates":[[[135.4484016,34.8655708],[135.4483856,34.8655914],[135.4482201,34.865504],[135.4482559,34.865458],[135.4482077,34.8654325],[135.4482189,34.8654181],[135.4482099,34.8654134],[135.4482073,34.8654167],[135.4481906,34.8654079],[135.4481938,34.8654038],[135.4481858,34.8653996],[135.448192,34.8653916],[135.4482059,34.8653738],[135.4482065,34.865373],[135.448216,34.8653607],[135.4482212,34.8653635],[135.4482235,34.8653605],[135.4482501,34.8653745],[135.448251,34.865375],[135.4482519,34.8653755],[135.4482802,34.8653392],[135.4482901,34.8653265],[135.4483388,34.8653523],[135.4483419,34.8653483],[135.4485057,34.8654349],[135.4485023,34.8654396],[135.4485304,34.865455],[135.4484885,34.8655089],[135.4484611,34.8654944],[135.4484225,34.865544],[135.448402,34.8655703],[135.4484016,34.8655708]]]}},{"type":"Feature","properties":{"mi":45144,"h":4.0,"l2":0},"geometry":{"type":"Polygon","coordinates":[[[135.4467992,34.8588271],[135.4467951,34.8588489],[135.4466956,34.858836],[135.4467047,34.8587881],[135.4467098,34.8587888],[135.4467107,34.858784],[135.4467336,34.858787],[135.4467351,34.858779],[135.4467671,34.8587832],[135.4467687,34.8587747],[135.4467716,34.8587751],[135.4467737,34.858764],[135.446808,34.8587684],[135.4468127,34.858769],[135.446812,34.8587728],[135.4468145,34.8587731],[135.4468135,34.8587788],[135.4468041,34.8588277],[135.4467992,34.8588271]]]}},{"type":"Feature","properties":{"mi":45145,"h":2.7,"l2":0},"geometry":{"type":"Polygon","coordinates":[[[135.4463538,34.8583989],[135.4463436,34.8584149],[135.4463071,34.858399],[135.4463173,34.8583831],[135.4463538,34.8583989]]]}},{"type":"Feature","properties":{"mi":45146,"h":7.0,"l2":0},"geometry":{"type":"Polygon","coordinates":[[[135.4440617,34.8588902],[135.4440543,34.8589245],[135.4438914,34.8589009],[135.4439128,34.8588006],[135.4440085,34.8588144],[135.4440177,34.8587712],[135.4441648,34.8587925],[135.4441414,34.8589018],[135.4440617,34.8588902]]]}},{"type":"Feature","properties":{"mi":45147,"h":3.3,"l2":0},"geometry":{"type":"Polygon","coordinates":[[[135.4447603,34.8654919],[135.4447145,34.8655301],[135.4446967,34.8655155],[135.4447424,34.8654774],[135.4447603,34.8654919]]]}},{"type":"Feature","properties":{"mi":45148,"h":7.5,"l2":0},"geometry":{"type":"Polygon","coordinates":[[[135.4462309,34.8597828],[135.4461968,34.8597883],[135.446195,34.8597812],[135.4461917,34.8597674],[135.446226,34.8597619],[135.4462309,34.8597828]]]}},{"type":"Feature","properties":{"mi":45149,"h":4.0,"l2":0},"geometry":{"type":"Polygon","coordinates":[[[135.4462557,34.8596828],[135.4462188,34.8596896],[135.4462037,34.8596337],[135.4462253,34.8596298],[135.4462557,34.8596828]]]}},{"type":"Feature","properties":{"mi":45150,"h":4.0,"l2":0},"geometry":{"type":"Polygon","coordinates":[[[135.4471558,34.8631098],[135.4471077,34.8631261],[135.4471074,34.8631255],[135.4470292,34.8629673],[135.4470116,34.8629317],[135.4470042,34.8629341],[135.4469991,34.8629241],[135.4470069,34.8629215],[135.4470061,34.8629199],[135.4470323,34.8629108],[135.4470705,34.8629675],[135.4471273,34.8630521],[135.4471558,34.8631098]]]}},{"type":"Feature","properties":{"mi":45151,"h":7.7,"l2":0},"geometry":{"type":"Polygon","coordinates":[[[135.4453876,34.8584386],[135.4453779,34.8584539],[135.4453299,34.8584468],[135.4453069,34.8584417],[135.4452807,34.8584328],[135.4452249,34.8584087],[135.4451803,34.8583804],[135.4451972,34.8583539],[135.445252,34.8583616],[135.4452533,34.8583622],[135.4452547,34.8583599],[135.4453141,34.8583856],[135.4453104,34.8583904],[135.4453519,34.8584232],[135.4453876,34.8584386]]]}},{"type":"Feature","properties":{"mi":45152,"h":30.5,"l2":0},"geometry":{"type":"Polygon","coordinates":[[[135.4484601,34.8623502],[135.4483633,34.8623546],[135.4483619,34.8623334],[135.4483283,34.862335],[135.4482473,34.861142],[135.4482766,34.8611406],[135.4482748,34.8611123],[135.4482975,34.8611113],[135.448297,34.8611042],[135.4483345,34.8611025],[135.4483316,34.8610575],[135.4483987,34.8610545],[135.4484012,34.8610907],[135.4484308,34.8610893],[135.4484643,34.8615837],[135.448492,34.8615825],[135.4484955,34.8616342],[135.448538,34.8616323],[135.4485406,34.8616706],[135.4484971,34.8616736],[135.4485192,34.8619993],[135.4485108,34.8619987],[135.4485245,34.8622005],[135.4485496,34.8621986],[135.4485535,34.8622577],[135.4485252,34.8622583],[135.4485259,34.8623048],[135.4484549,34.8623095],[135.4484601,34.8623502]]]}},{"type":"Feature","properties":{"mi":45153,"h":24.9,"l2":0},"geometry":{"type":"Polygon","coordinates":[[[135.4475274,34.8629696],[135.4475266,34.8629826],[135.4474735,34.8629806],[135.4474741,34.8629694],[135.4474752,34.862949],[135.4474637,34.8629485],[135.4474691,34.8628484],[135.4474138,34.8628463],[135.4474199,34.862735],[135.4473578,34.8627327],[135.4473637,34.8626261],[135.4473042,34.862624],[135.4473103,34.8625129],[135.4472628,34.8625112],[135.4472689,34.8624009],[135.4472109,34.8623987],[135.4472168,34.8622893],[135.4471567,34.862287],[135.4472105,34.8613011],[135.4472201,34.8611262],[135.4472936,34.861129],[135.4472924,34.861151],[135.4473561,34.8611533],[135.4473551,34.861172],[135.4474229,34.8611746],[135.4474014,34.861569],[135.4474453,34.8615707],[135.4474437,34.8616],[135.4474106,34.8615987],[135.4473732,34.8622828],[135.4474129,34.8622843],[135.4474107,34.8623222],[135.4474572,34.8623238],[135.4474617,34.8622411],[135.4477217,34.8622508],[135.4477299,34.8622511],[135.4477271,34.8623037],[135.4477418,34.8623042],[135.4477383,34.8623691],[135.4477169,34.8623683],[135.4477142,34.862418],[135.4474688,34.862409],[135.4474637,34.8625001],[135.4475144,34.862502],[135.44751,34.8625825],[135.447509,34.8626018],[135.4475085,34.8626109],[135.4475633,34.862613],[135.4475627,34.8626253],[135.4475577,34.8627145],[135.4476199,34.8627169],[135.4476139,34.8628281],[135.4476538,34.8628296],[135.447647,34.8629518],[135.4475785,34.8629492],[135.4475775,34.862966],[135.4475276,34.8629641],[135.4475274,34.8629696]]]}},{"type":"Feature","properties":{"mi":45154,"h":23.6,"l2":0},"geometry":{"type":"Polygon","coordinates":[[[135.447858,34.8613531],[135.4477827,34.8613829],[135.4475269,34.8609428],[135.4476118,34.8609103],[135.4475846,34.860867],[135.4476047,34.8608609],[135.4475874,34.860828],[135.4482629,34.8605622],[135.4482939,34.8606216],[135.4482738,34.8606277],[135.4483059,34.8606833],[135.4482835,34.8606873],[135.4483056,34.8607285],[135.4481657,34.8607834],[135.4481955,34.8607999],[135.4481854,34.8608246],[135.4481282,34.8607975],[135.4477386,34.8609478],[135.4477361,34.8609478],[135.447751,34.8609705],[135.4477959,34.8609502],[135.4478305,34.8610017],[135.4477754,34.8610261],[135.4479342,34.8612956],[135.447845,34.8613309],[135.447858,34.8613531]]]}},{"type":"Feature","properties":{"mi":45155,"h":4.4,"l2":0},"geometry":{"type":"Polygon","coordinates":[[[135.4478199,34.8591171],[135.4478395,34.8591541],[135.4477983,34.8591532],[135.4477856,34.8591295],[135.4478199,34.8591171]]]}},{"type":"Feature","properties":{"mi":45156,"h":4.2,"l2":0},"geometry":{"type":"Polygon","coordinates":[[[135.4459658,34.8608686],[135.4459347,34.8608715],[135.445925,34.8607986],[135.4459237,34.8607884],[135.4459639,34.8607848],[135.4459616,34.8607674],[135.4460517,34.8607592],[135.4460608,34.8608269],[135.446007,34.8608318],[135.4460104,34.8608573],[135.4459648,34.8608614],[135.4459658,34.8608686]]]}},{"type":"Feature","properties":{"mi":45157,"h":11.5,"l2":0},"geometry":{"type":"Polygon","coordinates":[[[135.4448216,34.8599992],[135.4448201,34.8600138],[135.4447877,34.8600115],[135.444792,34.8599716],[135.4447852,34.8599711],[135.4447912,34.8599148],[135.4448279,34.8599175],[135.4448312,34.8598868],[135.4448388,34.8598873],[135.4448438,34.8598398],[135.4448662,34.8598414],[135.4448672,34.859832],[135.4449838,34.8598404],[135.4449827,34.8598509],[135.4450327,34.8598546],[135.445027,34.8599081],[135.4449841,34.859905],[135.4449824,34.8599212],[135.4449618,34.8599197],[135.4449583,34.8599527],[135.4449213,34.8599501],[135.4449153,34.860006],[135.4448216,34.8599992]]]}},{"type":"Feature","properties":{"mi":45158,"h":8.0,"l2":0},"geometry":{"type":"Polygon","coordinates":[[[135.4468497,34.8586602],[135.446849,34.8586648],[135.4467676,34.8586552],[135.446771,34.8586355],[135.4467719,34.8586356],[135.4467724,34.8586328],[135.4467633,34.8586317],[135.4467676,34.858607],[135.4467678,34.8586058],[135.446769,34.8585991],[135.4467794,34.8586004],[135.44678,34.8585969],[135.446792,34.8585983],[135.4467939,34.8585876],[135.4467966,34.8585879],[135.4467976,34.8585821],[135.446798,34.8585798],[135.4468707,34.8585883],[135.4468628,34.8586332],[135.446858,34.8586327],[135.4468569,34.8586394],[135.4468626,34.8586401],[135.4468589,34.8586613],[135.4468497,34.8586602]]]}},{"type":"Feature","properties":{"mi":45159,"h":19.7,"l2":0},"geometry":{"type":"Polygon","coordinates":[[[135.4446897,34.8603241],[135.4446827,34.860453],[135.4446168,34.8604506],[135.4445877,34.8604495],[135.4445225,34.8604471],[135.4445295,34.8603195],[135.4445688,34.8603209],[135.4445694,34.8603111],[135.4446192,34.860313],[135.4446188,34.8603215],[135.4446897,34.8603241]]]}},{"type":"Feature","properties":{"mi":45160,"h":6.0,"l2":0},"geometry":{"type":"Polygon","coordinates":[[[135.4482951,34.8607731],[135.448271,34.8607828],[135.4482602,34.8607649],[135.4482844,34.860755],[135.4482951,34.8607731]]]}},{"type":"Feature","properties":{"mi":45161,"h":4.0,"l2":0},"geometry":{"type":"Polygon","coordinates":[[[135.4447237,34.8599836],[135.444722,34.8600388],[135.4446825,34.860038],[135.4446841,34.8599828],[135.4447237,34.8599836]]]}},{"type":"Feature","properties":{"mi":45162,"h":17.6,"l2":0},"geometry":{"type":"Polygon","coordinates":[[[135.4477001,34.8618654],[135.4476975,34.8619152],[135.4474332,34.8619058],[135.4474419,34.8617435],[135.4477129,34.8617532],[135.4477099,34.8618102],[135.4477179,34.8618105],[135.447715,34.8618659],[135.4477001,34.8618654]]]}},{"type":"Feature","properties":{"mi":45163,"h":2.4,"l2":0},"geometry":{"type":"Polygon","coordinates":[[[135.4448475,34.8654688],[135.4448043,34.8654763],[135.4448008,34.8654627],[135.444844,34.8654552],[135.4448475,34.8654688]]]}},{"type":"Feature","properties":{"mi":45164,"h":3.4,"l2":0},"geometry":{"type":"Polygon","coordinates":[[[135.4477115,34.862466],[135.4477047,34.8626764],[135.4476773,34.8626759],[135.4476841,34.8624654],[135.4477115,34.862466]]]}},{"type":"Feature","properties":{"mi":45165,"h":3.0,"l2":0},"geometry":{"type":"Polygon","coordinates":[[[135.4464264,34.8587121],[135.4464085,34.8587401],[135.4463864,34.8587304],[135.4464043,34.8587024],[135.4464264,34.8587121]]]}},{"type":"Feature","properties":{"mi":45166,"h":3.3,"l2":0},"geometry":{"type":"Polygon","coordinates":[[[135.4463881,34.8584162],[135.4463773,34.8584335],[135.4463584,34.8584255],[135.4463691,34.8584081],[135.4463881,34.8584162]]]}},{"type":"Feature","properties":{"mi":45167,"h":2.0,"l2":0},"geometry":{"type":"Polygon","coordinates":[[[135.44644,34.8645017],[135.4464285,34.8645106],[135.4464142,34.864498],[135.4464257,34.8644892],[135.44644,34.8645017]]]}},{"type":"Feature","properties":{"mi":45168,"h":4.0,"l2":0},"geometry":{"type":"Polygon","coordinates":[[[135.4466102,34.861989],[135.4465598,34.8619928],[135.4465534,34.8619342],[135.4466038,34.8619304],[135.4466041,34.8619326],[135.4466102,34.861989]]]}},{"type":"Feature","properties":{"mi":45169,"h":2.4,"l2":0},"geometry":{"type":"Polygon","coordinates":[[[135.4463925,34.8645271],[135.4463343,34.8645721],[135.446319,34.8645586],[135.4463771,34.8645136],[135.4463925,34.8645271]]]}},{"type":"Feature","properties":{"mi":45170,"h":6.0,"l2":0},"geometry":{"type":"Polygon","coordinates":[[[135.4448797,34.860387],[135.4448782,34.8604185],[135.4448633,34.860418],[135.4448649,34.8603865],[135.4448797,34.860387]]]}},{"type":"Feature","properties":{"mi":45171,"h":4.0,"l2":0},"geometry":{"type":"Polygon","coordinates":[[[135.446762,34.8587425],[135.4467606,34.858749],[135.4467082,34.8587416],[135.4467128,34.8587195],[135.446747,34.8587244],[135.4467652,34.858727],[135.446762,34.8587425]]]}},{"type":"Feature","properties":{"mi":45172,"h":3.5,"l2":0},"geometry":{"type":"Polygon","coordinates":[[[135.4481807,34.8613256],[135.4481171,34.8613273],[135.4481173,34.8613104],[135.4481808,34.8613076],[135.4481807,34.8613256]]]}},{"type":"Feature","properties":{"mi":45173,"h":3.7,"l2":0},"geometry":{"type":"Polygon","coordinates":[[[135.4464618,34.8583873],[135.4464351,34.8584291],[135.4464113,34.8584187],[135.4464205,34.8584043],[135.4464073,34.8583985],[135.4464198,34.858379],[135.4464166,34.8583776],[135.4464216,34.8583698],[135.4464618,34.8583873]]]}},{"type":"Feature","properties":{"mi":45174,"h":3.4,"l2":0},"geometry":{"type":"Polygon","coordinates":[[[135.4464322,34.8603681],[135.4464136,34.8603751],[135.4463878,34.8603286],[135.4464063,34.8603216],[135.4464322,34.8603681]]]}},{"type":"Feature","properties":{"mi":45175,"h":6.0,"l2":0},"geometry":{"type":"Polygon","coordinates":[[[135.4482849,34.8608154],[135.4482626,34.8608245],[135.4482518,34.8608065],[135.4482742,34.8607973],[135.4482849,34.8608154]]]}},{"type":"Feature","properties":{"mi":45176,"h":6.2,"l2":0},"geometry":{"type":"Polygon","coordinates":[[[135.4462387,34.8645685],[135.4462374,34.8646026],[135.4461606,34.8646008],[135.4461617,34.8645703],[135.4461575,34.8645702],[135.4461612,34.8644689],[135.44625,34.8644711],[135.4462464,34.8645687],[135.4462387,34.8645685]]]}},{"type":"Feature","properties":{"mi":45177,"h":3.4,"l2":0},"geometry":{"type":"Polygon","coordinates":[[[135.4481973,34.8615884],[135.4481966,34.8616272],[135.4481453,34.8616259],[135.4481442,34.861589],[135.4481973,34.8615884]]]}},{"type":"Feature","properties":{"mi":45178,"h":4.0,"l2":0},"geometry":{"type":"Polygon","coordinates":[[[135.4473816,34.859397],[135.4473128,34.8594065],[135.447308,34.8593832],[135.4472947,34.859385],[135.4472758,34.859293],[135.4473581,34.8592815],[135.4473816,34.859397]]]}},{"type":"Feature","properties":{"mi":45179,"h":3.6,"l2":0},"geometry":{"type":"Polygon","coordinates":[[[135.4482694,34.8608513],[135.4482432,34.8608638],[135.4482296,34.8608446],[135.4482558,34.8608321],[135.4482694,34.8608513]]]}},{"type":"Feature","properties":{"mi":45180,"h":4.0,"l2":0},"geometry":{"type":"Polygon","coordinates":[[[135.4465096,34.8615752],[135.4464495,34.8615893],[135.4464325,34.8615404],[135.4464381,34.8615391],[135.4466203,34.8614962],[135.4466208,34.8614961],[135.446628,34.8615166],[135.4466194,34.8615187],[135.4466268,34.8615401],[135.4465822,34.8615506],[135.4465835,34.8615545],[135.4465085,34.8615721],[135.4465096,34.8615752]]]}},{"type":"Feature","properties":{"mi":45181,"h":6.0,"l2":0},"geometry":{"type":"Polygon","coordinates":[[[135.4471222,34.863171],[135.4471097,34.8631749],[135.4471028,34.8631598],[135.4471152,34.8631559],[135.4471222,34.863171]]]}},{"type":"Feature","properties":{"mi":45182,"h":3.3,"l2":0},"geometry":{"type":"Polygon","coordinates":[[[135.4457236,34.8597633],[135.4457201,34.8597961],[135.4456431,34.8597903],[135.4456467,34.8597577],[135.4457236,34.8597633]]]}},{"type":"Feature","properties":{"mi":45183,"h":4.4,"l2":0},"geometry":{"type":"Polygon","coordinates":[[[135.4451039,34.8601296],[135.4451036,34.8601765],[135.4450687,34.8601764],[135.445069,34.8601294],[135.4451039,34.8601296]]]}},{"type":"Feature","properties":{"mi":45184,"h":5.3,"l2":0},"geometry":{"type":"Polygon","coordinates":[[[135.4453469,34.8604357],[135.4453403,34.8604926],[135.4452395,34.8604846],[135.445254,34.8603599],[135.4453548,34.8603678],[135.4453508,34.8604021],[135.4453556,34.8604025],[135.4453517,34.8604361],[135.4453469,34.8604357]]]}},{"type":"Feature","properties":{"mi":45185,"h":4.0,"l2":0},"geometry":{"type":"Polygon","coordinates":[[[135.446829,34.858405],[135.4468188,34.8584591],[135.4467806,34.8584525],[135.4467802,34.8584545],[135.4467583,34.8584518],[135.4467546,34.8584514],[135.4467551,34.8584488],[135.4467568,34.8584394],[135.4467549,34.8584392],[135.4467595,34.8584137],[135.4467602,34.8584101],[135.4467461,34.8584084],[135.4467502,34.8583861],[135.4467247,34.8583829],[135.4467332,34.8583365],[135.4467403,34.8583374],[135.4467426,34.8583246],[135.4467539,34.858326],[135.4467526,34.8583334],[135.446797,34.858339],[135.4467957,34.8583459],[135.4468007,34.8583465],[135.4467964,34.8583699],[135.4468112,34.8583718],[135.4468074,34.8583924],[135.4468232,34.8583944],[135.4468211,34.8584033],[135.446829,34.858405]]]}},{"type":"Feature","properties":{"mi":45186,"h":4.0,"l2":0},"geometry":{"type":"Polygon","coordinates":[[[135.4453555,34.8617156],[135.4452548,34.8617379],[135.4452314,34.8616662],[135.445332,34.8616438],[135.4453555,34.8617156]]]}},{"type":"Feature","properties":{"mi":45187,"h":4.0,"l2":0},"geometry":{"type":"Polygon","coordinates":[[[135.4468802,34.8585202],[135.4468704,34.8585754],[135.4468152,34.8585688],[135.446817,34.8585587],[135.446808,34.8585576],[135.4468114,34.8585387],[135.4468036,34.8585378],[135.4468046,34.8585326],[135.4468142,34.8584782],[135.4468148,34.8584744],[135.4468658,34.8584806],[135.4468706,34.8584937],[135.4468802,34.8585202]]]}},{"type":"Feature","properties":{"mi":45188,"h":3.1,"l2":0},"geometry":{"type":"Polygon","coordinates":[[[135.4476097,34.8625862],[135.4476087,34.8626055],[135.447509,34.8626018],[135.44751,34.8625825],[135.4476097,34.8625862]]]}},{"type":"Feature","properties":{"mi":45189,"h":5.5,"l2":0},"geometry":{"type":"Polygon","coordinates":[[[135.4468845,34.8591076],[135.4468453,34.8591247],[135.4468203,34.8590856],[135.4468217,34.859085],[135.4468191,34.8590809],[135.4468535,34.859066],[135.4468575,34.8590722],[135.446861,34.8590707],[135.4468631,34.859074],[135.4468845,34.8591076]]]}},{"type":"Feature","properties":{"mi":45190,"h":3.1,"l2":0},"geometry":{"type":"Polygon","coordinates":[[[135.4460601,34.86099],[135.4459946,34.8609908],[135.4459938,34.8609489],[135.4460593,34.8609481],[135.4460601,34.86099]]]}},{"type":"Feature","properties":{"mi":45191,"h":3.2,"l2":0},"geometry":{"type":"Polygon","coordinates":[[[135.4482453,34.8653219],[135.4482047,34.865372],[135.4481964,34.8653674],[135.4481895,34.8653636],[135.4481807,34.8653588],[135.4481777,34.8653571],[135.4482182,34.865307],[135.4482453,34.8653219]]]}},{"type":"Feature","properties":{"mi":45192,"h":4.0,"l2":0},"geometry":{"type":"Polygon","coordinates":[[[135.4438386,34.8587355],[135.4438187,34.8588039],[135.4437101,34.8587825],[135.4437299,34.8587141],[135.4438386,34.8587355]]]}},{"type":"Feature","properties":{"mi":45193,"h":4.6,"l2":0},"geometry":{"type":"Polygon","coordinates":[[[135.447603,34.8594913],[135.447546,34.8595066],[135.4475375,34.8594851],[135.4475945,34.8594698],[135.447603,34.8594913]]]}},{"type":"Feature","properties":{"mi":45194,"h":2.8,"l2":0},"geometry":{"type":"Polygon","coordinates":[[[135.4459347,34.8608715],[135.4459155,34.8608736],[135.4459131,34.8608581],[135.4458905,34.8608605],[135.4458815,34.8608029],[135.4459069,34.8608001],[135.445907,34.8608004],[135.445925,34.8607986],[135.4459347,34.8608715]]]}},{"type":"Feature","properties":{"mi":45195,"h":4.0,"l2":0},"geometry":{"type":"Polygon","coordinates":[[[135.4453183,34.8595088],[135.445313,34.8595976],[135.4451584,34.8595912],[135.4451638,34.8595025],[135.4453183,34.8595088]]]}},{"type":"Feature","properties":{"mi":45196,"h":4.7,"l2":0},"geometry":{"type":"Polygon","coordinates":[[[135.4450911,34.860041],[135.4450908,34.8600928],[135.4450306,34.8600925],[135.445031,34.8600407],[135.4450911,34.860041]]]}},{"type":"Feature","properties":{"mi":45197,"h":5.1,"l2":0},"geometry":{"type":"Polygon","coordinates":[[[135.4444757,34.8588777],[135.4444739,34.8589041],[135.4444213,34.858902],[135.4444226,34.8588746],[135.4444757,34.8588777]]]}},{"type":"Feature","properties":{"mi":45198,"h":2.6,"l2":0},"geometry":{"type":"Polygon","coordinates":[[[135.445327,34.8605016],[135.4453254,34.8605167],[135.4453007,34.8605149],[135.4453023,34.8604998],[135.445327,34.8605016]]]}},{"type":"Feature","properties":{"mi":45199,"h":6.5,"l2":0},"geometry":{"type":"Polygon","coordinates":[[[135.446357,34.8619224],[135.446256,34.8619389],[135.4462405,34.8618742],[135.4463414,34.8618578],[135.446357,34.8619224]]]}},{"type":"Feature","properties":{"mi":45200,"h":3.2,"l2":0},"geometry":{"type":"Polygon","coordinates":[[[135.4484493,34.8652762],[135.4484304,34.8653],[135.4484023,34.8652848],[135.4484212,34.865261],[135.4484493,34.8652762]]]}},{"type":"Feature","properties":{"mi":45201,"h":2.6,"l2":0},"geometry":{"type":"Polygon","coordinates":[[[135.4464167,34.8613821],[135.4463863,34.8613882],[135.4463743,34.8613471],[135.4464046,34.8613411],[135.4464167,34.8613821]]]}},{"type":"Feature","properties":{"mi":45202,"h":4.0,"l2":0},"geometry":{"type":"Polygon","coordinates":[[[135.4476913,34.8598103],[135.4476822,34.8598418],[135.4476402,34.8598336],[135.4476416,34.8598288],[135.4476269,34.8598259],[135.4476346,34.8597992],[135.4476913,34.8598103]]]}},{"type":"Feature","properties":{"mi":45203,"h":3.2,"l2":0},"geometry":{"type":"Polygon","coordinates":[[[135.4481903,34.8615387],[135.4481901,34.861575],[135.4481428,34.8615738],[135.4481425,34.8615392],[135.4481903,34.8615387]]]}},{"type":"Feature","properties":{"mi":45204,"h":5.0,"l2":0},"geometry":{"type":"Polygon","coordinates":[[[135.4471897,34.8594522],[135.4471468,34.8595063],[135.4470659,34.8594628],[135.4471088,34.8594088],[135.4471897,34.8594522]]]}},{"type":"Feature","properties":{"mi":45205,"h":3.2,"l2":0},"geometry":{"type":"Polygon","coordinates":[[[135.4462307,34.864606],[135.4462303,34.8646283],[135.4461707,34.8646275],[135.4461708,34.8646221],[135.4461558,34.8646219],[135.446156,34.8646129],[135.4461695,34.8646131],[135.4461697,34.8646051],[135.4462307,34.864606]]]}},{"type":"Feature","properties":{"mi":45206,"h":4.0,"l2":0},"geometry":{"type":"Polygon","coordinates":[[[135.4440116,34.8590234],[135.4439972,34.8590701],[135.4438003,34.8590287],[135.4438142,34.8589838],[135.4438382,34.8589888],[135.4438404,34.8589819],[135.4438752,34.8589892],[135.4438736,34.8589944],[135.4440116,34.8590234]]]}},{"type":"Feature","properties":{"mi":45207,"h":7.8,"l2":0},"geometry":{"type":"Polygon","coordinates":[[[135.4456076,34.8602714],[135.445595,34.8604111],[135.4454795,34.860404],[135.4454841,34.8603529],[135.4454346,34.8603498],[135.4454304,34.8603954],[135.4453778,34.8603921],[135.445388,34.8602792],[135.4454012,34.8602801],[135.4454045,34.8602803],[135.4454068,34.8602555],[135.4454086,34.8602341],[135.4455943,34.8602455],[135.4455933,34.8602564],[135.445592,34.8602705],[135.4456076,34.8602714]]]}},{"type":"Feature","properties":{"mi":45208,"h":4.0,"l2":0},"geometry":{"type":"Polygon","coordinates":[[[135.446062,34.8594563],[135.446057,34.8594829],[135.4459607,34.8594706],[135.4459657,34.859444],[135.446062,34.8594563]]]}},{"type":"Feature","properties":{"mi":45209,"h":2.1,"l2":0},"geometry":{"type":"Polygon","coordinates":[[[135.4464537,34.8644915],[135.4464422,34.8645003],[135.4464279,34.8644877],[135.4464394,34.8644789],[135.4464537,34.8644915]]]}},{"type":"Feature","properties":{"mi":45210,"h":4.0,"l2":0},"geometry":{"type":"Polygon","coordinates":[[[135.4463176,34.8604697],[135.4461574,34.8604989],[135.4461407,34.8604368],[135.446301,34.8604076],[135.4463176,34.8604697]]]}},{"type":"Feature","properties":{"mi":45211,"h":3.1,"l2":0},"geometry":{"type":"Polygon","coordinates":[[[135.4491965,34.8655734],[135.4491802,34.8655955],[135.4491541,34.8655824],[135.4491703,34.8655603],[135.4491965,34.8655734]]]}},{"type":"Feature","properties":{"mi":45212,"h":9.4,"l2":0},"geometry":{"type":"Polygon","coordinates":[[[135.4433273,34.8584583],[135.4433018,34.8585698],[135.4431929,34.8585527],[135.4432027,34.8585102],[135.4432198,34.8585128],[135.4432421,34.8584159],[135.4433338,34.8584302],[135.4433273,34.8584583]]]}},{"type":"Feature","properties":{"mi":45213,"h":3.5,"l2":0},"geometry":{"type":"Polygon","coordinates":[[[135.446099,34.8646709],[135.4460813,34.8646709],[135.4460813,34.8646625],[135.4460653,34.8646625],[135.4460653,34.8646206],[135.446108,34.8646206],[135.4461098,34.8646206],[135.446143,34.8646206],[135.4461431,34.8646635],[135.446099,34.8646635],[135.446099,34.8646709]]]}},{"type":"Feature","properties":{"mi":45214,"h":3.0,"l2":0},"geometry":{"type":"Polygon","coordinates":[[[135.4449297,34.865469],[135.4448567,34.8654837],[135.4448482,34.8654551],[135.4449212,34.8654404],[135.4449297,34.865469]]]}},{"type":"Feature","properties":{"mi":45215,"h":4.0,"l2":0},"geometry":{"type":"Polygon","coordinates":[[[135.4479026,34.861458],[135.4478815,34.8614643],[135.4478498,34.8613928],[135.4478709,34.8613865],[135.4479026,34.861458]]]}},{"type":"Feature","properties":{"mi":45216,"h":4.0,"l2":0},"geometry":{"type":"Polygon","coordinates":[[[135.4451882,34.861266],[135.4451426,34.8612703],[135.445129,34.861172],[135.4451829,34.8611669],[135.445188,34.8612037],[135.4451796,34.8612045],[135.4451882,34.861266]]]}},{"type":"Feature","properties":{"mi":45217,"h":3.4,"l2":0},"geometry":{"type":"Polygon","coordinates":[[[135.4454551,34.8590402],[135.4454548,34.8590435],[135.445426,34.8590417],[135.4454291,34.8590086],[135.4454578,34.8590104],[135.4454551,34.8590402]]]}},{"type":"Feature","properties":{"mi":45218,"h":11.5,"l2":0},"geometry":{"type":"Polygon","coordinates":[[[135.4449676,34.8608904],[135.4449491,34.8610765],[135.4447142,34.8610597],[135.4447237,34.8609632],[135.4447266,34.8609349],[135.4447326,34.8608737],[135.4449676,34.8608904]]]}},{"type":"Feature","properties":{"mi":45219,"h":6.6,"l2":0},"geometry":{"type":"Polygon","coordinates":[[[135.4445904,34.8583513],[135.4445581,34.8584096],[135.4445308,34.8583993],[135.4445632,34.8583411],[135.4445904,34.8583513]]]}},{"type":"Feature","properties":{"mi":45220,"h":3.8,"l2":0},"geometry":{"type":"Polygon","coordinates":[[[135.4475107,34.8595345],[135.4475206,34.8595864],[135.4474726,34.8595785],[135.4473934,34.859562],[135.4473889,34.8595374],[135.4474239,34.8595336],[135.4474609,34.8595416],[135.4475107,34.8595345]]]}},{"type":"Feature","properties":{"mi":45221,"h":7.9,"l2":0},"geometry":{"type":"Polygon","coordinates":[[[135.4443218,34.8588138],[135.4443215,34.8588529],[135.44422,34.8588524],[135.4442207,34.8587538],[135.4442455,34.8587539],[135.4442456,34.8587447],[135.444338,34.8587451],[135.4443375,34.8588139],[135.4443218,34.8588138]]]}},{"type":"Feature","properties":{"mi":45222,"h":17.1,"l2":0},"geometry":{"type":"Polygon","coordinates":[[[135.4453232,34.8625641],[135.4453042,34.8625656],[135.4452881,34.8625645],[135.445271,34.8625598],[135.4452565,34.8625516],[135.445239,34.8625328],[135.4452331,34.86252],[135.4452291,34.8625072],[135.4452265,34.8624936],[135.4451291,34.8625026],[135.4451329,34.862475],[135.4451376,34.8624584],[135.4451456,34.8624395],[135.4451601,34.8624189],[135.4451778,34.8624001],[135.4452019,34.862383],[135.4452336,34.8623671],[135.4452692,34.8623566],[135.4452847,34.8623547],[135.4453111,34.8623539],[135.4453324,34.8623551],[135.4453633,34.8623606],[135.4453887,34.8623702],[135.445408,34.8623788],[135.4454464,34.8624067],[135.4454664,34.8624328],[135.4454793,34.862463],[135.4454076,34.8624693],[135.4454137,34.8625108],[135.4454071,34.8625111],[135.4454087,34.8625245],[135.4453868,34.8625408],[135.4453754,34.8625344],[135.4453681,34.8625429],[135.4453474,34.8625565],[135.4453322,34.862563],[135.4453232,34.8625641]]]}},{"type":"Feature","properties":{"mi":45223,"h":4.0,"l2":0},"geometry":{"type":"Polygon","coordinates":[[[135.4467727,34.858917],[135.4467703,34.8589493],[135.4467089,34.8589464],[135.4467121,34.8588991],[135.4466934,34.8588983],[135.4466964,34.8588556],[135.4467772,34.8588596],[135.4467755,34.8588848],[135.4467864,34.8588853],[135.4467841,34.8589175],[135.4467727,34.858917]]]}},{"type":"Feature","properties":{"mi":45224,"h":4.0,"l2":0},"geometry":{"type":"Polygon","coordinates":[[[135.4450698,34.8594321],[135.4450662,34.8594369],[135.444975,34.859391],[135.4450024,34.859354],[135.4449798,34.8593426],[135.4450042,34.8593096],[135.4451187,34.8593673],[135.4451147,34.8593727],[135.4451227,34.8593767],[135.4450784,34.8594364],[135.4450698,34.8594321]]]}},{"type":"Feature","properties":{"mi":45225,"h":4.0,"l2":0},"geometry":{"type":"Polygon","coordinates":[[[135.4459577,34.859419],[135.4459521,34.8594468],[135.4458879,34.859438],[135.4459009,34.8593734],[135.4460621,34.8593956],[135.446053,34.8594403],[135.4459994,34.8594329],[135.446001,34.8594249],[135.4459577,34.859419]]]}},{"type":"Feature","properties":{"mi":45226,"h":5.3,"l2":0},"geometry":{"type":"Polygon","coordinates":[[[135.4473091,34.8596213],[135.4472962,34.8596604],[135.4472255,34.8596445],[135.4472384,34.8596055],[135.4473091,34.8596213]]]}},{"type":"Feature","properties":{"mi":45227,"h":5.0,"l2":0},"geometry":{"type":"Polygon","coordinates":[[[135.4457336,34.8589643],[135.4457315,34.8590004],[135.4457008,34.8589992],[135.4456415,34.8589969],[135.4456435,34.8589618],[135.4456454,34.8589618],[135.4456457,34.8589573],[135.4457316,34.8589607],[135.4457314,34.8589642],[135.4457336,34.8589643]]]}},{"type":"Feature","properties":{"mi":45228,"h":2.6,"l2":0},"geometry":{"type":"Polygon","coordinates":[[[135.4588864,34.8591239],[135.458885,34.8591483],[135.4588513,34.859147],[135.4588526,34.8591226],[135.4588864,34.8591239]]]}},{"type":"Feature","properties":{"mi":45229,"h":4.1,"l2":0},"geometry":{"type":"Polygon","coordinates":[[[135.4584188,34.8603372],[135.4584041,34.8603489],[135.4583868,34.8603342],[135.4584015,34.8603224],[135.4584188,34.8603372]]]}},{"type":"Feature","properties":{"mi":45230,"h":4.2,"l2":0},"geometry":{"type":"Polygon","coordinates":[[[135.4549376,34.8638283],[135.4549364,34.8638435],[135.4549258,34.863843],[135.454927,34.8638278],[135.4549376,34.8638283]]]}},{"type":"Feature","properties":{"mi":45231,"h":2.4,"l2":0},"geometry":{"type":"Polygon","coordinates":[[[135.4549803,34.8639957],[135.4549786,34.8640086],[135.4549709,34.8640079],[135.4549726,34.863995],[135.4549803,34.8639957]]]}},{"type":"Feature","properties":{"mi":45232,"h":2.1,"l2":0},"geometry":{"type":"Polygon","coordinates":[[[135.454311,34.8649639],[135.4542958,34.8649739],[135.4542891,34.864967],[135.4543043,34.864957],[135.454311,34.8649639]]]}},{"type":"Feature","properties":{"mi":45233,"h":5.8,"l2":0},"geometry":{"type":"Polygon","coordinates":[[[135.4584037,34.8586992],[135.4583998,34.8587271],[135.4583403,34.8587215],[135.4583418,34.8587101],[135.4583598,34.8587118],[135.4583621,34.8586953],[135.4584037,34.8586992]]]}},{"type":"Feature","properties":{"mi":45234,"h":4.7,"l2":0},"geometry":{"type":"Polygon","coordinates":[[[135.4583962,34.8587685],[135.4583934,34.8587877],[135.4583684,34.8587853],[135.4583712,34.858766],[135.4583962,34.8587685]]]}},{"type":"Feature","properties":{"mi":45235,"h":6.2,"l2":0},"geometry":{"type":"Polygon","coordinates":[[[135.4583952,34.8587908],[135.4583934,34.8588074],[135.4583682,34.8588055],[135.4583701,34.8587889],[135.4583952,34.8587908]]]}},{"type":"Feature","properties":{"mi":45236,"h":2.6,"l2":0},"geometry":{"type":"Polygon","coordinates":[[[135.4588692,34.8588453],[135.4588643,34.858871],[135.4588463,34.8588686],[135.4588512,34.858843],[135.4588692,34.8588453]]]}},{"type":"Feature","properties":{"mi":45237,"h":4.2,"l2":0},"geometry":{"type":"Polygon","coordinates":[[[135.458914,34.8588535],[135.4589098,34.8588815],[135.4588773,34.8588782],[135.4588816,34.8588502],[135.458914,34.8588535]]]}},{"type":"Feature","properties":{"mi":45238,"h":4.0,"l2":0},"geometry":{"type":"Polygon","coordinates":[[[135.4588167,34.8590302],[135.458815,34.859042],[135.4587759,34.859038],[135.4587771,34.85903],[135.458738,34.8590261],[135.4587396,34.8590153],[135.4587151,34.8590128],[135.4587176,34.8589961],[135.4586691,34.8589912],[135.4586738,34.8589599],[135.4588457,34.8589772],[135.4588376,34.8590323],[135.4588167,34.8590302]]]}},{"type":"Feature","properties":{"mi":45239,"h":4.0,"l2":0},"geometry":{"type":"Polygon","coordinates":[[[135.4593348,34.8600542],[135.459333,34.8600659],[135.4592859,34.8600609],[135.4592878,34.8600492],[135.4593348,34.8600542]]]}},{"type":"Feature","properties":{"mi":45240,"h":3.0,"l2":0},"geometry":{"type":"Polygon","coordinates":[[[135.4591134,34.8602193],[135.4591062,34.8602735],[135.4590845,34.8602716],[135.459091,34.8602224],[135.4590974,34.8602229],[135.459098,34.860218],[135.4591134,34.8602193]]]}},{"type":"Feature","properties":{"mi":45241,"h":4.0,"l2":0},"geometry":{"type":"Polygon","coordinates":[[[135.4592084,34.8603002],[135.4592079,34.8603093],[135.459166,34.8603079],[135.4591665,34.8602978],[135.459115,34.8602961],[135.4591187,34.8602208],[135.4592542,34.8602253],[135.4592505,34.8603019],[135.4592417,34.8603016],[135.4592417,34.860303],[135.4592278,34.8603025],[135.4592279,34.8603009],[135.4592084,34.8603002]]]}},{"type":"Feature","properties":{"mi":45242,"h":5.6,"l2":0},"geometry":{"type":"Polygon","coordinates":[[[135.4590375,34.8608615],[135.4590362,34.8608813],[135.4589864,34.8608793],[135.4589876,34.8608594],[135.4590375,34.8608615]]]}},{"type":"Feature","properties":{"mi":45243,"h":5.8,"l2":0},"geometry":{"type":"Polygon","coordinates":[[[135.4590018,34.8608858],[135.4590006,34.8609167],[135.4589311,34.860915],[135.4589322,34.8608841],[135.4590018,34.8608858]]]}},{"type":"Feature","properties":{"mi":45244,"h":6.5,"l2":0},"geometry":{"type":"Polygon","coordinates":[[[135.4549821,34.8637438],[135.454979,34.8637515],[135.4549711,34.8637493],[135.4549748,34.8637402],[135.4549713,34.8637392],[135.4549842,34.8637072],[135.4549934,34.8637097],[135.4549967,34.8637013],[135.4550143,34.8637061],[135.4550121,34.8637114],[135.4550152,34.8637122],[135.4550145,34.8637139],[135.4550341,34.8637192],[135.4550224,34.8637483],[135.4550016,34.8637427],[135.4549992,34.8637485],[135.4549821,34.8637438]]]}},{"type":"Feature","properties":{"mi":45245,"h":4.7,"l2":0},"geometry":{"type":"Polygon","coordinates":[[[135.4549413,34.8638009],[135.4549388,34.8638229],[135.4549281,34.8638221],[135.4549306,34.8638001],[135.4549413,34.8638009]]]}},{"type":"Feature","properties":{"mi":45246,"h":6.0,"l2":0},"geometry":{"type":"Polygon","coordinates":[[[135.4549696,34.8639422],[135.4549621,34.8639436],[135.4549576,34.8639278],[135.4549651,34.8639264],[135.4549696,34.8639422]]]}},{"type":"Feature","properties":{"mi":45247,"h":4.5,"l2":0},"geometry":{"type":"Polygon","coordinates":[[[135.4549771,34.864021],[135.4549759,34.864047],[135.4549609,34.8640466],[135.4549621,34.8640205],[135.4549771,34.864021]]]}},{"type":"Feature","properties":{"mi":45248,"h":4.0,"l2":0},"geometry":{"type":"Polygon","coordinates":[[[135.4544487,34.8649344],[135.4544348,34.8649551],[135.4544125,34.8649449],[135.4544189,34.8649353],[135.4544124,34.8649324],[135.4544208,34.8649198],[135.4544408,34.864929],[135.4544399,34.8649304],[135.4544487,34.8649344]]]}},{"type":"Feature","properties":{"mi":45249,"h":3.5,"l2":0},"geometry":{"type":"Polygon","coordinates":[[[135.4543318,34.8649536],[135.4543157,34.8649646],[135.4543086,34.8649575],[135.4543247,34.8649465],[135.4543318,34.8649536]]]}},{"type":"Feature","properties":{"mi":45250,"h":4.0,"l2":0},"geometry":{"type":"Polygon","coordinates":[[[135.4544277,34.8649634],[135.4544189,34.8649991],[135.4543779,34.8649919],[135.4543875,34.8649545],[135.4544174,34.8649597],[135.4544195,34.8649535],[135.4544338,34.8649575],[135.4544314,34.8649642],[135.4544277,34.8649634]]]}},{"type":"Feature","properties":{"mi":45251,"h":6.0,"l2":0},"geometry":{"type":"Polygon","coordinates":[[[135.4544995,34.865027],[135.4544959,34.865037],[135.4544636,34.865029],[135.4544672,34.865019],[135.4544995,34.865027]]]}},{"type":"Feature","properties":{"mi":45252,"h":6.0,"l2":0},"geometry":{"type":"Polygon","coordinates":[[[135.4500222,34.8650633],[135.4500046,34.8650714],[135.4499842,34.8650409],[135.4499908,34.8650379],[135.4499896,34.8650361],[135.4499964,34.865033],[135.4499983,34.8650358],[135.4500025,34.8650339],[135.4500222,34.8650633]]]}},{"type":"Feature","properties":{"mi":45253,"h":6.0,"l2":0},"geometry":{"type":"Polygon","coordinates":[[[135.45323,34.865146],[135.4532209,34.8651483],[135.4532182,34.8651412],[135.4532274,34.8651389],[135.45323,34.865146]]]}},{"type":"Feature","properties":{"mi":45254,"h":3.1,"l2":0},"geometry":{"type":"Polygon","coordinates":[[[135.4500637,34.8655013],[135.4500365,34.8655706],[135.4500039,34.8655619],[135.4500312,34.8654926],[135.4500637,34.8655013]]]}},{"type":"Feature","properties":{"mi":45255,"h":4.0,"l2":0},"geometry":{"type":"Polygon","coordinates":[[[135.4359971,34.8702743],[135.4359919,34.8702901],[135.4359557,34.8702858],[135.435918,34.8702846],[135.4358879,34.8702837],[135.4358483,34.8702864],[135.4358391,34.8702576],[135.4358845,34.870251],[135.4359192,34.870249],[135.4359561,34.8702524],[135.4359912,34.8702581],[135.4359971,34.8702743]]]}},{"type":"Feature","properties":{"mi":45256,"h":3.8,"l2":0},"geometry":{"type":"Polygon","coordinates":[[[135.4356969,34.8706467],[135.4356628,34.8706915],[135.4356412,34.8706802],[135.4356753,34.8706355],[135.4356969,34.8706467]]]}},{"type":"Feature","properties":{"mi":45257,"h":6.0,"l2":0},"geometry":{"type":"Polygon","coordinates":[[[135.4356634,34.870698],[135.4356388,34.8707332],[135.4356172,34.870723],[135.4356418,34.8706877],[135.4356634,34.870698]]]}},{"type":"Feature","properties":{"mi":45258,"h":3.2,"l2":0},"geometry":{"type":"Polygon","coordinates":[[[135.4356314,34.8707411],[135.4356051,34.8707785],[135.4355896,34.8707711],[135.435583,34.8707679],[135.4355897,34.8707585],[135.4356093,34.8707306],[135.4356314,34.8707411]]]}},{"type":"Feature","properties":{"mi":45259,"h":4.4,"l2":0},"geometry":{"type":"Polygon","coordinates":[[[135.4341315,34.8710213],[135.4340759,34.8711483],[135.4340205,34.8711326],[135.434073,34.871021],[135.4341102,34.870942],[135.43413,34.8707434],[135.4341892,34.8707461],[135.4341622,34.8709512],[135.4341315,34.8710213]]]}},{"type":"Feature","properties":{"mi":45260,"h":4.0,"l2":0},"geometry":{"type":"Polygon","coordinates":[[[135.4347523,34.8715396],[135.4347242,34.8715467],[135.4347148,34.8715208],[135.4347426,34.8715137],[135.4347523,34.8715396]]]}},{"type":"Feature","properties":{"mi":45261,"h":4.0,"l2":0},"geometry":{"type":"Polygon","coordinates":[[[135.4348729,34.8716138],[135.4349175,34.8716894],[135.4348953,34.8716979],[135.4348818,34.8716766],[135.4348762,34.8716666],[135.4348499,34.8716228],[135.4348729,34.8716138]]]}},{"type":"Feature","properties":{"mi":45262,"h":15.1,"l2":0},"geometry":{"type":"Polygon","coordinates":[[[135.4351676,34.8718218],[135.4351396,34.8718719],[135.4350712,34.8718627],[135.4350624,34.8718611],[135.4350892,34.8718039],[135.435111,34.8716126],[135.4351083,34.8714789],[135.4351986,34.8714803],[135.4351912,34.8716684],[135.4351676,34.8718218]]]}},{"type":"Feature","properties":{"mi":45263,"h":7.9,"l2":0},"geometry":{"type":"Polygon","coordinates":[[[135.4347906,34.8717651],[135.4347809,34.8719375],[135.4346489,34.8719324],[135.4346624,34.8716931],[135.4347398,34.8717315],[135.4348818,34.8716766],[135.4348953,34.8716979],[135.4349076,34.8717174],[135.4347906,34.8717651]]]}},{"type":"Feature","properties":{"mi":45264,"h":7.9,"l2":0},"geometry":{"type":"Polygon","coordinates":[[[135.4349864,34.8721194],[135.4348528,34.8721568],[135.4347712,34.8719583],[135.4349046,34.8719211],[135.4349864,34.8721194]]]}},{"type":"Feature","properties":{"mi":45265,"h":4.0,"l2":0},"geometry":{"type":"Polygon","coordinates":[[[135.437112,34.8741281],[135.4370358,34.8741354],[135.4370313,34.8741031],[135.4371075,34.8740959],[135.437112,34.8741281]]]}},{"type":"Feature","properties":{"mi":45266,"h":4.0,"l2":0},"geometry":{"type":"Polygon","coordinates":[[[135.4370252,34.8666758],[135.436969,34.8667263],[135.4369463,34.866704],[135.4368999,34.8666935],[135.4368376,34.8666836],[135.4368523,34.8666205],[135.4369581,34.8666372],[135.4369721,34.8666394],[135.4370252,34.8666758]]]}},{"type":"Feature","properties":{"mi":45267,"h":6.0,"l2":0},"geometry":{"type":"Polygon","coordinates":[[[135.4366041,34.8674062],[135.4365926,34.8674146],[135.4365818,34.8674047],[135.4365933,34.8673962],[135.4366041,34.8674062]]]}},{"type":"Feature","properties":{"mi":45268,"h":2.9,"l2":0},"geometry":{"type":"Polygon","coordinates":[[[135.436645,34.8677004],[135.4366275,34.8677119],[135.4366265,34.8677108],[135.4366153,34.8676992],[135.4366327,34.8676878],[135.436645,34.8677004]]]}},{"type":"Feature","properties":{"mi":45269,"h":3.4,"l2":0},"geometry":{"type":"Polygon","coordinates":[[[135.4366265,34.8677108],[135.4366069,34.8677236],[135.4365758,34.8676912],[135.4365953,34.8676785],[135.4366153,34.8676992],[135.4366265,34.8677108]]]}},{"type":"Feature","properties":{"mi":45270,"h":4.0,"l2":0},"geometry":{"type":"Polygon","coordinates":[[[135.4365535,34.8677132],[135.4365163,34.8677374],[135.4364277,34.8676451],[135.4364649,34.8676209],[135.4365535,34.8677132]]]}},{"type":"Feature","properties":{"mi":45271,"h":2.9,"l2":0},"geometry":{"type":"Polygon","coordinates":[[[135.4366101,34.8677406],[135.4365877,34.8677562],[135.436575,34.8677438],[135.4365974,34.8677282],[135.4366101,34.8677406]]]}},{"type":"Feature","properties":{"mi":45272,"h":6.0,"l2":0},"geometry":{"type":"Polygon","coordinates":[[[135.4365799,34.8677596],[135.4365742,34.8677637],[135.4365649,34.8677549],[135.4365706,34.8677508],[135.4365799,34.8677596]]]}},{"type":"Feature","properties":{"mi":45273,"h":6.0,"l2":0},"geometry":{"type":"Polygon","coordinates":[[[135.4365475,34.8677816],[135.4365399,34.867787],[135.4365305,34.8677781],[135.4365381,34.8677726],[135.4365475,34.8677816]]]}},{"type":"Feature","properties":{"mi":45274,"h":17.1,"l2":0},"geometry":{"type":"Polygon","coordinates":[[[135.4343764,34.8681175],[135.4342502,34.8681587],[135.4342017,34.8680577],[135.4343279,34.8680165],[135.4343764,34.8681175]]]}},{"type":"Feature","properties":{"mi":45275,"h":6.0,"l2":0},"geometry":{"type":"Polygon","coordinates":[[[135.4373053,34.8681722],[135.4372942,34.8681833],[135.4372808,34.8681741],[135.437292,34.8681631],[135.4373053,34.8681722]]]}},{"type":"Feature","properties":{"mi":45276,"h":3.3,"l2":0},"geometry":{"type":"Polygon","coordinates":[[[135.4342639,34.8681733],[135.4342516,34.8681779],[135.4342484,34.8681722],[135.4342607,34.8681676],[135.4342639,34.8681733]]]}},{"type":"Feature","properties":{"mi":45277,"h":5.8,"l2":0},"geometry":{"type":"Polygon","coordinates":[[[135.4342924,34.8681887],[135.434249,34.8682076],[135.4342388,34.8681918],[135.4342822,34.8681728],[135.4342924,34.8681887]]]}},{"type":"Feature","properties":{"mi":45278,"h":4.7,"l2":0},"geometry":{"type":"Polygon","coordinates":[[[135.435363,34.8690083],[135.4353182,34.8690087],[135.4353175,34.8689546],[135.4353622,34.8689542],[135.435363,34.8690083]]]}},{"type":"Feature","properties":{"mi":45279,"h":4.0,"l2":0},"geometry":{"type":"Polygon","coordinates":[[[135.4362871,34.8693928],[135.4362621,34.8693962],[135.436241,34.8692909],[135.4362661,34.8692875],[135.4362871,34.8693928]]]}},{"type":"Feature","properties":{"mi":45280,"h":6.5,"l2":0},"geometry":{"type":"Polygon","coordinates":[[[135.4361147,34.8698567],[135.4360904,34.8698608],[135.4360855,34.869841],[135.4361099,34.8698369],[135.4361147,34.8698567]]]}},{"type":"Feature","properties":{"mi":45281,"h":15.7,"l2":0},"geometry":{"type":"Polygon","coordinates":[[[135.4360215,34.8699409],[135.4360021,34.8699416],[135.4359869,34.8699379],[135.4359537,34.8699072],[135.4359388,34.8698912],[135.4359258,34.8698732],[135.4359172,34.8698567],[135.4359128,34.8698376],[135.4359114,34.8698102],[135.4359156,34.8697869],[135.4359258,34.8697654],[135.4359385,34.8697519],[135.4359504,34.8697449],[135.4359633,34.8697412],[135.4359772,34.8697407],[135.4359952,34.8697448],[135.4360117,34.8697529],[135.4360303,34.8697677],[135.4360339,34.869774],[135.4360453,34.8697717],[135.436064,34.8697772],[135.4360819,34.8698006],[135.4360945,34.8698362],[135.4360678,34.8698429],[135.4360704,34.8698529],[135.4360707,34.8698725],[135.4360679,34.8698909],[135.4360601,34.8699112],[135.4360481,34.8699269],[135.4360366,34.8699353],[135.4360215,34.8699409]]]}},{"type":"Feature","properties":{"mi":45282,"h":16.6,"l2":0},"geometry":{"type":"Polygon","coordinates":[[[135.4353371,34.8705084],[135.4351076,34.8706446],[135.434936,34.870448],[135.435031,34.8703916],[135.4350047,34.8703616],[135.4350933,34.870309],[135.4351074,34.8703251],[135.4351576,34.8702954],[135.435167,34.8703061],[135.4353551,34.8701945],[135.4353014,34.8701331],[135.4353761,34.8700888],[135.4353212,34.8700293],[135.4353415,34.8699956],[135.4354079,34.869925],[135.435594,34.870117],[135.435605,34.8701283],[135.4355939,34.8701349],[135.435546,34.8701633],[135.4355874,34.8702107],[135.4355934,34.8702071],[135.4355965,34.8702053],[135.4356756,34.8702958],[135.4356201,34.8703287],[135.4357594,34.8704762],[135.4357668,34.87051],[135.4356999,34.8706351],[135.4356876,34.870621],[135.4356766,34.8706275],[135.4356215,34.8705644],[135.4355909,34.8705826],[135.4355224,34.8706233],[135.4353927,34.8704748],[135.4353611,34.8704936],[135.4353712,34.8705051],[135.4353468,34.8705195],[135.4353371,34.8705084]]]}},{"type":"Feature","properties":{"mi":45283,"h":4.0,"l2":0},"geometry":{"type":"Polygon","coordinates":[[[135.4353517,34.8709581],[135.4353101,34.8709944],[135.4352307,34.8709328],[135.4352723,34.8708964],[135.4353517,34.8709581]]]}},{"type":"Feature","properties":{"mi":45284,"h":7.2,"l2":0},"geometry":{"type":"Polygon","coordinates":[[[135.4348818,34.8716766],[135.4347398,34.8717315],[135.4346624,34.8716931],[135.4348225,34.8716313],[135.4348104,34.8716098],[135.43486,34.8715908],[135.4348729,34.8716138],[135.4348499,34.8716228],[135.4348762,34.8716666],[135.4348818,34.8716766]]]}},{"type":"Feature","properties":{"mi":45285,"h":4.0,"l2":0},"geometry":{"type":"Polygon","coordinates":[[[135.4351172,34.8719505],[135.4351161,34.8719561],[135.435069,34.8719498],[135.4350708,34.8719405],[135.4350563,34.8719386],[135.4350712,34.8718627],[135.4351396,34.8718719],[135.435124,34.8719514],[135.4351172,34.8719505]]]}},{"type":"Feature","properties":{"mi":45286,"h":20.1,"l2":0},"geometry":{"type":"Polygon","coordinates":[[[135.434787,34.8721455],[135.4346804,34.8721771],[135.4346086,34.8720265],[135.4347132,34.8719945],[135.4347292,34.8719984],[135.4347328,34.8720026],[135.4347368,34.872007],[135.4347372,34.8720086],[135.4347388,34.8720158],[135.4347388,34.8720197],[135.4347388,34.8720244],[135.4347336,34.8720314],[135.4347454,34.872059],[135.4347544,34.8720587],[135.4347602,34.8720627],[135.4347636,34.8720649],[135.4347657,34.8720694],[135.4347674,34.8720758],[135.434766,34.8720822],[135.4347589,34.872089],[135.4347731,34.8721172],[135.4347777,34.8721178],[135.4347833,34.8721181],[135.4347873,34.8721193],[135.4347911,34.8721232],[135.4347947,34.8721303],[135.434795,34.8721328],[135.4347939,34.8721403],[135.434787,34.8721455]]]}},{"type":"Feature","properties":{"mi":45287,"h":4.0,"l2":0},"geometry":{"type":"Polygon","coordinates":[[[135.4348294,34.8722085],[135.4347441,34.8722293],[135.4347283,34.8721851],[135.4348136,34.8721644],[135.4348294,34.8722085]]]}},{"type":"Feature","properties":{"mi":45288,"h":6.0,"l2":0},"geometry":{"type":"Polygon","coordinates":[[[135.4349176,34.8722351],[135.4348847,34.8722503],[135.4348706,34.8722296],[135.4349035,34.8722144],[135.4349176,34.8722351]]]}},{"type":"Feature","properties":{"mi":45289,"h":4.0,"l2":0},"geometry":{"type":"Polygon","coordinates":[[[135.4368229,34.8743941],[135.4368154,34.8744351],[135.4368069,34.874434],[135.4368081,34.8744272],[135.4367799,34.8744237],[135.4367861,34.8743896],[135.4368229,34.8743941]]]}},{"type":"Feature","properties":{"mi":45290,"h":4.0,"l2":0},"geometry":{"type":"Polygon","coordinates":[[[135.4368069,34.874434],[135.4367988,34.8744783],[135.4367478,34.874472],[135.4367571,34.8744209],[135.4367799,34.8744237],[135.4368081,34.8744272],[135.4368069,34.874434]]]}},{"type":"Feature","properties":{"mi":45291,"h":4.0,"l2":0},"geometry":{"type":"Polygon","coordinates":[[[135.4401478,34.8732806],[135.4401329,34.8732987],[135.4401153,34.8732926],[135.4400902,34.8732749],[135.4400706,34.8732534],[135.4400892,34.8732384],[135.4401202,34.8732637],[135.4401365,34.873274],[135.4401478,34.8732806]]]}},{"type":"Feature","properties":{"mi":45292,"h":4.0,"l2":0},"geometry":{"type":"Polygon","coordinates":[[[135.4457772,34.8666975],[135.44573,34.8667272],[135.4456779,34.866671],[135.445725,34.8666413],[135.4457772,34.8666975]]]}},{"type":"Feature","properties":{"mi":45293,"h":6.9,"l2":0},"geometry":{"type":"Polygon","coordinates":[[[135.4458786,34.8667177],[135.44586,34.8667621],[135.4457672,34.8667355],[135.4457858,34.866691],[135.4458786,34.8667177]]]}},{"type":"Feature","properties":{"mi":45294,"h":4.0,"l2":0},"geometry":{"type":"Polygon","coordinates":[[[135.4485096,34.8675309],[135.4484878,34.8675865],[135.4483307,34.8675447],[135.4483525,34.8674891],[135.4485096,34.8675309]]]}},{"type":"Feature","properties":{"mi":45295,"h":6.7,"l2":0},"geometry":{"type":"Polygon","coordinates":[[[135.4483879,34.8675889],[135.4483814,34.8676332],[135.4483502,34.8676301],[135.4483511,34.8676242],[135.4483163,34.8676208],[135.4483219,34.8675824],[135.4483879,34.8675889]]]}},{"type":"Feature","properties":{"mi":45296,"h":4.0,"l2":0},"geometry":{"type":"Polygon","coordinates":[[[135.4482921,34.8674859],[135.4482474,34.8676429],[135.4481733,34.8676285],[135.4482181,34.8674715],[135.4482921,34.8674859]]]}},{"type":"Feature","properties":{"mi":45297,"h":4.0,"l2":0},"geometry":{"type":"Polygon","coordinates":[[[135.4392256,34.8683405],[135.4392154,34.8684116],[135.4391708,34.8684073],[135.4391755,34.8683742],[135.4391617,34.8683729],[135.4391664,34.8683402],[135.4391765,34.8682707],[135.4392349,34.8682765],[135.4392256,34.8683405]]]}},{"type":"Feature","properties":{"mi":45298,"h":6.0,"l2":0},"geometry":{"type":"Polygon","coordinates":[[[135.4377822,34.8686581],[135.4377756,34.8686654],[135.4377589,34.8686552],[135.4377655,34.8686478],[135.4377822,34.8686581]]]}},{"type":"Feature","properties":{"mi":45299,"h":6.0,"l2":0},"geometry":{"type":"Polygon","coordinates":[[[135.4377996,34.8686729],[135.4377861,34.8686729],[135.4377861,34.8686634],[135.4377996,34.8686635],[135.4377996,34.8686729]]]}},{"type":"Feature","properties":{"mi":45300,"h":6.0,"l2":0},"geometry":{"type":"Polygon","coordinates":[[[135.4378511,34.8686741],[135.4378432,34.8686813],[135.4378246,34.8686675],[135.4378326,34.8686603],[135.4378511,34.8686741]]]}},{"type":"Feature","properties":{"mi":45301,"h":6.0,"l2":0},"geometry":{"type":"Polygon","coordinates":[[[135.4377797,34.8688599],[135.4377756,34.8688712],[135.4377637,34.8688682],[135.4377678,34.8688569],[135.4377797,34.8688599]]]}},{"type":"Feature","properties":{"mi":45302,"h":6.0,"l2":0},"geometry":{"type":"Polygon","coordinates":[[[135.4378215,34.8688634],[135.437814,34.8688747],[135.4378026,34.8688696],[135.43781,34.8688583],[135.4378215,34.8688634]]]}},{"type":"Feature","properties":{"mi":45303,"h":6.0,"l2":0},"geometry":{"type":"Polygon","coordinates":[[[135.4378381,34.8688793],[135.4378327,34.8688893],[135.4378201,34.8688847],[135.4378255,34.8688747],[135.4378381,34.8688793]]]}},{"type":"Feature","properties":{"mi":45304,"h":4.0,"l2":0},"geometry":{"type":"Polygon","coordinates":[[[135.4380289,34.8687622],[135.4379661,34.8689127],[135.4378923,34.8688918],[135.4379551,34.8687413],[135.4380289,34.8687622]]]}},{"type":"Feature","properties":{"mi":45305,"h":6.5,"l2":0},"geometry":{"type":"Polygon","coordinates":[[[135.4407538,34.8689841],[135.4407423,34.8690169],[135.4407029,34.8690076],[135.4407144,34.8689747],[135.4407538,34.8689841]]]}},{"type":"Feature","properties":{"mi":45306,"h":6.0,"l2":0},"geometry":{"type":"Polygon","coordinates":[[[135.4383451,34.8694657],[135.4383382,34.8694702],[135.4383332,34.869465],[135.4383401,34.8694606],[135.4383451,34.8694657]]]}},{"type":"Feature","properties":{"mi":45307,"h":6.0,"l2":0},"geometry":{"type":"Polygon","coordinates":[[[135.4384564,34.8695296],[135.4384476,34.86954],[135.4384279,34.8695286],[135.4384366,34.8695182],[135.4384564,34.8695296]]]}},{"type":"Feature","properties":{"mi":45308,"h":4.0,"l2":0},"geometry":{"type":"Polygon","coordinates":[[[135.4390527,34.8723903],[135.4390084,34.8724007],[135.4389989,34.8723735],[135.439075,34.8723556],[135.4390825,34.8723772],[135.4390508,34.8723846],[135.4390527,34.8723903]]]}},{"type":"Feature","properties":{"mi":45309,"h":4.0,"l2":0},"geometry":{"type":"Polygon","coordinates":[[[135.4377698,34.8733954],[135.4377389,34.8734045],[135.4377198,34.8733605],[135.4377507,34.8733514],[135.4377698,34.8733954]]]}}]}