{"type":"FeatureCollection","name":"27204_ikedashi_luse_green_surface","features":[{"type":"Feature","properties":{"petiteau_class":"farmland","source":"plateau_luse","source_file":"523513_luse_6697_op.gml","mesh_id":"523513","gml_id":"luse_b0c007d1-7cb8-468c-a630-f3dc30bf0c6c","luse_class":"201","landuse_name":"田・休耕地","function":null,"usage":null,"orgLandUse":"02","areaClassificationType":null},"geometry":{"type":"Polygon","coordinates":[[[135.436270074,34.798297526],[135.436281366,34.798298336],[135.436276653,34.798256684],[135.436273588,34.798229578],[135.436273839,34.798192618],[135.436285785,34.798155622],[135.436324057,34.7980484],[135.436639835,34.798092415],[135.436880313,34.798104465],[135.436860481,34.798240679],[135.436439399,34.798177609],[135.436391261,34.798398745],[135.436273602,34.79839627],[135.436270074,34.798297526]]]}},{"type":"Feature","properties":{"petiteau_class":"farmland","source":"plateau_luse","source_file":"523513_luse_6697_op.gml","mesh_id":"523513","gml_id":"luse_dcba3f57-d97f-4527-aa8e-a1513ecf1f92","luse_class":"201","landuse_name":"田・休耕地","function":null,"usage":null,"orgLandUse":"02","areaClassificationType":null},"geometry":{"type":"Polygon","coordinates":[[[135.429340721,34.802270988],[135.429389718,34.802314271],[135.429459077,34.802348082],[135.429481637,34.802350671],[135.429461689,34.802630823],[135.429429364,34.802627814],[135.429288893,34.802612826],[135.429152941,34.802601865],[135.429271891,34.802216138],[135.429340721,34.802270988]]]}},{"type":"Feature","properties":{"petiteau_class":"farmland","source":"plateau_luse","source_file":"523513_luse_6697_op.gml","mesh_id":"523513","gml_id":"luse_18b3edc7-80f8-4312-988e-1210f963f750","luse_class":"201","landuse_name":"田・休耕地","function":null,"usage":null,"orgLandUse":"02","areaClassificationType":null},"geometry":{"type":"Polygon","coordinates":[[[135.442597168,34.80520494],[135.442775177,34.805258312],[135.442772442,34.805291113],[135.442923484,34.805341624],[135.44292348,34.805341657],[135.442923559,34.805443165],[135.442927005,34.805483297],[135.442930361,34.805488],[135.442930816,34.805488828],[135.443003521,34.805621134],[135.442931137,34.805651183],[135.442921095,34.805646439],[135.442852138,34.805629086],[135.44281145,34.80561736],[135.44279444,34.805611423],[135.44273338,34.805573642],[135.44260553,34.805488857],[135.442577675,34.805470339],[135.442536206,34.805444727],[135.442516366,34.805437063],[135.442505451,34.80543503],[135.44252319,34.805186482],[135.442597168,34.80520494]]]}},{"type":"Feature","properties":{"petiteau_class":"farmland","source":"plateau_luse","source_file":"523513_luse_6697_op.gml","mesh_id":"523513","gml_id":"luse_2eef15ed-d614-4c51-8978-cc2cd01e7460","luse_class":"201","landuse_name":"田・休耕地","function":null,"usage":null,"orgLandUse":"02","areaClassificationType":null},"geometry":{"type":"Polygon","coordinates":[[[135.427681585,34.807169101],[135.427465569,34.807175747],[135.427473924,34.807326875],[135.427306439,34.807332939],[135.427163451,34.807337044],[135.427149693,34.807335085],[135.42714176,34.807328377],[135.427138476,34.807313307],[135.427134938,34.807192852],[135.427405363,34.807189167],[135.427403214,34.807057359],[135.427131065,34.80705761],[135.427127664,34.806917233],[135.427682725,34.806909388],[135.427681585,34.807169101]]]}},{"type":"Feature","properties":{"petiteau_class":"farmland","source":"plateau_luse","source_file":"523513_luse_6697_op.gml","mesh_id":"523513","gml_id":"luse_c6b81cf7-d218-4d13-a7b8-87d332406289","luse_class":"201","landuse_name":"田・休耕地","function":null,"usage":null,"orgLandUse":"02","areaClassificationType":null},"geometry":{"type":"Polygon","coordinates":[[[135.431033598,34.810699624],[135.430595166,34.810703163],[135.430583386,34.810683635],[135.43059782,34.810650979],[135.430606611,34.810612437],[135.430612457,34.81052529],[135.430560847,34.810512248],[135.430556605,34.810302544],[135.430629486,34.810305601],[135.430606493,34.810073347],[135.430750567,34.809950531],[135.430864362,34.810062736],[135.430901881,34.810092122],[135.430982764,34.810132073],[135.431055762,34.810155028],[135.43109012,34.810161942],[135.431127677,34.810169499],[135.431200778,34.810177378],[135.431289089,34.810182599],[135.43128918,34.810232948],[135.431299382,34.810481986],[135.431300253,34.81050465],[135.431213433,34.81050358],[135.4310366,34.810501401],[135.431033598,34.810699624]]]}},{"type":"Feature","properties":{"petiteau_class":"farmland","source":"plateau_luse","source_file":"523513_luse_6697_op.gml","mesh_id":"523513","gml_id":"luse_d0bcaa80-c643-40f8-a33d-a1a27bc5d964","luse_class":"201","landuse_name":"田・休耕地","function":null,"usage":null,"orgLandUse":"02","areaClassificationType":null},"geometry":{"type":"Polygon","coordinates":[[[135.435663826,34.812397049],[135.435630046,34.812397974],[135.435634962,34.812638784],[135.435157908,34.812646487],[135.43504861,34.812650043],[135.435022391,34.812164155],[135.435149978,34.812158746],[135.435661005,34.812146041],[135.435663826,34.812397049]]]}},{"type":"Feature","properties":{"petiteau_class":"farmland","source":"plateau_luse","source_file":"523513_luse_6697_op.gml","mesh_id":"523513","gml_id":"luse_f7edb1e9-f7ee-4460-801b-27a7d0cfb0fb","luse_class":"201","landuse_name":"田・休耕地","function":null,"usage":null,"orgLandUse":"02","areaClassificationType":null},"geometry":{"type":"Polygon","coordinates":[[[135.436822271,34.813434438],[135.436749571,34.813436264],[135.436421503,34.813458635],[135.436336806,34.813103598],[135.436358194,34.813092789],[135.436718752,34.813082108],[135.436805143,34.813076107],[135.436822271,34.813434438]]]}},{"type":"Feature","properties":{"petiteau_class":"farmland","source":"plateau_luse","source_file":"523513_luse_6697_op.gml","mesh_id":"523513","gml_id":"luse_7111884f-33ec-4290-9abe-016c118d1824","luse_class":"201","landuse_name":"田・休耕地","function":null,"usage":null,"orgLandUse":"02","areaClassificationType":null},"geometry":{"type":"Polygon","coordinates":[[[135.43649843,34.813975993],[135.436475344,34.813995358],[135.436116199,34.814001153],[135.436111239,34.813743638],[135.436196307,34.813744032],[135.436197659,34.813545436],[135.436374488,34.813541083],[135.436399738,34.813556977],[135.436418756,34.813637477],[135.43649843,34.813975993]]]}},{"type":"Feature","properties":{"petiteau_class":"farmland","source":"plateau_luse","source_file":"523513_luse_6697_op.gml","mesh_id":"523513","gml_id":"luse_2339477b-23a1-4e04-a71b-8822335d02e1","luse_class":"201","landuse_name":"田・休耕地","function":null,"usage":null,"orgLandUse":"02","areaClassificationType":null},"geometry":{"type":"Polygon","coordinates":[[[135.434463575,34.815192172],[135.433966517,34.81520548],[135.433914891,34.815206011],[135.433910201,34.814892002],[135.433641902,34.814894585],[135.433638593,34.814769839],[135.433635465,34.814652],[135.43390752,34.814653333],[135.434029292,34.814651004],[135.434142559,34.814648837],[135.434099811,34.814186627],[135.434522548,34.81416299],[135.434571243,34.814687653],[135.434455909,34.814689899],[135.434463575,34.815192172]]]}},{"type":"Feature","properties":{"petiteau_class":"farmland","source":"plateau_luse","source_file":"523513_luse_6697_op.gml","mesh_id":"523513","gml_id":"luse_4ac323e8-4a43-4701-bd18-add24cfd19af","luse_class":"201","landuse_name":"田・休耕地","function":null,"usage":null,"orgLandUse":"02","areaClassificationType":null},"geometry":{"type":"Polygon","coordinates":[[[135.442323567,34.822617697],[135.442324876,34.82263429],[135.442323336,34.822781766],[135.442097825,34.822763875],[135.441940578,34.82275495],[135.441882229,34.822751367],[135.441771649,34.822514846],[135.441737508,34.822522156],[135.441594463,34.822514559],[135.44156298,34.822449687],[135.44157693,34.822444081],[135.441530678,34.822344246],[135.441930831,34.822222758],[135.442055936,34.822176276],[135.442290011,34.822211695],[135.442323567,34.822617697]]]}},{"type":"Feature","properties":{"petiteau_class":"farmland","source":"plateau_luse","source_file":"523513_luse_6697_op.gml","mesh_id":"523513","gml_id":"luse_66597e39-228e-43d7-9a1a-b13f5c21b28d","luse_class":"201","landuse_name":"田・休耕地","function":null,"usage":null,"orgLandUse":"02","areaClassificationType":null},"geometry":{"type":"Polygon","coordinates":[[[135.451000126,34.830353783],[135.450983682,34.830527998],[135.450959844,34.830664384],[135.450946241,34.830794516],[135.450873169,34.830914096],[135.450548934,34.830810493],[135.450317501,34.830736605],[135.450191344,34.830404396],[135.450248659,34.830378185],[135.45048474,34.830270215],[135.451000126,34.830353783]]]}},{"type":"Feature","properties":{"petiteau_class":"farmland","source":"plateau_luse","source_file":"523513_luse_6697_op.gml","mesh_id":"523513","gml_id":"luse_48bc6c6e-e510-4858-b1ba-09b82b900360","luse_class":"202","landuse_name":"畑","function":null,"usage":null,"orgLandUse":"03","areaClassificationType":null},"geometry":{"type":"Polygon","coordinates":[[[135.436273602,34.79839627],[135.436260871,34.798396002],[135.436260651,34.798428344],[135.436026497,34.79841709],[135.435878688,34.798406838],[135.435622936,34.798374902],[135.435770777,34.798260603],[135.435773519,34.798257968],[135.436270074,34.798297526],[135.436273602,34.79839627]]]}},{"type":"Feature","properties":{"petiteau_class":"farmland","source":"plateau_luse","source_file":"523513_luse_6697_op.gml","mesh_id":"523513","gml_id":"luse_6b1778e3-ddee-44be-b2ea-045084d25612","luse_class":"202","landuse_name":"畑","function":null,"usage":null,"orgLandUse":"03","areaClassificationType":null},"geometry":{"type":"Polygon","coordinates":[[[135.435980858,34.798624246],[135.435934457,34.79893856],[135.435905597,34.799138872],[135.436070446,34.799201825],[135.436043919,34.799265586],[135.435978116,34.799235532],[135.43589573,34.799201074],[135.435842005,34.799178648],[135.43579569,34.799159232],[135.435833368,34.798922405],[135.435760983,34.798912063],[135.435771982,34.798603391],[135.435980858,34.798624246]]]}},{"type":"Feature","properties":{"petiteau_class":"farmland","source":"plateau_luse","source_file":"523513_luse_6697_op.gml","mesh_id":"523513","gml_id":"luse_a1ce1de2-7d32-45b1-b00a-b352d422c455","luse_class":"202","landuse_name":"畑","function":null,"usage":null,"orgLandUse":"03","areaClassificationType":null},"geometry":{"type":"Polygon","coordinates":[[[135.434413092,34.799137303],[135.43451659,34.799145903],[135.434511571,34.799288766],[135.434108404,34.799290227],[135.434050045,34.799290226],[135.433909822,34.799291557],[135.433947038,34.799346992],[135.433962022,34.799377172],[135.433972611,34.799402282],[135.433697637,34.799401678],[135.433675045,34.799408102],[135.433662232,34.799411746],[135.433631084,34.799395915],[135.433596539,34.799365645],[135.43357602,34.79932976],[135.433538066,34.799046787],[135.433599901,34.799049779],[135.433643488,34.799052506],[135.43367396,34.799055172],[135.433697318,34.799059428],[135.433712474,34.799064547],[135.433725652,34.799071279],[135.433732943,34.799076379],[135.43375112,34.799070675],[135.433836328,34.799043757],[135.433904479,34.799018021],[135.433934023,34.799012659],[135.433978226,34.799005112],[135.434050353,34.799005448],[135.434254725,34.799004145],[135.434304672,34.798635758],[135.434315005,34.798642927],[135.434363225,34.798671278],[135.434471547,34.798732361],[135.434472434,34.798826481],[135.434455483,34.798924214],[135.434408982,34.798926575],[135.434413092,34.799137303]]]}},{"type":"Feature","properties":{"petiteau_class":"farmland","source":"plateau_luse","source_file":"523513_luse_6697_op.gml","mesh_id":"523513","gml_id":"luse_13c19c09-04e8-44be-b147-dfee5db8cbf4","luse_class":"202","landuse_name":"畑","function":null,"usage":null,"orgLandUse":"03","areaClassificationType":null},"geometry":{"type":"Polygon","coordinates":[[[135.434104987,34.799566428],[135.434127146,34.799586183],[135.434351542,34.799597684],[135.434335861,34.799749511],[135.434471539,34.799757804],[135.434503638,34.79976228],[135.434471575,34.799976505],[135.434824692,34.800023813],[135.434817563,34.800066951],[135.434792083,34.800221126],[135.434773391,34.800205623],[135.434729161,34.800185134],[135.434691878,34.800171438],[135.434620555,34.800165338],[135.434557435,34.800158284],[135.434506015,34.800150292],[135.434475707,34.800139513],[135.434449931,34.800121274],[135.434434816,34.800110115],[135.434436403,34.800101829],[135.434309087,34.800085281],[135.434140893,34.800037441],[135.434115941,34.800042374],[135.434095393,34.800045191],[135.434058915,34.799907842],[135.434026872,34.799763964],[135.434019258,34.799694674],[135.434017449,34.799667462],[135.43402231,34.799642812],[135.434040755,34.799642124],[135.434050843,34.799621347],[135.434074081,34.799595131],[135.434096312,34.799572517],[135.434104987,34.799566428]]]}},{"type":"Feature","properties":{"petiteau_class":"farmland","source":"plateau_luse","source_file":"523513_luse_6697_op.gml","mesh_id":"523513","gml_id":"luse_67cfb175-4fd2-4a71-990c-8aec61e2b5d0","luse_class":"202","landuse_name":"畑","function":null,"usage":null,"orgLandUse":"03","areaClassificationType":null},"geometry":{"type":"Polygon","coordinates":[[[135.433921331,34.802707799],[135.433946298,34.802737624],[135.43370136,34.802863093],[135.433691664,34.802876439],[135.433542869,34.802799498],[135.433476755,34.802765313],[135.433398282,34.802722673],[135.433331622,34.802686451],[135.433328026,34.802684498],[135.43332824,34.80268411],[135.433419162,34.802520809],[135.433645666,34.802521863],[135.433904826,34.802404371],[135.434015794,34.802382711],[135.434432281,34.802369412],[135.434432529,34.802446776],[135.433978363,34.802454565],[135.433840739,34.80247466],[135.433848238,34.802496691],[135.433921331,34.802707799]]]}},{"type":"Feature","properties":{"petiteau_class":"farmland","source":"plateau_luse","source_file":"523513_luse_6697_op.gml","mesh_id":"523513","gml_id":"luse_09092719-eeb1-4346-9e00-c9d3a0885e9d","luse_class":"202","landuse_name":"畑","function":null,"usage":null,"orgLandUse":"03","areaClassificationType":null},"geometry":{"type":"Polygon","coordinates":[[[135.428892564,34.806618392],[135.42841356,34.80664427],[135.428389331,34.806560047],[135.428418217,34.80641297],[135.428805521,34.806402799],[135.428866738,34.806401193],[135.428892564,34.806618392]]]}},{"type":"Feature","properties":{"petiteau_class":"farmland","source":"plateau_luse","source_file":"523513_luse_6697_op.gml","mesh_id":"523513","gml_id":"luse_2479f744-c682-47b7-8579-090a1c444229","luse_class":"202","landuse_name":"畑","function":null,"usage":null,"orgLandUse":"03","areaClassificationType":null},"geometry":{"type":"Polygon","coordinates":[[[135.426472153,34.806815793],[135.426646261,34.806847445],[135.427052283,34.806849357],[135.427053536,34.806924866],[135.426471605,34.806894941],[135.426429409,34.806880319],[135.426392188,34.806857516],[135.426324023,34.806799131],[135.426329447,34.806605705],[135.426305666,34.806504627],[135.426300733,34.806495485],[135.426294474,34.806483885],[135.426276736,34.806499712],[135.426269698,34.80650599],[135.426258961,34.806509725],[135.425989021,34.806522696],[135.425982866,34.806492636],[135.425942929,34.806297557],[135.425572787,34.80633136],[135.425567952,34.806311114],[135.425547868,34.806244308],[135.425509914,34.806153891],[135.425481595,34.806092456],[135.425467227,34.806052542],[135.425458767,34.806011666],[135.42545165,34.805934735],[135.425440405,34.805885731],[135.425438755,34.80587157],[135.425437867,34.805864414],[135.425436922,34.805856477],[135.425436893,34.805856236],[135.42544426,34.805771261],[135.42544994,34.805744966],[135.425450019,34.805744604],[135.425439287,34.805716066],[135.425436126,34.805642988],[135.425435289,34.805623633],[135.425315665,34.805612792],[135.4251536,34.805611849],[135.425135489,34.805442563],[135.425044272,34.805436362],[135.425020675,34.805419213],[135.424985744,34.805412918],[135.424956625,34.805419631],[135.42493219,34.805428621],[135.424913033,34.805448723],[135.42490505,34.805480958],[135.424905085,34.805481388],[135.42490787,34.805515409],[135.424909704,34.805534709],[135.424909649,34.805534707],[135.424672392,34.805523762],[135.424648329,34.805553199],[135.424523113,34.805507131],[135.424522776,34.805507007],[135.424570258,34.805443996],[135.42457043,34.805443768],[135.424553683,34.805410432],[135.424588304,34.805377313],[135.424612667,34.805354007],[135.424644468,34.805358306],[135.424661028,34.805360545],[135.424716557,34.805328826],[135.424832423,34.805262642],[135.424866311,34.805257559],[135.424913996,34.805250406],[135.424974832,34.805260126],[135.424995385,34.805263411],[135.425032118,34.805269804],[135.42503929,34.805269055],[135.425069283,34.805265922],[135.425083544,34.805263525],[135.425227385,34.805239353],[135.425356464,34.80520818],[135.425533831,34.805165343],[135.425627726,34.805155869],[135.425718618,34.805177482],[135.425791918,34.805226778],[135.425836154,34.805295679],[135.425896956,34.805431277],[135.425990398,34.805553408],[135.426031686,34.805579294],[135.426080163,34.805594396],[135.426090343,34.805595346],[135.426100535,34.805594492],[135.42611201,34.805708223],[135.426136895,34.805863394],[135.426193947,34.806086237],[135.426313954,34.80641953],[135.426325675,34.806456041],[135.426336668,34.806466153],[135.426342618,34.806471626],[135.426365886,34.806457493],[135.426393733,34.806445184],[135.426422612,34.806441533],[135.426479663,34.806441712],[135.426472153,34.806815793]]]}},{"type":"Feature","properties":{"petiteau_class":"farmland","source":"plateau_luse","source_file":"523513_luse_6697_op.gml","mesh_id":"523513","gml_id":"luse_68d38252-0d65-46e1-af2c-188ae0a2dac5","luse_class":"202","landuse_name":"畑","function":null,"usage":null,"orgLandUse":"03","areaClassificationType":null},"geometry":{"type":"Polygon","coordinates":[[[135.427405363,34.807189167],[135.427134938,34.807192852],[135.427131065,34.80705761],[135.427403214,34.807057359],[135.427405363,34.807189167]]]}},{"type":"Feature","properties":{"petiteau_class":"farmland","source":"plateau_luse","source_file":"523513_luse_6697_op.gml","mesh_id":"523513","gml_id":"luse_580c8efe-c012-4894-8adf-675001f0b4a0","luse_class":"202","landuse_name":"畑","function":null,"usage":null,"orgLandUse":"03","areaClassificationType":null},"geometry":{"type":"Polygon","coordinates":[[[135.428405468,34.808131496],[135.427748473,34.808149511],[135.427737218,34.807959425],[135.427733976,34.807875121],[135.428490283,34.807830086],[135.428531772,34.807949366],[135.428546531,34.807978858],[135.42856998,34.808025713],[135.428405468,34.808131496]]]}},{"type":"Feature","properties":{"petiteau_class":"farmland","source":"plateau_luse","source_file":"523513_luse_6697_op.gml","mesh_id":"523513","gml_id":"luse_dc71c902-b213-425e-8166-85ee4d47e7dc","luse_class":"202","landuse_name":"畑","function":null,"usage":null,"orgLandUse":"03","areaClassificationType":null},"geometry":{"type":"Polygon","coordinates":[[[135.431208908,34.808028438],[135.431041043,34.808034473],[135.430993417,34.80805273],[135.430992626,34.808168026],[135.430684649,34.808175873],[135.430570598,34.808073834],[135.430231982,34.808067655],[135.430232759,34.807954623],[135.431206139,34.807938367],[135.431208908,34.808028438]]]}},{"type":"Feature","properties":{"petiteau_class":"farmland","source":"plateau_luse","source_file":"523513_luse_6697_op.gml","mesh_id":"523513","gml_id":"luse_f7556dfc-6d82-4811-9b67-f6b2bf3648ae","luse_class":"202","landuse_name":"畑","function":null,"usage":null,"orgLandUse":"03","areaClassificationType":null},"geometry":{"type":"Polygon","coordinates":[[[135.425966512,34.808923797],[135.425807983,34.808939694],[135.425759812,34.808762349],[135.425768413,34.808672692],[135.425996641,34.80868675],[135.425978794,34.808738411],[135.42597132,34.808807429],[135.425965966,34.808881198],[135.425966512,34.808923797]]]}},{"type":"Feature","properties":{"petiteau_class":"farmland","source":"plateau_luse","source_file":"523513_luse_6697_op.gml","mesh_id":"523513","gml_id":"luse_19690f20-ba27-47d2-a2f6-43ca17191a53","luse_class":"202","landuse_name":"畑","function":null,"usage":null,"orgLandUse":"03","areaClassificationType":null},"geometry":{"type":"Polygon","coordinates":[[[135.425621718,34.80913757],[135.425629749,34.80918591],[135.425636012,34.809223611],[135.425653187,34.809255982],[135.4256704,34.809282972],[135.425680228,34.809300059],[135.425680197,34.809304577],[135.42558939,34.809301625],[135.42544849,34.809303484],[135.425309144,34.809302105],[135.425314841,34.80925282],[135.425338392,34.809182526],[135.425621718,34.80913757]]]}},{"type":"Feature","properties":{"petiteau_class":"farmland","source":"plateau_luse","source_file":"523513_luse_6697_op.gml","mesh_id":"523513","gml_id":"luse_f34961e5-e8ff-4e05-b1c9-e63d47cfeae6","luse_class":"202","landuse_name":"畑","function":null,"usage":null,"orgLandUse":"03","areaClassificationType":null},"geometry":{"type":"Polygon","coordinates":[[[135.422073105,34.809601668],[135.421824722,34.809550467],[135.421810066,34.80940741],[135.421802354,34.80925971],[135.42180383,34.809204907],[135.421846902,34.809037294],[135.421915232,34.808945217],[135.422011176,34.808806067],[135.422069126,34.80872202],[135.422224139,34.808570725],[135.422265647,34.808590034],[135.422497174,34.808251459],[135.422507809,34.808235907],[135.422708343,34.807926387],[135.422760436,34.807846696],[135.422760704,34.807846288],[135.422966912,34.807946274],[135.422966638,34.807946712],[135.42277536,34.808253042],[135.422775648,34.808253153],[135.423041879,34.808355453],[135.423041349,34.80835582],[135.422829253,34.808502469],[135.422737506,34.808697116],[135.422701094,34.808793492],[135.422668281,34.808890877],[135.422668487,34.808890836],[135.422673874,34.808889766],[135.422686012,34.808887355],[135.42275792,34.808888868],[135.422956511,34.808901223],[135.422987981,34.808704954],[135.423218233,34.808716713],[135.423218202,34.808717283],[135.423207522,34.808912185],[135.423312954,34.808912769],[135.423309187,34.808924033],[135.423250614,34.809099246],[135.422994302,34.809081375],[135.422954245,34.809434206],[135.422701481,34.809537309],[135.422688898,34.809539233],[135.422684002,34.809535965],[135.422625553,34.809250096],[135.42219332,34.809243627],[135.422073105,34.809601668]]]}},{"type":"Feature","properties":{"petiteau_class":"farmland","source":"plateau_luse","source_file":"523513_luse_6697_op.gml","mesh_id":"523513","gml_id":"luse_3fb04160-f724-4c1a-be13-a528b3618a0c","luse_class":"202","landuse_name":"畑","function":null,"usage":null,"orgLandUse":"03","areaClassificationType":null},"geometry":{"type":"Polygon","coordinates":[[[135.430822648,34.8093959],[135.430809763,34.809568925],[135.430848736,34.809830088],[135.431092621,34.809840694],[135.43109012,34.810161942],[135.431055762,34.810155028],[135.430982764,34.810132073],[135.430901881,34.810092122],[135.430864362,34.810062736],[135.430750567,34.809950531],[135.430661744,34.809849044],[135.430535712,34.809677202],[135.430587618,34.80963552],[135.430452309,34.809432391],[135.430486509,34.809418037],[135.430508083,34.809411827],[135.430529528,34.809408773],[135.430559926,34.809406841],[135.430611739,34.809406092],[135.43064718,34.809402021],[135.430673774,34.809397007],[135.43070928,34.80938356],[135.430756238,34.809357727],[135.430825986,34.809323617],[135.430822648,34.8093959]]]}},{"type":"Feature","properties":{"petiteau_class":"farmland","source":"plateau_luse","source_file":"523513_luse_6697_op.gml","mesh_id":"523513","gml_id":"luse_5f4d2e0f-d641-4496-98dc-854ec615cc83","luse_class":"202","landuse_name":"畑","function":null,"usage":null,"orgLandUse":"03","areaClassificationType":null},"geometry":{"type":"Polygon","coordinates":[[[135.430342063,34.810522853],[135.430045514,34.810525071],[135.429967023,34.810542822],[135.429866011,34.810561371],[135.429689102,34.810570098],[135.42966524,34.810432329],[135.42965649,34.81043319],[135.429365996,34.810460945],[135.429276893,34.810432491],[135.429247314,34.81031552],[135.429242568,34.810300576],[135.429086895,34.810342173],[135.42905332,34.810358692],[135.42881913,34.810366851],[135.428773324,34.810365311],[135.428676481,34.81035472],[135.428690119,34.809995853],[135.429004858,34.809993489],[135.429054702,34.809906874],[135.429061202,34.809772763],[135.429068027,34.809749988],[135.429340618,34.809766231],[135.429398504,34.809899292],[135.429702383,34.809847979],[135.429866323,34.809849468],[135.429876658,34.809833947],[135.429888522,34.809816128],[135.430090089,34.809829422],[135.430143095,34.809814165],[135.430257231,34.80981556],[135.430221651,34.810183961],[135.430220843,34.81022182],[135.430223216,34.810242475],[135.430225134,34.810249606],[135.430227505,34.810254485],[135.430231304,34.810258289],[135.430236964,34.810261741],[135.430254626,34.810268134],[135.430275687,34.810273281],[135.430295661,34.810277252],[135.430312361,34.810280575],[135.430323597,34.810283782],[135.430332637,34.810288332],[135.430333492,34.810288924],[135.430342063,34.810522853]]]}},{"type":"Feature","properties":{"petiteau_class":"farmland","source":"plateau_luse","source_file":"523513_luse_6697_op.gml","mesh_id":"523513","gml_id":"luse_ec5ab96e-894a-4682-a434-86a4e7fead67","luse_class":"202","landuse_name":"畑","function":null,"usage":null,"orgLandUse":"03","areaClassificationType":null},"geometry":{"type":"Polygon","coordinates":[[[135.427762523,34.810907854],[135.427874599,34.811170624],[135.427561342,34.811265249],[135.427544924,34.811268507],[135.427523519,34.811265883],[135.427402905,34.811242147],[135.427340891,34.811231939],[135.427324447,34.811223207],[135.427316963,34.811214967],[135.42731666,34.811195494],[135.42741893,34.811074366],[135.427491584,34.810999884],[135.427570322,34.810946616],[135.427674237,34.810887877],[135.427748679,34.810902561],[135.427762523,34.810907854]]]}},{"type":"Feature","properties":{"petiteau_class":"farmland","source":"plateau_luse","source_file":"523513_luse_6697_op.gml","mesh_id":"523513","gml_id":"luse_b93c4198-f2a9-4ed5-ac46-591b4607fdf8","luse_class":"202","landuse_name":"畑","function":null,"usage":null,"orgLandUse":"03","areaClassificationType":null},"geometry":{"type":"Polygon","coordinates":[[[135.423294677,34.811086531],[135.423341639,34.811107758],[135.423409278,34.811126018],[135.423467183,34.811145224],[135.42353463,34.811175473],[135.423644165,34.811251896],[135.423753729,34.811324264],[135.4238013,34.811336299],[135.423474986,34.811418921],[135.423434377,34.811429104],[135.423046626,34.811252396],[135.423206767,34.811028239],[135.423294677,34.811086531]]]}},{"type":"Feature","properties":{"petiteau_class":"farmland","source":"plateau_luse","source_file":"523513_luse_6697_op.gml","mesh_id":"523513","gml_id":"luse_3959a544-86f4-47e9-be20-bcbd491e4ff3","luse_class":"202","landuse_name":"畑","function":null,"usage":null,"orgLandUse":"03","areaClassificationType":null},"geometry":{"type":"Polygon","coordinates":[[[135.426967826,34.811503062],[135.426892832,34.811552201],[135.426871702,34.811572925],[135.426805911,34.811650684],[135.42674338,34.811731072],[135.426727417,34.811747494],[135.426693683,34.811773298],[135.426629301,34.811805178],[135.426529893,34.811875836],[135.426497308,34.811909308],[135.426475318,34.811927776],[135.426452087,34.811952096],[135.426425898,34.811993171],[135.426416581,34.812009877],[135.426370891,34.812091804],[135.426343736,34.81213026],[135.426307184,34.81216822],[135.426260764,34.812210642],[135.426225027,34.812239782],[135.426219323,34.812244432],[135.426183798,34.812244626],[135.426222777,34.812171789],[135.426271985,34.812026792],[135.426295663,34.811964143],[135.42626728,34.811957572],[135.426290961,34.811903511],[135.426342216,34.811621513],[135.426383629,34.811504509],[135.42619253,34.811460553],[135.426003566,34.811896523],[135.425905913,34.811871542],[135.425753021,34.811821058],[135.425856891,34.811674606],[135.425892351,34.811636461],[135.425937757,34.811598362],[135.425969233,34.811583005],[135.425697557,34.811449745],[135.42575498,34.811379557],[135.425815842,34.811305164],[135.426166494,34.811314745],[135.426166744,34.811314753],[135.426260108,34.811296172],[135.42643377,34.811346031],[135.426466966,34.811334919],[135.426570421,34.811358394],[135.426563129,34.811011254],[135.426560311,34.810877134],[135.42669991,34.810874096],[135.426698283,34.810919793],[135.426840565,34.810923709],[135.426847854,34.811370699],[135.427083098,34.811414267],[135.427037579,34.811453087],[135.426967826,34.811503062]]]}},{"type":"Feature","properties":{"petiteau_class":"farmland","source":"plateau_luse","source_file":"523513_luse_6697_op.gml","mesh_id":"523513","gml_id":"luse_4ffd717c-b8d8-42ce-bbbc-fa09705f772b","luse_class":"202","landuse_name":"畑","function":null,"usage":null,"orgLandUse":"03","areaClassificationType":null},"geometry":{"type":"Polygon","coordinates":[[[135.423829822,34.813510563],[135.423829882,34.813511178],[135.423754889,34.813481164],[135.423719959,34.813458641],[135.423657364,34.813375047],[135.423467056,34.813093694],[135.423491395,34.813083262],[135.423507099,34.813072699],[135.423521258,34.813079888],[135.423611225,34.813015767],[135.423648494,34.812969067],[135.423665824,34.812929213],[135.423677501,34.812884735],[135.423682376,34.812796773],[135.423662181,34.812636033],[135.423644575,34.812511634],[135.423614107,34.812397723],[135.423597571,34.812323723],[135.423590867,34.812266266],[135.42358671,34.812251012],[135.423522318,34.812095922],[135.42342163,34.811894864],[135.423219219,34.811531417],[135.423183735,34.811494469],[135.423358036,34.811562455],[135.423445685,34.811626876],[135.423579235,34.811723517],[135.423714476,34.811812774],[135.423843613,34.811883971],[135.423846736,34.811922209],[135.42353124,34.811976156],[135.423598234,34.812228529],[135.423866312,34.812194986],[135.423891309,34.812543726],[135.423878787,34.812688082],[135.423803069,34.813123412],[135.423771997,34.813347374],[135.423804564,34.813411173],[135.423824038,34.813455708],[135.42382927,34.813504864],[135.423829822,34.813510563]]]}},{"type":"Feature","properties":{"petiteau_class":"farmland","source":"plateau_luse","source_file":"523513_luse_6697_op.gml","mesh_id":"523513","gml_id":"luse_623133df-e098-4346-842d-ae389366d9b6","luse_class":"202","landuse_name":"畑","function":null,"usage":null,"orgLandUse":"03","areaClassificationType":null},"geometry":{"type":"Polygon","coordinates":[[[135.433064378,34.813848438],[135.432842403,34.813860835],[135.432835947,34.813814018],[135.432703217,34.813818989],[135.432693066,34.81329058],[135.432698803,34.813285107],[135.432768384,34.813331047],[135.432790472,34.813340834],[135.43280823,34.813345898],[135.43283171,34.813348498],[135.432859569,34.813349181],[135.432927047,34.813348388],[135.433123941,34.813344863],[135.433526838,34.813338419],[135.433569197,34.813346497],[135.433581636,34.813349621],[135.433590135,34.813353536],[135.433592625,34.813357154],[135.433596539,34.813376194],[135.433601735,34.813607089],[135.433580556,34.81361934],[135.43305714,34.813644578],[135.433064378,34.813848438]]]}},{"type":"Feature","properties":{"petiteau_class":"farmland","source":"plateau_luse","source_file":"523513_luse_6697_op.gml","mesh_id":"523513","gml_id":"luse_a45afacb-a1f3-4da2-b9ff-abacc3623324","luse_class":"202","landuse_name":"畑","function":null,"usage":null,"orgLandUse":"03","areaClassificationType":null},"geometry":{"type":"Polygon","coordinates":[[[135.423001184,34.814701982],[135.423016607,34.814708433],[135.423001754,34.814848844],[135.422663147,34.814954965],[135.422337241,34.815059061],[135.422230969,34.815093004],[135.422199141,34.815064457],[135.422127446,34.815031662],[135.422048277,34.815004873],[135.422143058,34.8148152],[135.422310125,34.814651833],[135.4220081,34.814669149],[135.421982848,34.814497387],[135.421546648,34.814519141],[135.421546921,34.814515058],[135.421547337,34.814455442],[135.421555,34.81444885],[135.421556685,34.814447403],[135.421649387,34.814258171],[135.421656404,34.814239363],[135.421660046,34.814218826],[135.421660214,34.814194758],[135.422111431,34.814100443],[135.422308631,34.814317736],[135.422520848,34.814184692],[135.422633388,34.814316482],[135.422642132,34.81433239],[135.422532471,34.814367478],[135.422421585,34.814374524],[135.422503396,34.814638794],[135.422609766,34.81463162],[135.42281803,34.814610882],[135.422894808,34.814588709],[135.422903407,34.814581356],[135.422959117,34.81463481],[135.423001184,34.814701982]]]}},{"type":"Feature","properties":{"petiteau_class":"farmland","source":"plateau_luse","source_file":"523513_luse_6697_op.gml","mesh_id":"523513","gml_id":"luse_f4cffc2a-acea-4f18-8617-41fc1f451ffe","luse_class":"202","landuse_name":"畑","function":null,"usage":null,"orgLandUse":"03","areaClassificationType":null},"geometry":{"type":"Polygon","coordinates":[[[135.423362676,34.815399108],[135.423320786,34.81546553],[135.423193821,34.815395604],[135.423288234,34.815258485],[135.423280815,34.815234769],[135.423427911,34.815232991],[135.423400346,34.815326537],[135.423362676,34.815399108]]]}},{"type":"Feature","properties":{"petiteau_class":"farmland","source":"plateau_luse","source_file":"523513_luse_6697_op.gml","mesh_id":"523513","gml_id":"luse_5d61b723-7687-4969-af8c-ca7e9037829a","luse_class":"202","landuse_name":"畑","function":null,"usage":null,"orgLandUse":"03","areaClassificationType":null},"geometry":{"type":"Polygon","coordinates":[[[135.43639582,34.817546721],[135.436199011,34.817594436],[135.436078098,34.817654663],[135.435661111,34.817717568],[135.435576036,34.817284094],[135.435763672,34.817260659],[135.436343163,34.817200021],[135.43639582,34.817546721]]]}},{"type":"Feature","properties":{"petiteau_class":"farmland","source":"plateau_luse","source_file":"523513_luse_6697_op.gml","mesh_id":"523513","gml_id":"luse_f9a623a1-0cac-4122-9112-defb116964e3","luse_class":"202","landuse_name":"畑","function":null,"usage":null,"orgLandUse":"03","areaClassificationType":null},"geometry":{"type":"Polygon","coordinates":[[[135.442551294,34.823318746],[135.442551554,34.823507426],[135.442485214,34.823612326],[135.442446765,34.823726267],[135.442438034,34.823844322],[135.442320973,34.823956832],[135.44217631,34.824044875],[135.442011367,34.824103797],[135.441963227,34.823822767],[135.441882321,34.823546912],[135.44176963,34.823278746],[135.441978448,34.82329007],[135.442179072,34.823256432],[135.442183605,34.823255672],[135.442165509,34.823064655],[135.442458748,34.822950076],[135.442520185,34.823131816],[135.442551294,34.823318746]]]}},{"type":"Feature","properties":{"petiteau_class":"farmland","source":"plateau_luse","source_file":"523513_luse_6697_op.gml","mesh_id":"523513","gml_id":"luse_370069d9-5519-47ab-99f5-c8d6fcaacb02","luse_class":"202","landuse_name":"畑","function":null,"usage":null,"orgLandUse":"03","areaClassificationType":null},"geometry":{"type":"Polygon","coordinates":[[[135.440890954,34.823590315],[135.440890013,34.82363259],[135.4408909,34.823679291],[135.440897785,34.823728003],[135.440910637,34.823783684],[135.440934107,34.823837159],[135.440772257,34.823890659],[135.440842005,34.824052415],[135.440586688,34.824112588],[135.440556537,34.824109566],[135.440350655,34.82348434],[135.440377475,34.823478875],[135.440399546,34.823464462],[135.440442815,34.82345132],[135.440490348,34.823438196],[135.440527126,34.823431243],[135.440569241,34.82342702],[135.440607083,34.823424489],[135.440654647,34.823422905],[135.440685572,34.82342467],[135.440689179,34.823424867],[135.440693875,34.823425519],[135.440727949,34.823430364],[135.440735755,34.823423899],[135.440799625,34.823371015],[135.440819168,34.823358664],[135.440844054,34.823348141],[135.440881937,34.82333939],[135.441002958,34.82330605],[135.441050588,34.82329473],[135.44106571,34.823289481],[135.441075481,34.823283305],[135.441089575,34.823268226],[135.441103809,34.823248728],[135.441123284,34.823230067],[135.441145043,34.82321322],[135.441163474,34.823203568],[135.441186149,34.823196551],[135.441225859,34.823175828],[135.441269795,34.82335867],[135.441339283,34.823535949],[135.441433445,34.82370531],[135.441464335,34.823749534],[135.441514805,34.823779063],[135.441575509,34.823788717],[135.441615823,34.823839474],[135.441625069,34.823899736],[135.441640395,34.823927152],[135.441409352,34.823967499],[135.441294744,34.824004072],[135.441277201,34.824009671],[135.441239244,34.823978561],[135.441204747,34.823955416],[135.441171881,34.823933359],[135.441128973,34.823892955],[135.441051841,34.823772703],[135.440993509,34.823685262],[135.440955825,34.823632261],[135.440907707,34.823586336],[135.440893831,34.823575271],[135.440890954,34.823590315]]]}},{"type":"Feature","properties":{"petiteau_class":"farmland","source":"plateau_luse","source_file":"523513_luse_6697_op.gml","mesh_id":"523513","gml_id":"luse_2f307d2e-6832-438b-a44c-b2f53f92e0d3","luse_class":"202","landuse_name":"畑","function":null,"usage":null,"orgLandUse":"03","areaClassificationType":null},"geometry":{"type":"Polygon","coordinates":[[[135.441733095,34.825725428],[135.441322867,34.825760189],[135.441310573,34.825735161],[135.441314881,34.825712464],[135.441328847,34.825684131],[135.441086816,34.825699517],[135.441013679,34.82571249],[135.441000129,34.825714894],[135.440668888,34.825682271],[135.440580364,34.825710711],[135.440785374,34.825479612],[135.440802232,34.825436426],[135.440857461,34.825294958],[135.44086315,34.825213491],[135.440898272,34.825031101],[135.440906359,34.825015272],[135.440927854,34.825005094],[135.441140247,34.824991285],[135.441157272,34.825141281],[135.441164885,34.825179539],[135.441153369,34.825379255],[135.44094737,34.825597376],[135.441214751,34.82561898],[135.441508729,34.825433984],[135.441632268,34.825359418],[135.441680231,34.825502022],[135.441733095,34.825725428]]]}},{"type":"Feature","properties":{"petiteau_class":"farmland","source":"plateau_luse","source_file":"523513_luse_6697_op.gml","mesh_id":"523513","gml_id":"luse_95dd3f2f-05c8-43d5-b882-8629d071cccd","luse_class":"202","landuse_name":"畑","function":null,"usage":null,"orgLandUse":"03","areaClassificationType":null},"geometry":{"type":"Polygon","coordinates":[[[135.444040176,34.825512829],[135.444077395,34.825391479],[135.44410552,34.825403417],[135.444152891,34.825430588],[135.444242824,34.825452634],[135.444321432,34.825467868],[135.44437365,34.825489742],[135.444402016,34.825514482],[135.444402952,34.825521788],[135.444552459,34.825707275],[135.444365569,34.825771724],[135.444316114,34.8257876],[135.444208567,34.82580027],[135.444089603,34.825803513],[135.444019451,34.825800736],[135.444009811,34.825801706],[135.443995645,34.825803051],[135.444008792,34.825774386],[135.444040176,34.825512829]]]}},{"type":"Feature","properties":{"petiteau_class":"farmland","source":"plateau_luse","source_file":"523513_luse_6697_op.gml","mesh_id":"523513","gml_id":"luse_87d4ec86-c6a1-4e72-bf92-6c43bbc225e6","luse_class":"202","landuse_name":"畑","function":null,"usage":null,"orgLandUse":"03","areaClassificationType":null},"geometry":{"type":"Polygon","coordinates":[[[135.449138062,34.825720552],[135.449162207,34.825854171],[135.448905182,34.825888706],[135.448856297,34.825710801],[135.448778194,34.82571811],[135.448779265,34.825681881],[135.448781298,34.825613102],[135.448636717,34.825195837],[135.448870919,34.825140498],[135.448904781,34.825111894],[135.448822705,34.824895933],[135.449046265,34.824845515],[135.449154025,34.825129159],[135.449174642,34.825186858],[135.449011334,34.825182693],[135.448992106,34.82519721],[135.449089028,34.825433748],[135.449130983,34.825535986],[135.449152052,34.825589719],[135.449173757,34.825646432],[135.449138062,34.825720552]]]}},{"type":"Feature","properties":{"petiteau_class":"farmland","source":"plateau_luse","source_file":"523513_luse_6697_op.gml","mesh_id":"523513","gml_id":"luse_a9e0836d-7f61-4038-92ea-187c1266803e","luse_class":"202","landuse_name":"畑","function":null,"usage":null,"orgLandUse":"03","areaClassificationType":null},"geometry":{"type":"Polygon","coordinates":[[[135.448099146,34.826332459],[135.447900076,34.826380957],[135.4478425,34.826222193],[135.447811113,34.826229645],[135.447752378,34.826070357],[135.447514287,34.826134093],[135.447499075,34.82612023],[135.447468745,34.826078264],[135.447446226,34.82602894],[135.447408268,34.825901568],[135.447428357,34.825872632],[135.447472686,34.82586463],[135.447679212,34.825861871],[135.447906574,34.825865879],[135.447971954,34.825815872],[135.448176774,34.825773891],[135.448258734,34.8259917],[135.447999519,34.826059128],[135.448099146,34.826332459]]]}},{"type":"Feature","properties":{"petiteau_class":"farmland","source":"plateau_luse","source_file":"523513_luse_6697_op.gml","mesh_id":"523513","gml_id":"luse_bf9d8752-0a4c-4331-a826-6c71d5c49e19","luse_class":"202","landuse_name":"畑","function":null,"usage":null,"orgLandUse":"03","areaClassificationType":null},"geometry":{"type":"Polygon","coordinates":[[[135.443999847,34.827398189],[135.443991626,34.827271223],[135.4439902,34.827223168],[135.444606187,34.827197855],[135.445126826,34.827289297],[135.445071249,34.827409482],[135.44502386,34.827498603],[135.444768949,34.82746138],[135.444758524,34.827678952],[135.44459217,34.827673504],[135.444588602,34.827874545],[135.444345061,34.827865469],[135.444346955,34.827741353],[135.443934225,34.827727563],[135.443958205,34.827689359],[135.443986104,34.82758861],[135.443997004,34.827479491],[135.443997262,34.827473723],[135.443997953,34.82745227],[135.443999847,34.827398189]]]}},{"type":"Feature","properties":{"petiteau_class":"farmland","source":"plateau_luse","source_file":"523513_luse_6697_op.gml","mesh_id":"523513","gml_id":"luse_d59562c0-3995-4c3f-adcb-f71c8ae2a981","luse_class":"202","landuse_name":"畑","function":null,"usage":null,"orgLandUse":"03","areaClassificationType":null},"geometry":{"type":"Polygon","coordinates":[[[135.450867351,34.827886026],[135.450870978,34.827905903],[135.450871494,34.827956895],[135.450862608,34.8280344],[135.450862557,34.828034397],[135.450862631,34.828033745],[135.450500513,34.828010309],[135.450506731,34.827975352],[135.450475445,34.827881928],[135.450440765,34.827862637],[135.450176452,34.827927412],[135.450137556,34.827863125],[135.450084873,34.827713511],[135.450565682,34.827564954],[135.450648159,34.827626787],[135.450766075,34.827715189],[135.450798465,34.827764366],[135.450805356,34.827774751],[135.450807699,34.827778708],[135.450842775,34.827837953],[135.450867351,34.827886026]]]}},{"type":"Feature","properties":{"petiteau_class":"farmland","source":"plateau_luse","source_file":"523513_luse_6697_op.gml","mesh_id":"523513","gml_id":"luse_b6302c91-faf9-4245-98e7-429a1c2f14a3","luse_class":"202","landuse_name":"畑","function":null,"usage":null,"orgLandUse":"03","areaClassificationType":null},"geometry":{"type":"Polygon","coordinates":[[[135.446671231,34.827976231],[135.446675106,34.82816511],[135.446682363,34.828237354],[135.446595485,34.828218926],[135.446338173,34.828164388],[135.44629273,34.828153831],[135.446119327,34.827883662],[135.445859055,34.827895728],[135.4458504,34.827849532],[135.445887284,34.827826893],[135.445941853,34.827791713],[135.445979761,34.827763309],[135.446008582,34.827736666],[135.446037415,34.82770822],[135.44605871,34.827679019],[135.44607474,34.827652408],[135.44609238,34.827613904],[135.446108427,34.827568543],[135.44611332,34.827556215],[135.446122993,34.827531919],[135.446133083,34.827494643],[135.446134783,34.827469139],[135.446135108,34.82742064],[135.446134374,34.827415949],[135.446149872,34.827419896],[135.446171508,34.827421347],[135.446179281,34.827421613],[135.446216976,34.827422906],[135.446234585,34.827421634],[135.446255391,34.827416501],[135.446277828,34.827412636],[135.446286583,34.827411323],[135.446314565,34.827412082],[135.446331273,34.827414862],[135.446377577,34.827422285],[135.446387944,34.827424946],[135.44639997,34.827425001],[135.446509609,34.827459396],[135.446520939,34.827465397],[135.446506952,34.827562333],[135.446498141,34.827653884],[135.446505737,34.827760293],[135.44651397,34.827788097],[135.446641716,34.827763437],[135.446671231,34.827976231]]]}},{"type":"Feature","properties":{"petiteau_class":"farmland","source":"plateau_luse","source_file":"523513_luse_6697_op.gml","mesh_id":"523513","gml_id":"luse_e40d8340-00be-43ad-be5a-7086659bf704","luse_class":"202","landuse_name":"畑","function":null,"usage":null,"orgLandUse":"03","areaClassificationType":null},"geometry":{"type":"Polygon","coordinates":[[[135.450455958,34.828217494],[135.450450421,34.828228287],[135.45044261,34.828235555],[135.450427143,34.828243417],[135.450062817,34.828334263],[135.450048278,34.828334198],[135.450036489,34.828331349],[135.450029726,34.828328975],[135.449820285,34.828144486],[135.4499839,34.828101865],[135.450023698,34.828205179],[135.450483886,34.82808763],[135.450455958,34.828217494]]]}},{"type":"Feature","properties":{"petiteau_class":"farmland","source":"plateau_luse","source_file":"523513_luse_6697_op.gml","mesh_id":"523513","gml_id":"luse_9889114c-6568-4876-91bc-e8af0cf606a8","luse_class":"202","landuse_name":"畑","function":null,"usage":null,"orgLandUse":"03","areaClassificationType":null},"geometry":{"type":"Polygon","coordinates":[[[135.442472991,34.828145308],[135.442473852,34.828196237],[135.442483526,34.828241513],[135.442506703,34.828320004],[135.442515462,34.828525351],[135.442520312,34.828639052],[135.442447805,34.82859538],[135.442309891,34.828554812],[135.442289882,34.828555261],[135.442330908,34.828518398],[135.442357027,34.828487507],[135.442369976,34.828464127],[135.442371756,34.828443221],[135.442361013,34.828415136],[135.442275116,34.828179515],[135.442158074,34.827982305],[135.442093358,34.828095143],[135.442078188,34.828107514],[135.44205496,34.828115071],[135.442020718,34.8281187],[135.441982564,34.828118525],[135.44196055,34.828059647],[135.441947635,34.827997025],[135.441939268,34.827940914],[135.441954577,34.82781063],[135.441950791,34.827772299],[135.441926043,34.827648682],[135.441874491,34.827544325],[135.441904878,34.827528778],[135.441958432,34.827498464],[135.442021031,34.827488744],[135.442123033,34.827488311],[135.442194309,34.827488637],[135.442251185,34.827500708],[135.442317557,34.827531302],[135.442287136,34.827551806],[135.442310842,34.827878613],[135.442326214,34.827940885],[135.442258377,34.827952977],[135.442240796,34.827979205],[135.442312567,34.828089559],[135.442410509,34.828190467],[135.442425253,34.828154656],[135.442439821,34.828145156],[135.442472991,34.828145308]]]}},{"type":"Feature","properties":{"petiteau_class":"farmland","source":"plateau_luse","source_file":"523513_luse_6697_op.gml","mesh_id":"523513","gml_id":"luse_497bf788-1d27-4881-9923-f38ae8084f5b","luse_class":"202","landuse_name":"畑","function":null,"usage":null,"orgLandUse":"03","areaClassificationType":null},"geometry":{"type":"Polygon","coordinates":[[[135.447638244,34.829123721],[135.447772207,34.829220595],[135.447743998,34.829372727],[135.448070726,34.829398566],[135.448052497,34.829523948],[135.447744473,34.829498035],[135.447725764,34.829483797],[135.447311567,34.829471295],[135.447076014,34.829464358],[135.447090528,34.82945289],[135.44712127,34.829443358],[135.447157367,34.829442777],[135.447198466,34.829436268],[135.447231053,34.829420791],[135.447250535,34.829408603],[135.447262841,34.829372817],[135.447115613,34.829075268],[135.447117372,34.829008295],[135.447613935,34.828958174],[135.447638244,34.829123721]]]}},{"type":"Feature","properties":{"petiteau_class":"farmland","source":"plateau_luse","source_file":"523513_luse_6697_op.gml","mesh_id":"523513","gml_id":"luse_9db2fc4f-dc82-4a85-93f3-46f7926242d9","luse_class":"202","landuse_name":"畑","function":null,"usage":null,"orgLandUse":"03","areaClassificationType":null},"geometry":{"type":"Polygon","coordinates":[[[135.445971985,34.8299769],[135.445766977,34.829979566],[135.445764017,34.82985651],[135.445436038,34.829865113],[135.445290221,34.829871225],[135.445286196,34.829751897],[135.445384878,34.829749766],[135.445384256,34.829609076],[135.445174178,34.82960552],[135.445172482,34.829475828],[135.44516998,34.829298452],[135.445178362,34.829254768],[135.445201179,34.829194383],[135.445225899,34.829160058],[135.445245333,34.829147526],[135.445225084,34.829134814],[135.445092782,34.829104821],[135.445101105,34.828956025],[135.445039368,34.828935098],[135.445042206,34.828903109],[135.445021525,34.828896713],[135.445106937,34.828766432],[135.445155782,34.828794167],[135.445240166,34.82884208],[135.445391847,34.828949237],[135.445408158,34.829223182],[135.445840387,34.829213703],[135.445887383,34.829215629],[135.445899034,34.829222714],[135.445907419,34.829243937],[135.445908341,34.829269454],[135.445905018,34.829292336],[135.445899508,34.829315209],[135.445877662,34.829442939],[135.445879606,34.829479098],[135.44588089,34.829613695],[135.445856009,34.829639725],[135.445864485,34.829647426],[135.445872056,34.829659541],[135.445882849,34.829664097],[135.445896939,34.82966585],[135.445909175,34.829667372],[135.445978852,34.829662011],[135.446023444,34.82964752],[135.446036309,34.829643292],[135.446054348,34.829701749],[135.446072374,34.829770545],[135.445971985,34.8299769]]]}},{"type":"Feature","properties":{"petiteau_class":"farmland","source":"plateau_luse","source_file":"523513_luse_6697_op.gml","mesh_id":"523513","gml_id":"luse_345a5152-b71a-4a20-90ca-ac6bafb32184","luse_class":"202","landuse_name":"畑","function":null,"usage":null,"orgLandUse":"03","areaClassificationType":null},"geometry":{"type":"Polygon","coordinates":[[[135.452457686,34.830531947],[135.452457677,34.830532018],[135.452446346,34.830740665],[135.452419916,34.830961738],[135.452391079,34.831074777],[135.452340785,34.831128562],[135.452181189,34.831219778],[135.451268873,34.831181545],[135.451252329,34.831147396],[135.451140872,34.831135624],[135.451141753,34.83100257],[135.450873169,34.830914096],[135.450946241,34.830794516],[135.450959844,34.830664384],[135.450983682,34.830527998],[135.451000126,34.830353783],[135.45048474,34.830270215],[135.450248659,34.830378185],[135.450094954,34.829960915],[135.450513928,34.829915818],[135.450843396,34.830050264],[135.451375348,34.830053386],[135.451375341,34.830053429],[135.451378369,34.830062007],[135.451394036,34.830106405],[135.451463336,34.830138754],[135.451473564,34.830143527],[135.451555129,34.830176292],[135.451710664,34.830234323],[135.451926954,34.830307346],[135.452057265,34.830279339],[135.452138013,34.830332171],[135.452218066,34.830380493],[135.452250241,34.830398312],[135.452324612,34.8304395],[135.452359895,34.830457094],[135.452381479,34.830467856],[135.452410867,34.8304863],[135.452426478,34.830500757],[135.452443041,34.830516095],[135.452457686,34.830531947]]]}},{"type":"Feature","properties":{"petiteau_class":"farmland","source":"plateau_luse","source_file":"523513_luse_6697_op.gml","mesh_id":"523513","gml_id":"luse_7295603a-a15c-46ff-8464-163a073671a7","luse_class":"202","landuse_name":"畑","function":null,"usage":null,"orgLandUse":"03","areaClassificationType":null},"geometry":{"type":"Polygon","coordinates":[[[135.450083329,34.831907813],[135.44999972,34.832033732],[135.449947055,34.832170517],[135.449855983,34.832182674],[135.44948486,34.832232205],[135.449148729,34.832277066],[135.448886989,34.832127047],[135.448606861,34.832001554],[135.448311778,34.831902226],[135.448005157,34.831830159],[135.447830745,34.831792506],[135.447653208,34.831766368],[135.447681648,34.831652462],[135.447989083,34.831617347],[135.448299084,34.831628309],[135.448601755,34.831684761],[135.448887275,34.831785037],[135.449090561,34.831845717],[135.449303887,34.831874538],[135.449519946,34.831870558],[135.449731542,34.831833834],[135.449829359,34.831741614],[135.449901385,34.831634393],[135.449845649,34.831488192],[135.449785388,34.831343232],[135.450406456,34.831357051],[135.450535474,34.831343299],[135.45056582,34.831409803],[135.450612263,34.831511579],[135.450482623,34.831601154],[135.450329557,34.831706914],[135.450284073,34.831737455],[135.450194603,34.831797534],[135.450083329,34.831907813]]]}},{"type":"Feature","properties":{"petiteau_class":"farmland","source":"plateau_luse","source_file":"523513_luse_6697_op.gml","mesh_id":"523513","gml_id":"luse_c69005a5-fe3f-49f1-8a93-b38ec9c70da3","luse_class":"202","landuse_name":"畑","function":null,"usage":null,"orgLandUse":"03","areaClassificationType":null},"geometry":{"type":"Polygon","coordinates":[[[135.451691052,34.832546767],[135.451689612,34.832549465],[135.451684256,34.832549441],[135.451672135,34.832547223],[135.451622981,34.832540329],[135.451592185,34.832535143],[135.451522846,34.832522119],[135.451325067,34.832489495],[135.451274605,34.832482055],[135.451245652,34.832479131],[135.451205861,34.83247841],[135.451151959,34.832478708],[135.450952553,34.832444002],[135.450809623,34.832416403],[135.45060489,34.832377075],[135.450525788,34.832363024],[135.450492413,34.832357095],[135.450369411,34.832341575],[135.450368998,34.831910122],[135.450917238,34.832028376],[135.450954316,34.832063133],[135.451049386,34.832152539],[135.451118257,34.832219469],[135.451140427,34.832206498],[135.451177956,34.832235064],[135.451208107,34.832255213],[135.451257652,34.832285365],[135.45132213,34.832322346],[135.451412004,34.832371072],[135.451550242,34.832446698],[135.451573,34.832460594],[135.451691052,34.832546767]]]}},{"type":"Feature","properties":{"petiteau_class":"park","source":"plateau_luse","source_file":"523513_luse_6697_op.gml","mesh_id":"523513","gml_id":"luse_62493ef9-620e-4fdc-858d-4a1635e40533","luse_class":"217","landuse_name":"公園・緑地","function":null,"usage":null,"orgLandUse":"05","areaClassificationType":null},"geometry":{"type":"Polygon","coordinates":[[[135.447553985,34.806781747],[135.447411959,34.806771534],[135.44736311,34.806704341],[135.447364401,34.806681764],[135.447362255,34.806681843],[135.447406453,34.806293138],[135.447574033,34.806384789],[135.447791517,34.806385776],[135.447780333,34.806440558],[135.447745599,34.806693424],[135.447565873,34.806685342],[135.447553985,34.806781747]]]}},{"type":"Feature","properties":{"petiteau_class":"park","source":"plateau_luse","source_file":"523513_luse_6697_op.gml","mesh_id":"523513","gml_id":"luse_f8c82f1b-014f-4378-a4d4-3a03b66574ac","luse_class":"217","landuse_name":"公園・緑地","function":null,"usage":null,"orgLandUse":"05","areaClassificationType":null},"geometry":{"type":"Polygon","coordinates":[[[135.4451202,34.80592265],[135.445132649,34.805989416],[135.445425897,34.806038709],[135.445415996,34.806265558],[135.44550167,34.806300203],[135.445500937,34.806409731],[135.445356901,34.806409075],[135.445349635,34.806658573],[135.445194573,34.806662465],[135.445190496,34.80671794],[135.445185349,34.806788001],[135.444993088,34.806772882],[135.444701335,34.806728645],[135.444424563,34.806640571],[135.444404245,34.806632547],[135.444400331,34.806544723],[135.444369504,34.806436225],[135.444313755,34.806334734],[135.44426766,34.806245909],[135.444250453,34.806150283],[135.444244225,34.805828966],[135.44430463,34.805827528],[135.444417023,34.805869328],[135.444539919,34.805876828],[135.444695535,34.805884659],[135.444848056,34.805910955],[135.444904097,34.805914996],[135.444959326,34.805906502],[135.444994166,34.805791181],[135.445123792,34.805829994],[135.445117045,34.805855025],[135.4451202,34.80592265]]]}},{"type":"Feature","properties":{"petiteau_class":"park","source":"plateau_luse","source_file":"523513_luse_6697_op.gml","mesh_id":"523513","gml_id":"luse_79d7f4f2-b623-4ea4-9a7b-bf5d372f96c1","luse_class":"217","landuse_name":"公園・緑地","function":null,"usage":null,"orgLandUse":"05","areaClassificationType":null},"geometry":{"type":"Polygon","coordinates":[[[135.441843098,34.809497618],[135.441850646,34.809880778],[135.441808342,34.809881485],[135.441672295,34.809876804],[135.44146992,34.809869566],[135.441452393,34.809868958],[135.441438664,34.809130044],[135.441417355,34.80909533],[135.441373556,34.809080975],[135.440221296,34.809075693],[135.44022956,34.808879568],[135.440234284,34.808461583],[135.440502466,34.808458757],[135.440768564,34.808486481],[135.441027418,34.80854437],[135.441366792,34.808626698],[135.441831273,34.808776838],[135.441843098,34.809497618]]]}},{"type":"Feature","properties":{"petiteau_class":"park","source":"plateau_luse","source_file":"523513_luse_6697_op.gml","mesh_id":"523513","gml_id":"luse_fed16d6a-0855-4830-b17e-915a694cd3a2","luse_class":"217","landuse_name":"公園・緑地","function":null,"usage":null,"orgLandUse":"05","areaClassificationType":null},"geometry":{"type":"Polygon","coordinates":[[[135.42107173,34.809457033],[135.421045888,34.809492068],[135.420775018,34.809865427],[135.420574436,34.810163946],[135.420492809,34.810300403],[135.420367616,34.810310084],[135.420174187,34.810333685],[135.419986389,34.810350822],[135.419784545,34.810366628],[135.419529424,34.810393811],[135.41925557,34.810420814],[135.419053695,34.810439234],[135.418898252,34.810445255],[135.418898224,34.810445294],[135.418898152,34.810445296],[135.418907298,34.810432241],[135.418907815,34.810431539],[135.418928687,34.810401809],[135.419396654,34.809735221],[135.41960345,34.809459515],[135.419751005,34.809262786],[135.419868546,34.80911359],[135.419963664,34.808992852],[135.42107173,34.809457033]]]}},{"type":"Feature","properties":{"petiteau_class":"park","source":"plateau_luse","source_file":"523513_luse_6697_op.gml","mesh_id":"523513","gml_id":"luse_c99618b8-f8dd-4c70-aea3-90d8e1d876fc","luse_class":"217","landuse_name":"公園・緑地","function":null,"usage":null,"orgLandUse":"05","areaClassificationType":null},"geometry":{"type":"Polygon","coordinates":[[[135.433816802,34.812148341],[135.432773851,34.812184331],[135.432600261,34.812191817],[135.432598404,34.812108602],[135.43258804,34.811092876],[135.432602647,34.811092133],[135.433420787,34.811081423],[135.433766699,34.811062835],[135.433816802,34.812148341]]]}},{"type":"Feature","properties":{"petiteau_class":"park","source":"plateau_luse","source_file":"523513_luse_6697_op.gml","mesh_id":"523513","gml_id":"luse_1e362f8e-0658-4d86-9410-c415456d2c96","luse_class":"217","landuse_name":"公園・緑地","function":null,"usage":null,"orgLandUse":"05","areaClassificationType":null},"geometry":{"type":"Polygon","coordinates":[[[135.430328198,34.814819019],[135.429883499,34.814820125],[135.429873502,34.81458727],[135.430102145,34.814514992],[135.430095928,34.814294912],[135.430314377,34.814295935],[135.430328198,34.814819019]]]}},{"type":"Feature","properties":{"petiteau_class":"park","source":"plateau_luse","source_file":"523513_luse_6697_op.gml","mesh_id":"523513","gml_id":"luse_6b51a95a-07c6-4873-8186-a8e7ec33928e","luse_class":"217","landuse_name":"公園・緑地","function":null,"usage":null,"orgLandUse":"05","areaClassificationType":null},"geometry":{"type":"Polygon","coordinates":[[[135.44638938,34.815152961],[135.446029025,34.815376673],[135.445997551,34.815375629],[135.445978691,34.815351744],[135.445953646,34.815321069],[135.445912385,34.815279954],[135.445853283,34.815226046],[135.445813962,34.815188996],[135.445808751,34.815118296],[135.44580791,34.815047976],[135.445814775,34.814953261],[135.445826497,34.814867674],[135.445854369,34.814753672],[135.445884645,34.814655998],[135.445914935,34.814572569],[135.445936187,34.81453291],[135.445936276,34.814519659],[135.445919319,34.814456478],[135.4458895,34.814355195],[135.445928369,34.814394586],[135.445990684,34.814441927],[135.446060018,34.814485876],[135.446146021,34.814538012],[135.446233321,34.814592318],[135.446338712,34.81465482],[135.446457876,34.814733522],[135.446531405,34.814787764],[135.44657292,34.814823562],[135.446629577,34.814883588],[135.446659929,34.814921589],[135.446677881,34.814950428],[135.446684639,34.81496966],[135.44638938,34.815152961]]]}},{"type":"Feature","properties":{"petiteau_class":"park","source":"plateau_luse","source_file":"523513_luse_6697_op.gml","mesh_id":"523513","gml_id":"luse_5462a22e-3fe7-4c81-89b7-d5eb1979d222","luse_class":"217","landuse_name":"公園・緑地","function":null,"usage":null,"orgLandUse":"05","areaClassificationType":null},"geometry":{"type":"Polygon","coordinates":[[[135.440396646,34.817643415],[135.440334147,34.817646294],[135.440256778,34.817661868],[135.440192983,34.817669539],[135.440082885,34.817669033],[135.439892966,34.817643715],[135.439845477,34.817642453],[135.439830941,34.817506981],[135.439824239,34.817355615],[135.439827335,34.817183584],[135.439947924,34.816822638],[135.440008627,34.81649704],[135.439769604,34.816475839],[135.439948268,34.816372449],[135.440148522,34.816300799],[135.440006026,34.816215496],[135.439850437,34.816147539],[135.43990464,34.815863462],[135.439983616,34.815583464],[135.440086887,34.815308815],[135.440132994,34.815263322],[135.440196459,34.815235577],[135.440267984,34.815229867],[135.440577671,34.815239762],[135.440885991,34.815265967],[135.44054385,34.816042997],[135.440566821,34.816085742],[135.44062156,34.816097443],[135.440735409,34.816111487],[135.440833704,34.816160799],[135.440901153,34.816237725],[135.440927212,34.816330156],[135.441301161,34.816663256],[135.441707034,34.816969897],[135.441903522,34.816947899],[135.442097043,34.816912185],[135.442244077,34.816832356],[135.442299416,34.817022912],[135.442327488,34.81721749],[135.442327982,34.817412302],[135.441944018,34.817493833],[135.441502973,34.817552391],[135.441057185,34.817576942],[135.440396646,34.817643415]]]}},{"type":"Feature","properties":{"petiteau_class":"park","source":"plateau_luse","source_file":"523513_luse_6697_op.gml","mesh_id":"523513","gml_id":"luse_b3251750-0a73-4b33-87cd-a00fbd3f4c7d","luse_class":"217","landuse_name":"公園・緑地","function":null,"usage":null,"orgLandUse":"05","areaClassificationType":null},"geometry":{"type":"Polygon","coordinates":[[[135.434044994,34.817940601],[135.433978835,34.817982829],[135.433034213,34.818585772],[135.432892208,34.81844367],[135.432787595,34.818316255],[135.433955979,34.81758203],[135.433959823,34.817579614],[135.434033144,34.817589871],[135.434033227,34.817592317],[135.434044994,34.817940601]]]}},{"type":"Feature","properties":{"petiteau_class":"park","source":"plateau_luse","source_file":"523513_luse_6697_op.gml","mesh_id":"523513","gml_id":"luse_a180ca0f-1abb-4f71-a60f-35dbc5a173e6","luse_class":"217","landuse_name":"公園・緑地","function":null,"usage":null,"orgLandUse":"05","areaClassificationType":null},"geometry":{"type":"Polygon","coordinates":[[[135.427917295,34.821361459],[135.427926381,34.821573348],[135.427867748,34.821604444],[135.427810806,34.821637623],[135.427745876,34.82178452],[135.4277201,34.821939453],[135.42773471,34.822095297],[135.427456865,34.822105892],[135.42717876,34.822101971],[135.427168797,34.821509663],[135.427397668,34.821370739],[135.427641648,34.821250455],[135.42789838,34.821149883],[135.427917295,34.821361459]]]}},{"type":"Feature","properties":{"petiteau_class":"park","source":"plateau_luse","source_file":"523513_luse_6697_op.gml","mesh_id":"523513","gml_id":"luse_cc885269-07a2-4403-9dff-bd9c7fbc2b58","luse_class":"217","landuse_name":"公園・緑地","function":null,"usage":null,"orgLandUse":"05","areaClassificationType":null},"geometry":{"type":"Polygon","coordinates":[[[135.433280763,34.822744851],[135.433297111,34.822927658],[135.433317106,34.823088846],[135.433349195,34.823271726],[135.433322522,34.823319471],[135.43275363,34.823431489],[135.43270258,34.82343125],[135.432665752,34.82341359],[135.432634408,34.823377205],[135.432364346,34.823001649],[135.432295692,34.822906491],[135.432198295,34.822873854],[135.432086195,34.822720821],[135.432261783,34.822670505],[135.43292476,34.822563255],[135.433262596,34.822508576],[135.433280763,34.822744851]]]}},{"type":"Feature","properties":{"petiteau_class":"park","source":"plateau_luse","source_file":"523513_luse_6697_op.gml","mesh_id":"523513","gml_id":"luse_e74b5016-2b96-4b49-a087-67c70a520fde","luse_class":"217","landuse_name":"公園・緑地","function":null,"usage":null,"orgLandUse":"05","areaClassificationType":null},"geometry":{"type":"Polygon","coordinates":[[[135.419257162,34.82307161],[135.418784029,34.823398718],[135.418298357,34.822984898],[135.418178791,34.822884501],[135.418042842,34.822770349],[135.417763433,34.822492863],[135.417742277,34.822470206],[135.41750846,34.822219788],[135.417309787,34.821992902],[135.417247244,34.821915858],[135.417108615,34.821745087],[135.417004273,34.821596197],[135.416929195,34.821489065],[135.416725877,34.821176445],[135.416565566,34.820893329],[135.416424294,34.820580865],[135.416270323,34.820168049],[135.416248995,34.820114351],[135.416161325,34.81989363],[135.416076323,34.819679543],[135.416074855,34.819675873],[135.415979472,34.819255874],[135.415979232,34.819254816],[135.415939327,34.819037952],[135.415911421,34.81888629],[135.415820257,34.818390178],[135.415807839,34.818262078],[135.415807719,34.81826074],[135.415797529,34.818155824],[135.415796818,34.817971436],[135.415796609,34.817917349],[135.415818003,34.817566153],[135.415899775,34.817100028],[135.415944253,34.816859944],[135.415967158,34.816736307],[135.416020024,34.816533636],[135.416072881,34.816331006],[135.41615658,34.816037938],[135.416177733,34.815963872],[135.416177796,34.815963691],[135.416178169,34.815962606],[135.416437534,34.815106128],[135.4164385,34.815102937],[135.416541897,34.814790448],[135.416629237,34.814526619],[135.416676683,34.814378157],[135.416762052,34.814111024],[135.416826012,34.813923427],[135.416986071,34.81358736],[135.41710238,34.813343153],[135.417478817,34.812636585],[135.417623711,34.812354484],[135.41767808,34.812248632],[135.417889069,34.811868624],[135.418182574,34.811459992],[135.418556914,34.810931038],[135.419151375,34.810882767],[135.419827441,34.810831355],[135.420238508,34.810804643],[135.420002191,34.811198539],[135.419848458,34.811461219],[135.419665575,34.811793977],[135.419502165,34.81206166],[135.419358358,34.812334384],[135.418849767,34.813426889],[135.418411591,34.814373858],[135.418255222,34.814740825],[135.418241518,34.814771379],[135.418077652,34.815136709],[135.417898874,34.815612549],[135.417712196,34.816008397],[135.417559127,34.816352833],[135.417474386,34.816622782],[135.417439645,34.816769187],[135.417414087,34.816915645],[135.417394644,34.817117483],[135.41740657,34.817319642],[135.417449701,34.817518985],[135.417427518,34.817852245],[135.417456735,34.818185201],[135.41746079,34.818203386],[135.417585619,34.818763106],[135.417604257,34.81884668],[135.417612301,34.818882688],[135.417709386,34.819293945],[135.417711585,34.819303241],[135.417714649,34.819313523],[135.417900152,34.819935887],[135.417954852,34.820119419],[135.418162801,34.820715287],[135.41826549,34.821009479],[135.41857591,34.821931529],[135.418754061,34.822330551],[135.418981911,34.822712062],[135.419257162,34.82307161]]]}},{"type":"Feature","properties":{"petiteau_class":"park","source":"plateau_luse","source_file":"523513_luse_6697_op.gml","mesh_id":"523513","gml_id":"luse_19f52ff1-85d0-4302-a9fb-300df17a71ab","luse_class":"217","landuse_name":"公園・緑地","function":null,"usage":null,"orgLandUse":"05","areaClassificationType":null},"geometry":{"type":"Polygon","coordinates":[[[135.437094025,34.824810912],[135.436772677,34.825544654],[135.436712896,34.825523631],[135.43590903,34.825240925],[135.435991371,34.825012443],[135.435305892,34.824898592],[135.435306601,34.824693226],[135.43551697,34.824480846],[135.435817777,34.824156402],[135.435933785,34.824121152],[135.436036677,34.824064654],[135.436120857,34.823990041],[135.436144649,34.8237518],[135.436124101,34.823513453],[135.436004419,34.823374071],[135.435909066,34.823222452],[135.435839937,34.823061489],[135.436011041,34.822984132],[135.436196561,34.822934508],[135.436390167,34.822914219],[135.4365674,34.822983731],[135.436613549,34.823010828],[135.43672724,34.823077584],[135.436716834,34.82308704],[135.436635249,34.823161176],[135.436551517,34.823250576],[135.43664846,34.823366054],[135.436714571,34.82349536],[135.43674726,34.823633168],[135.436744961,34.823773508],[135.436643846,34.824005983],[135.436518257,34.824230141],[135.436369209,34.824444265],[135.43638292,34.824549891],[135.436733041,34.824690519],[135.437064625,34.824801107],[135.437094025,34.824810912]]]}},{"type":"Feature","properties":{"petiteau_class":"park","source":"plateau_luse","source_file":"523513_luse_6697_op.gml","mesh_id":"523513","gml_id":"luse_cec072ba-182b-4b08-9f17-6a99dedf2e66","luse_class":"217","landuse_name":"公園・緑地","function":null,"usage":null,"orgLandUse":"05","areaClassificationType":null},"geometry":{"type":"Polygon","coordinates":[[[135.434206492,34.82654286],[135.433914641,34.826767587],[135.433914364,34.826767508],[135.433422958,34.826626575],[135.433487428,34.826204081],[135.433469378,34.825983595],[135.433502876,34.825764331],[135.433586543,34.825554405],[135.433615719,34.825453764],[135.43377167,34.825457914],[135.434866257,34.825676094],[135.434859952,34.825912883],[135.434846521,34.826149539],[135.434801576,34.826175084],[135.434517697,34.826336424],[135.434206492,34.82654286]]]}},{"type":"Feature","properties":{"petiteau_class":"park","source":"plateau_luse","source_file":"523513_luse_6697_op.gml","mesh_id":"523513","gml_id":"luse_c2979aaa-0c1d-4713-8555-c9cd9124528b","luse_class":"217","landuse_name":"公園・緑地","function":null,"usage":null,"orgLandUse":"05","areaClassificationType":null},"geometry":{"type":"Polygon","coordinates":[[[135.443303042,34.828560251],[135.443207762,34.828583705],[135.44293536,34.828666565],[135.442651725,34.828717725],[135.442520312,34.828639052],[135.442515462,34.828525351],[135.442506703,34.828320004],[135.442483526,34.828241513],[135.442473852,34.828196237],[135.442472991,34.828145308],[135.442469385,34.827931855],[135.442599549,34.827913651],[135.442987082,34.827907138],[135.443319333,34.827892971],[135.443302487,34.828507783],[135.443303042,34.828560251]]]}},{"type":"Feature","properties":{"petiteau_class":"park","source":"plateau_luse","source_file":"523513_luse_6697_op.gml","mesh_id":"523513","gml_id":"luse_fd2b7543-8d63-4cdf-ae0a-8fd1e7012b91","luse_class":"217","landuse_name":"公園・緑地","function":null,"usage":null,"orgLandUse":"05","areaClassificationType":null},"geometry":{"type":"Polygon","coordinates":[[[135.435675492,34.828924125],[135.435822898,34.828581267],[135.436127902,34.828622884],[135.436437069,34.828623054],[135.436448707,34.829511489],[135.436156071,34.829455956],[135.436139028,34.829452722],[135.435836537,34.829372442],[135.435593437,34.829288463],[135.43554347,34.829271201],[135.435675492,34.828924125]]]}},{"type":"Feature","properties":{"petiteau_class":"park","source":"plateau_luse","source_file":"523513_luse_6697_op.gml","mesh_id":"523513","gml_id":"luse_2d6145b3-3035-4fa5-a6f8-4268ef720da9","luse_class":"217","landuse_name":"公園・緑地","function":null,"usage":null,"orgLandUse":"05","areaClassificationType":null},"geometry":{"type":"Polygon","coordinates":[[[135.438917058,34.830501832],[135.438898312,34.830503458],[135.438852615,34.830503247],[135.438799586,34.830487767],[135.438782258,34.830479754],[135.438761224,34.830470012],[135.438554587,34.830374492],[135.43851895,34.830373968],[135.438361401,34.830294721],[135.438343748,34.83027012],[135.438326428,34.830260934],[135.438285091,34.83024632],[135.438224611,34.83023351],[135.438192843,34.830226692],[135.437993829,34.830184304],[135.437798833,34.830145632],[135.437748486,34.830138006],[135.437766711,34.83004614],[135.437772223,34.830039494],[135.437778866,34.829801984],[135.437779111,34.82966058],[135.437789228,34.82966077],[135.437856017,34.829662069],[135.437900726,34.829662907],[135.438324312,34.829670903],[135.438379946,34.829672693],[135.43845296,34.829675194],[135.438480046,34.829676087],[135.43849412,34.829676552],[135.438493896,34.829684217],[135.438582987,34.829830488],[135.43863649,34.829920883],[135.438673433,34.829986772],[135.438697677,34.830055217],[135.438713808,34.830143005],[135.438730576,34.830233682],[135.438743173,34.830278273],[135.438775796,34.830336389],[135.438820422,34.830397895],[135.438860027,34.830441981],[135.438888829,34.830466995],[135.438936713,34.830500127],[135.438917058,34.830501832]]]}},{"type":"Feature","properties":{"petiteau_class":"forest","source":"plateau_luse","source_file":"523513_luse_6697_op.gml","mesh_id":"523513","gml_id":"luse_18c0a33a-7500-496c-b3c9-af43fd3c8caa","luse_class":"203","landuse_name":"山林","function":null,"usage":null,"orgLandUse":"06","areaClassificationType":null},"geometry":{"type":"Polygon","coordinates":[[[135.431177343,34.828461324],[135.431229798,34.828489679],[135.431234199,34.828492059],[135.431484685,34.828702269],[135.431759645,34.828890606],[135.432056244,34.829055065],[135.432585339,34.829290459],[135.432711214,34.829314844],[135.432826661,34.829362888],[135.432925282,34.829431769],[135.433010318,34.829522492],[135.43307363,34.829624653],[135.433113099,34.829734634],[135.433274865,34.829799121],[135.433431614,34.829871517],[135.433512733,34.830084478],[135.433117466,34.830214337],[135.433094008,34.830182598],[135.433087369,34.830173613],[135.433033414,34.830034807],[135.43294555,34.829908282],[135.432827553,34.829799746],[135.432684684,34.829713803],[135.432567817,34.829636813],[135.432483667,34.829534826],[135.432439573,34.829416979],[135.432399941,34.829319796],[135.432322223,34.829239843],[135.432216017,34.829186613],[135.432036833,34.829124568],[135.431861854,34.8290547],[135.431604539,34.828934956],[135.431358224,34.828800301],[135.431232523,34.828710919],[135.431128303,34.828604339],[135.431049993,34.828485622],[135.431048972,34.828484073],[135.431109374,34.828458392],[135.431177343,34.828461324]]]}},{"type":"Feature","properties":{"petiteau_class":"forest","source":"plateau_luse","source_file":"523513_luse_6697_op.gml","mesh_id":"523513","gml_id":"luse_267d24b9-57d0-4a5a-8cde-32b9ae4147de","luse_class":"203","landuse_name":"山林","function":null,"usage":null,"orgLandUse":"06","areaClassificationType":null},"geometry":{"type":"Polygon","coordinates":[[[135.435769254,34.830171456],[135.435719566,34.8302904],[135.435461028,34.830217084],[135.435190571,34.830184368],[135.435178341,34.830127519],[135.434610389,34.83004961],[135.434669093,34.829691106],[135.434908497,34.829674639],[135.435142602,34.829630111],[135.435366692,34.829558582],[135.435613911,34.829718837],[135.435889777,34.829843347],[135.436186648,34.82992891],[135.436496515,34.829973074],[135.436475979,34.830234316],[135.436394382,34.830233938],[135.436391875,34.830234859],[135.436359495,34.830246758],[135.436184261,34.830199521],[135.435978063,34.830172063],[135.435769254,34.830171456]]]}},{"type":"Feature","properties":{"petiteau_class":"forest","source":"plateau_luse","source_file":"523513_luse_6697_op.gml","mesh_id":"523513","gml_id":"luse_13b710ec-4b9a-4fde-91a2-e5429f554498","luse_class":"203","landuse_name":"山林","function":null,"usage":null,"orgLandUse":"06","areaClassificationType":null},"geometry":{"type":"Polygon","coordinates":[[[135.432115843,34.829885211],[135.432117577,34.829887293],[135.432145514,34.829910591],[135.432376626,34.830054645],[135.43260112,34.830207412],[135.43266555,34.830265768],[135.432695805,34.830301878],[135.432740845,34.830365914],[135.432798394,34.830423516],[135.432901121,34.830509185],[135.432983187,34.830578621],[135.433017688,34.830617275],[135.433047245,34.830659422],[135.433072353,34.83069686],[135.433091988,34.830735265],[135.433115229,34.830781277],[135.430716239,34.830775646],[135.430716356,34.830774233],[135.430720169,34.830728786],[135.430721366,34.830713738],[135.430725537,34.830663725],[135.430740841,34.830616198],[135.430744529,34.830604586],[135.43076017,34.830555889],[135.430802979,34.830515072],[135.430825262,34.830502195],[135.43083547,34.830496293],[135.430957527,34.830425736],[135.430988889,34.830412001],[135.431011698,34.830401921],[135.431240885,34.830301125],[135.431497548,34.830179272],[135.432082352,34.829858731],[135.432115843,34.829885211]]]}},{"type":"Feature","properties":{"petiteau_class":"garden","source":"plateau_luse","source_file":"523513_luse_6697_op.gml","mesh_id":"523513","gml_id":"luse_6e66554c-779a-40f5-849a-996fc1f23206","luse_class":"214","landuse_name":"社寺敷地・公開庭園","function":null,"usage":null,"orgLandUse":"07","areaClassificationType":null},"geometry":{"type":"Polygon","coordinates":[[[135.44007376,34.801123829],[135.440117486,34.801149902],[135.440141822,34.801175975],[135.440165798,34.801202309],[135.44026966,34.801333229],[135.440367056,34.801432567],[135.440486652,34.801513796],[135.440604295,34.80156527],[135.440544659,34.802271107],[135.440543771,34.80228138],[135.439835271,34.802166257],[135.439610496,34.80193589],[135.43953819,34.80183198],[135.43949841,34.801716778],[135.439493447,34.80159695],[135.439523712,34.801479807],[135.439680805,34.801346841],[135.439854485,34.801228735],[135.439915062,34.801187004],[135.439972597,34.801142384],[135.440019876,34.801121056],[135.44007376,34.801123829]]]}},{"type":"Feature","properties":{"petiteau_class":"garden","source":"plateau_luse","source_file":"523513_luse_6697_op.gml","mesh_id":"523513","gml_id":"luse_53cd1f4c-d151-4fc0-af59-18ef0caa28b4","luse_class":"214","landuse_name":"社寺敷地・公開庭園","function":null,"usage":null,"orgLandUse":"07","areaClassificationType":null},"geometry":{"type":"Polygon","coordinates":[[[135.43705102,34.802703564],[135.437028044,34.802862118],[135.43697617,34.803220097],[135.436404531,34.802947965],[135.436413728,34.802903419],[135.436425436,34.802846711],[135.436469715,34.802555285],[135.436473293,34.802383469],[135.43656452,34.802387326],[135.436622437,34.802291855],[135.43675027,34.802304313],[135.436809421,34.802021614],[135.436833223,34.8020073],[135.437149102,34.801841353],[135.43711198,34.802167686],[135.43705102,34.802703564]]]}},{"type":"Feature","properties":{"petiteau_class":"garden","source":"plateau_luse","source_file":"523513_luse_6697_op.gml","mesh_id":"523513","gml_id":"luse_797f5200-817a-4c6f-a591-a6744c2801b4","luse_class":"214","landuse_name":"社寺敷地・公開庭園","function":null,"usage":null,"orgLandUse":"07","areaClassificationType":null},"geometry":{"type":"Polygon","coordinates":[[[135.422464438,34.811875778],[135.422388901,34.812884255],[135.421699221,34.812880986],[135.421792429,34.811806042],[135.421790953,34.811588711],[135.421957139,34.811517059],[135.421862854,34.81129764],[135.421928829,34.811283137],[135.421880018,34.811126497],[135.421969866,34.811123631],[135.422037896,34.811100904],[135.422111719,34.811106194],[135.42220361,34.811096752],[135.422411838,34.811559388],[135.422457172,34.811715468],[135.422464438,34.811875778]]]}},{"type":"Feature","properties":{"petiteau_class":"garden","source":"plateau_luse","source_file":"523513_luse_6697_op.gml","mesh_id":"523513","gml_id":"luse_89ad6846-da87-463d-9f55-a2cae0419ddf","luse_class":"214","landuse_name":"社寺敷地・公開庭園","function":null,"usage":null,"orgLandUse":"07","areaClassificationType":null},"geometry":{"type":"Polygon","coordinates":[[[135.444124973,34.813506501],[135.444088102,34.813534703],[135.444074929,34.813541368],[135.444042535,34.813488546],[135.444008699,34.813456985],[135.44399169,34.813453869],[135.443956292,34.813457754],[135.443893688,34.813417967],[135.443858499,34.813392474],[135.443844257,34.813368096],[135.443846998,34.813348863],[135.443878818,34.813299958],[135.443877892,34.813242205],[135.443846947,34.813169125],[135.443827588,34.813125476],[135.44379246,34.81309088],[135.443778246,34.813062445],[135.443749626,34.813031925],[135.443876465,34.812865496],[135.444059791,34.812873426],[135.444306667,34.812975851],[135.444335158,34.813023598],[135.444428702,34.813137484],[135.444434325,34.813275284],[135.444438923,34.813372187],[135.444377242,34.813390143],[135.444311551,34.813419223],[135.444254964,34.813458468],[135.444178808,34.81348649],[135.444124973,34.813506501]]]}},{"type":"Feature","properties":{"petiteau_class":"garden","source":"plateau_luse","source_file":"523513_luse_6697_op.gml","mesh_id":"523513","gml_id":"luse_ba5d5858-c5a9-4267-9548-00938dea732d","luse_class":"214","landuse_name":"社寺敷地・公開庭園","function":null,"usage":null,"orgLandUse":"07","areaClassificationType":null},"geometry":{"type":"Polygon","coordinates":[[[135.437203395,34.817287807],[135.437203264,34.817306941],[135.437382993,34.817319731],[135.437387023,34.817319873],[135.437385861,34.817324529],[135.437373339,34.817886556],[135.436975721,34.81792777],[135.436927183,34.817815129],[135.436898833,34.817719323],[135.436882131,34.817616397],[135.436862774,34.817477579],[135.436863506,34.817369949],[135.436864921,34.817161865],[135.436963398,34.817181455],[135.437169194,34.81719915],[135.437221642,34.817163515],[135.437203395,34.817287807]]]}},{"type":"Feature","properties":{"petiteau_class":"cemetery","source":"plateau_luse","source_file":"523513_luse_6697_op.gml","mesh_id":"523513","gml_id":"luse_5aab6951-5e59-4312-8e75-4df5d66d0a44","luse_class":"217","landuse_name":"墓地","function":null,"usage":null,"orgLandUse":"24","areaClassificationType":null},"geometry":{"type":"Polygon","coordinates":[[[135.4187525,34.819288465],[135.417709386,34.819293945],[135.417612301,34.818882688],[135.417604257,34.81884668],[135.418393439,34.818823402],[135.418389,34.81864588],[135.418400856,34.818601494],[135.418438864,34.818568592],[135.418492041,34.818556503],[135.418737359,34.818529638],[135.418757712,34.819020669],[135.4187525,34.819288465]]]}},{"type":"Feature","properties":{"petiteau_class":"garden","source":"plateau_luse","source_file":"523513_luse_6697_op.gml","mesh_id":"523513","gml_id":"luse_dd1ae3fe-cc6f-4900-a7d9-b2b3a5e107bb","luse_class":"214","landuse_name":"社寺敷地・公開庭園","function":null,"usage":null,"orgLandUse":"07","areaClassificationType":null},"geometry":{"type":"Polygon","coordinates":[[[135.42248899,34.822996759],[135.422469017,34.823042242],[135.4224584,34.823061439],[135.422442583,34.823075553],[135.422408446,34.823087544],[135.422303499,34.823108322],[135.422113408,34.823128696],[135.422014667,34.823120063],[135.421941907,34.823113702],[135.421922543,34.82307207],[135.421886023,34.823049613],[135.42186511,34.823043437],[135.421892786,34.82283083],[135.421929206,34.822681078],[135.421949202,34.822630518],[135.422128736,34.822622255],[135.422447206,34.822600461],[135.422492309,34.822895467],[135.42251324,34.822900632],[135.422508951,34.822951266],[135.422495862,34.822950185],[135.42248899,34.822996759]]]}},{"type":"Feature","properties":{"petiteau_class":"garden","source":"plateau_luse","source_file":"523513_luse_6697_op.gml","mesh_id":"523513","gml_id":"luse_f8fd5764-e47b-437f-af2c-38f6d86bb180","luse_class":"214","landuse_name":"社寺敷地・公開庭園","function":null,"usage":null,"orgLandUse":"07","areaClassificationType":null},"geometry":{"type":"Polygon","coordinates":[[[135.425693888,34.829255758],[135.42564707,34.829505607],[135.425538857,34.830168802],[135.425469912,34.83030628],[135.425413955,34.83035091],[135.425371337,34.830379646],[135.42535068,34.830394514],[135.425320479,34.830398338],[135.425278129,34.830404177],[135.425254418,34.830402397],[135.425192242,34.830397732],[135.424972306,34.830377761],[135.424800466,34.830362157],[135.424867917,34.830072853],[135.425056818,34.829623139],[135.42512446,34.829504157],[135.425198515,34.829425696],[135.4253222,34.829311341],[135.425382687,34.829067605],[135.425468913,34.828829212],[135.425651402,34.82882845],[135.425830628,34.828857149],[135.425693888,34.829255758]]]}},{"type":"Feature","properties":{"petiteau_class":"garden","source":"plateau_luse","source_file":"523513_luse_6697_op.gml","mesh_id":"523513","gml_id":"luse_b1161f00-bb10-4cd7-82d9-7edab23e8117","luse_class":"214","landuse_name":"社寺敷地・公開庭園","function":null,"usage":null,"orgLandUse":"07","areaClassificationType":null},"geometry":{"type":"Polygon","coordinates":[[[135.430140153,34.830631696],[135.429255531,34.83103827],[135.429107378,34.831000615],[135.428981663,34.830925746],[135.42889176,34.830821565],[135.428831978,34.830756831],[135.4287466,34.830716134],[135.428614348,34.830687389],[135.42847847,34.830674131],[135.428112955,34.829456168],[135.428517839,34.829358274],[135.428552252,34.82934906],[135.428919084,34.829250625],[135.428941603,34.82967289],[135.429188679,34.829648267],[135.429415921,34.82962562],[135.429892547,34.829597379],[135.430140153,34.830631696]]]}},{"type":"Feature","properties":{"petiteau_class":"garden","source":"plateau_luse","source_file":"523513_luse_6697_op.gml","mesh_id":"523513","gml_id":"luse_8a000e37-6f69-4a3e-8783-97037a152547","luse_class":"214","landuse_name":"社寺敷地・公開庭園","function":null,"usage":null,"orgLandUse":"07","areaClassificationType":null},"geometry":{"type":"Polygon","coordinates":[[[135.442660927,34.831638684],[135.442659355,34.831644807],[135.442650491,34.831645938],[135.442617823,34.831644754],[135.442621458,34.831573957],[135.442622491,34.831420709],[135.442671181,34.831316364],[135.442643469,34.831240649],[135.44261708,34.831167172],[135.442613609,34.831125405],[135.442636562,34.831060565],[135.442701002,34.830964989],[135.442704326,34.830960338],[135.442789095,34.830841716],[135.442876475,34.830756621],[135.443089918,34.830655654],[135.443120801,34.830694451],[135.443227533,34.830815807],[135.443259138,34.830913205],[135.443307772,34.831013041],[135.443284976,34.83105966],[135.44327496,34.831080142],[135.44323535,34.831101325],[135.443196798,34.831111516],[135.443103753,34.831177349],[135.443073195,34.831283044],[135.443066509,34.831285718],[135.443045578,34.831292924],[135.443025845,34.831300947],[135.443011456,34.831310887],[135.443001538,34.831322561],[135.442992444,34.831357858],[135.442935121,34.831557905],[135.442912805,34.831608556],[135.442907161,34.831618537],[135.442886195,34.831631062],[135.44287035,34.831640698],[135.442846906,34.831637102],[135.44268459,34.831631491],[135.44266688,34.831631409],[135.442660927,34.831638684]]]}},{"type":"Feature","properties":{"petiteau_class":"garden","source":"plateau_luse","source_file":"523513_luse_6697_op.gml","mesh_id":"523513","gml_id":"luse_2fe3a531-9f70-4c02-a573-9193dfb0e584","luse_class":"214","landuse_name":"社寺敷地・公開庭園","function":null,"usage":null,"orgLandUse":"07","areaClassificationType":null},"geometry":{"type":"Polygon","coordinates":[[[135.444969411,34.831556566],[135.444897799,34.831573097],[135.44486839,34.831605506],[135.444866561,34.831650031],[135.444850385,34.831665643],[135.444775862,34.831676121],[135.44474798,34.831692852],[135.444613855,34.831884976],[135.444575652,34.831924557],[135.444527294,34.831946062],[135.444446017,34.831958879],[135.444322572,34.831970585],[135.444200355,34.831968818],[135.44418158,34.831964405],[135.444225051,34.83184047],[135.44426109,34.831700003],[135.444295552,34.831598834],[135.444328638,34.831523531],[135.444361634,34.831461659],[135.444393302,34.831418352],[135.444419913,34.83137917],[135.444459208,34.83130732],[135.444504812,34.831214642],[135.4446834,34.831293771],[135.44482077,34.831349726],[135.445083907,34.831466352],[135.44514039,34.831492442],[135.445177815,34.831523627],[135.445213913,34.831559083],[135.445052749,34.831552078],[135.444969411,34.831556566]]]}},{"type":"Feature","properties":{"petiteau_class":"school","source":"plateau_luse","source_file":"523513_luse_6697_op.gml","mesh_id":"523513","gml_id":"luse_29102455-e292-4370-86b4-7f9fe0578929","luse_class":"214","landuse_name":"学校","function":null,"usage":null,"orgLandUse":"21","areaClassificationType":null},"geometry":{"type":"Polygon","coordinates":[[[135.446346754,34.803976175],[135.445965862,34.804065497],[135.4456968,34.803765239],[135.445602255,34.803686389],[135.445534338,34.803635811],[135.445500427,34.803603485],[135.445485975,34.80357728],[135.445457451,34.803468571],[135.445421936,34.803311571],[135.445410355,34.803221034],[135.445423284,34.803110502],[135.445447547,34.802951097],[135.445568175,34.802285113],[135.445687503,34.801855477],[135.446742976,34.801907168],[135.446817344,34.801916321],[135.44691095,34.801859588],[135.446945566,34.801838636],[135.446817326,34.801916433],[135.446805248,34.80192376],[135.446709859,34.802558735],[135.446650341,34.802898213],[135.446708004,34.802909195],[135.446613463,34.8032215],[135.446533358,34.803474273],[135.446460829,34.803685793],[135.446434734,34.803751162],[135.446363559,34.803929464],[135.446346754,34.803976175]]]}},{"type":"Feature","properties":{"petiteau_class":"school","source":"plateau_luse","source_file":"523513_luse_6697_op.gml","mesh_id":"523513","gml_id":"luse_ca43392b-ab3b-4399-b0aa-4e90e42e4862","luse_class":"214","landuse_name":"学校","function":null,"usage":null,"orgLandUse":"21","areaClassificationType":null},"geometry":{"type":"Polygon","coordinates":[[[135.435531359,34.805564683],[135.434977966,34.805581031],[135.434728683,34.805585611],[135.434736455,34.805025066],[135.43473917,34.80475856],[135.434988412,34.804766751],[135.435534052,34.80479977],[135.43565581,34.804807677],[135.435800914,34.804804363],[135.436113067,34.804804756],[135.436120917,34.805146769],[135.436125887,34.805584413],[135.436034405,34.805589642],[135.435654822,34.805563371],[135.435531359,34.805564683]]]}},{"type":"Feature","properties":{"petiteau_class":"school","source":"plateau_luse","source_file":"523513_luse_6697_op.gml","mesh_id":"523513","gml_id":"luse_d9709b28-c0e6-4a5c-8159-e7112a16cf28","luse_class":"214","landuse_name":"学校","function":null,"usage":null,"orgLandUse":"21","areaClassificationType":null},"geometry":{"type":"Polygon","coordinates":[[[135.438579388,34.810848766],[135.438573587,34.810848848],[135.437288802,34.810866933],[135.437225151,34.81086772],[135.437226903,34.810261596],[135.437218153,34.809988737],[135.437021047,34.810002965],[135.436933812,34.810024913],[135.436881401,34.810038101],[135.436896162,34.80983026],[135.436901209,34.809683598],[135.436892189,34.809316512],[135.436914848,34.808973931],[135.437894145,34.808947978],[135.438440633,34.808929348],[135.438451365,34.808928982],[135.438466679,34.80906874],[135.43847642,34.809130186],[135.438525167,34.809338419],[135.438530202,34.80939482],[135.43855774,34.809993123],[135.438796601,34.810060147],[135.438832963,34.810072474],[135.438859741,34.81009048],[135.438895904,34.810132133],[135.438929352,34.810190226],[135.438966159,34.810272303],[135.438966293,34.810304825],[135.438968607,34.81054391],[135.439123434,34.810422562],[135.439287009,34.810542673],[135.439292549,34.810612293],[135.43899361,34.81074127],[135.438976645,34.810744798],[135.43897163,34.810581606],[135.438585052,34.810582089],[135.438579388,34.810848766]]]}},{"type":"Feature","properties":{"petiteau_class":"school","source":"plateau_luse","source_file":"523513_luse_6697_op.gml","mesh_id":"523513","gml_id":"luse_0d2a54c2-9701-4772-9a2e-3174de7f17cc","luse_class":"214","landuse_name":"学校","function":null,"usage":null,"orgLandUse":"21","areaClassificationType":null},"geometry":{"type":"Polygon","coordinates":[[[135.435009927,34.810884611],[135.434997128,34.810884552],[135.434992076,34.810884582],[135.434195261,34.810889307],[135.433604856,34.810883592],[135.432565681,34.810870197],[135.431750188,34.810863605],[135.431680431,34.810242893],[135.431648543,34.809752259],[135.431602264,34.809270745],[135.431527271,34.808970538],[135.431499216,34.808408419],[135.431575862,34.808340715],[135.431584786,34.808239625],[135.431585106,34.808236005],[135.431482021,34.808143032],[135.431459707,34.807445177],[135.431456025,34.807328867],[135.43143673,34.806732624],[135.43144933,34.806708783],[135.43239369,34.806705984],[135.432420287,34.807481812],[135.432426408,34.807759676],[135.432601845,34.807757247],[135.43260852,34.807954431],[135.432648312,34.807961197],[135.432650604,34.808216426],[135.432650615,34.808217579],[135.433027433,34.808206336],[135.434820033,34.80815283],[135.434821056,34.80815458],[135.43489502,34.808280947],[135.434903786,34.808295923],[135.434910401,34.808428765],[135.434913938,34.808499793],[135.434939116,34.809004098],[135.43494035,34.809028804],[135.434960658,34.809436267],[135.434963437,34.809557798],[135.436133164,34.809539954],[135.436163742,34.809934067],[135.434965305,34.809934609],[135.434975698,34.810116973],[135.434973784,34.810117024],[135.434977703,34.810174624],[135.435005895,34.810588907],[135.435009927,34.810884611]]]}},{"type":"Feature","properties":{"petiteau_class":"school","source":"plateau_luse","source_file":"523513_luse_6697_op.gml","mesh_id":"523513","gml_id":"luse_086b51a8-20e1-44bb-baa9-4475cd1233ca","luse_class":"214","landuse_name":"学校","function":null,"usage":null,"orgLandUse":"21","areaClassificationType":null},"geometry":{"type":"Polygon","coordinates":[[[135.426166494,34.811314745],[135.425815842,34.811305164],[135.42575498,34.811379557],[135.42556416,34.811326892],[135.425537797,34.811307645],[135.425501663,34.811284057],[135.425464106,34.811267232],[135.42544512,34.811257736],[135.42543416,34.811252788],[135.425347369,34.811234767],[135.42520331,34.811204805],[135.425111759,34.811189467],[135.424934132,34.81115988],[135.424880549,34.811161223],[135.424804572,34.81118003],[135.424652569,34.811215927],[135.424574726,34.81123431],[135.424271788,34.811217438],[135.424222647,34.81122945],[135.424215789,34.811224065],[135.424189907,34.811203741],[135.424215184,34.811188955],[135.42418643,34.811146761],[135.424142238,34.811097041],[135.424102194,34.811096429],[135.42391817,34.810934955],[135.423912794,34.810713771],[135.423938458,34.810695462],[135.423937202,34.810646746],[135.423903116,34.810629016],[135.423896931,34.81049749],[135.42471868,34.810474383],[135.425506363,34.810460247],[135.426251844,34.810438369],[135.426251791,34.810457094],[135.426246588,34.810620923],[135.426235526,34.81100631],[135.426222174,34.811167003],[135.426197438,34.811231537],[135.426185246,34.811262653],[135.426166494,34.811314745]]]}},{"type":"Feature","properties":{"petiteau_class":"school","source":"plateau_luse","source_file":"523513_luse_6697_op.gml","mesh_id":"523513","gml_id":"luse_a9d5ef5f-3b74-4162-aa9d-6da793157ba1","luse_class":"214","landuse_name":"学校","function":null,"usage":null,"orgLandUse":"21","areaClassificationType":null},"geometry":{"type":"Polygon","coordinates":[[[135.432598404,34.812108602],[135.431660081,34.812114261],[135.431670855,34.811140196],[135.43258804,34.811092876],[135.432598404,34.812108602]]]}},{"type":"Feature","properties":{"petiteau_class":"school","source":"plateau_luse","source_file":"523513_luse_6697_op.gml","mesh_id":"523513","gml_id":"luse_4e9f1872-f2d1-47a7-9272-f402879b38ba","luse_class":"214","landuse_name":"学校","function":null,"usage":null,"orgLandUse":"21","areaClassificationType":null},"geometry":{"type":"Polygon","coordinates":[[[135.43507004,34.813349348],[135.435056332,34.813349642],[135.434862768,34.813353775],[135.434686551,34.813356291],[135.434474051,34.813358099],[135.434423985,34.813358677],[135.434221481,34.813369185],[135.434217494,34.813086883],[135.433860643,34.813089342],[135.433847793,34.81308943],[135.433846722,34.813058773],[135.433838007,34.812607734],[135.433816802,34.812148341],[135.433766699,34.811062835],[135.433817739,34.811060098],[135.434032018,34.811046669],[135.434982912,34.811039539],[135.435015318,34.811931775],[135.435015525,34.811938525],[135.435022391,34.812164155],[135.43504861,34.812650043],[135.435057162,34.813058195],[135.43507004,34.813349348]]]}},{"type":"Feature","properties":{"petiteau_class":"school","source":"plateau_luse","source_file":"523513_luse_6697_op.gml","mesh_id":"523513","gml_id":"luse_0eba48e2-9ad5-4e08-8dee-1b5fe23c937e","luse_class":"214","landuse_name":"学校","function":null,"usage":null,"orgLandUse":"21","areaClassificationType":null},"geometry":{"type":"Polygon","coordinates":[[[135.447955506,34.816046056],[135.447559777,34.81606085],[135.447555577,34.816061007],[135.447300235,34.815628003],[135.447217137,34.815511179],[135.447207533,34.815497677],[135.446762875,34.814988516],[135.446684639,34.81496966],[135.446728293,34.814930915],[135.446747734,34.814834318],[135.446671458,34.814769155],[135.446668565,34.814539534],[135.446622038,34.814313059],[135.4466248,34.814297188],[135.446638702,34.814023639],[135.446727827,34.813785506],[135.446705784,34.813768706],[135.446640414,34.81372054],[135.446579996,34.813683665],[135.446470796,34.813649888],[135.446321335,34.813599791],[135.446258237,34.81357754],[135.446223406,34.813559537],[135.446198542,34.813544324],[135.446132235,34.813504214],[135.44613983,34.81348667],[135.446291443,34.81304446],[135.446313161,34.812992875],[135.446690421,34.813105723],[135.446889619,34.813156786],[135.447097048,34.81319692],[135.447293751,34.813229229],[135.447464956,34.813251681],[135.447464922,34.813275616],[135.447462983,34.813287778],[135.447411835,34.814203637],[135.44738419,34.814284014],[135.447355472,34.814584973],[135.448326239,34.814666315],[135.448308384,34.81484932],[135.448294233,34.815031061],[135.448290359,34.815080809],[135.448269721,34.815195288],[135.448263668,34.815228869],[135.448220756,34.815337697],[135.448204916,34.8153702],[135.448150063,34.815482742],[135.448103478,34.815585357],[135.448073333,34.815694243],[135.44801602,34.815740373],[135.447914625,34.815821985],[135.447914679,34.815822059],[135.447958294,34.815881343],[135.447959202,34.815913279],[135.447959712,34.815931213],[135.447955506,34.816046056]]]}},{"type":"Feature","properties":{"petiteau_class":"school","source":"plateau_luse","source_file":"523513_luse_6697_op.gml","mesh_id":"523513","gml_id":"luse_fcae136b-cfa2-4777-8b65-7ddf939560b4","luse_class":"214","landuse_name":"学校","function":null,"usage":null,"orgLandUse":"21","areaClassificationType":null},"geometry":{"type":"Polygon","coordinates":[[[135.423092264,34.818785956],[135.421769812,34.818808074],[135.421756499,34.818808296],[135.421751986,34.818460403],[135.421724533,34.817278183],[135.421724533,34.817278093],[135.421732208,34.817278026],[135.423071732,34.817266265],[135.423092264,34.818785956]]]}},{"type":"Feature","properties":{"petiteau_class":"school","source":"plateau_luse","source_file":"523513_luse_6697_op.gml","mesh_id":"523513","gml_id":"luse_46cbe101-4dc3-4dbe-8cab-0f6fd25f70cd","luse_class":"214","landuse_name":"学校","function":null,"usage":null,"orgLandUse":"21","areaClassificationType":null},"geometry":{"type":"Polygon","coordinates":[[[135.449486565,34.820282665],[135.449476491,34.820447049],[135.449440608,34.820455968],[135.449232798,34.820507623],[135.449008328,34.820533111],[135.448927998,34.820614503],[135.44846825,34.82070284],[135.448000197,34.820752825],[135.447528347,34.820763937],[135.447522293,34.820360415],[135.447158925,34.820353989],[135.44714222,34.820236449],[135.447106768,34.820199058],[135.447054896,34.820178178],[135.446997188,34.820178277],[135.446962415,34.820134217],[135.446950857,34.82008251],[135.44696446,34.820031096],[135.446963922,34.81989543],[135.447004918,34.819763999],[135.447239762,34.819751363],[135.447468422,34.819705434],[135.447684143,34.819627712],[135.447861345,34.819138778],[135.447949749,34.818894849],[135.447972518,34.818895717],[135.448996925,34.818934824],[135.449674088,34.818960672],[135.449642459,34.819124957],[135.449626156,34.819280425],[135.449573766,34.819730518],[135.449538712,34.819869606],[135.449486565,34.820282665]]]}},{"type":"Feature","properties":{"petiteau_class":"school","source":"plateau_luse","source_file":"523513_luse_6697_op.gml","mesh_id":"523513","gml_id":"luse_4723a27d-21cd-456b-935c-af63ebd12114","luse_class":"214","landuse_name":"学校","function":null,"usage":null,"orgLandUse":"21","areaClassificationType":null},"geometry":{"type":"Polygon","coordinates":[[[135.439951451,34.819780916],[135.440374138,34.82007237],[135.440374948,34.820079447],[135.440402207,34.820317529],[135.44040611,34.820416844],[135.440400865,34.82052175],[135.440405016,34.820584615],[135.440407658,34.820644959],[135.440468281,34.820704071],[135.440580579,34.820844768],[135.440730094,34.820994381],[135.440808982,34.821096972],[135.44101449,34.821340236],[135.441196994,34.821574648],[135.441328487,34.821754828],[135.441374379,34.821774061],[135.441445045,34.821783129],[135.441496264,34.821806712],[135.441536043,34.821867326],[135.440931027,34.822060409],[135.440915624,34.822074942],[135.440904837,34.822102117],[135.440876208,34.822178557],[135.440685097,34.822201929],[135.440505923,34.822261145],[135.440068459,34.822196934],[135.439641626,34.822095087],[135.43846927,34.821811493],[135.437954548,34.820418953],[135.438026586,34.820246629],[135.437962026,34.82022006],[135.437910053,34.820205473],[135.437757827,34.820187525],[135.437643803,34.820180229],[135.437695255,34.820050017],[135.437596176,34.819825088],[135.437446979,34.819785384],[135.437154971,34.819703452],[135.436978065,34.819656156],[135.436953079,34.819644975],[135.436931708,34.819628645],[135.436899722,34.819593823],[135.436814358,34.819483228],[135.436791283,34.81945435],[135.436758361,34.819425425],[135.436699541,34.819378504],[135.436636327,34.819328782],[135.436601617,34.819299849],[135.436521295,34.819210148],[135.436442944,34.819130662],[135.43652282,34.819086148],[135.43697833,34.818832299],[135.437382662,34.818566707],[135.437553468,34.818837841],[135.437698683,34.819118871],[135.437817532,34.819408154],[135.438246526,34.819374524],[135.438355808,34.819491679],[135.438860602,34.819194101],[135.438882624,34.819205661],[135.439401321,34.819477922],[135.439951451,34.819780916]]]}},{"type":"Feature","properties":{"petiteau_class":"school","source":"plateau_luse","source_file":"523513_luse_6697_op.gml","mesh_id":"523513","gml_id":"luse_e2906bd2-2040-4e25-ab05-59d487cbfb52","luse_class":"214","landuse_name":"学校","function":null,"usage":null,"orgLandUse":"21","areaClassificationType":null},"geometry":{"type":"Polygon","coordinates":[[[135.443768298,34.822577625],[135.443368868,34.822671263],[135.443153925,34.822242988],[135.443014133,34.822263894],[135.442881059,34.822305025],[135.44275903,34.822365136],[135.442155995,34.821666261],[135.441722494,34.821211453],[135.442527384,34.820862719],[135.442511486,34.820642221],[135.442572962,34.820635713],[135.442869218,34.820634905],[135.4430743,34.820986247],[135.443089053,34.821097468],[135.443295746,34.821209466],[135.443410523,34.821517395],[135.443559353,34.821815195],[135.443740902,34.822100351],[135.443722636,34.822363098],[135.443735378,34.822400662],[135.443768298,34.822577625]]]}},{"type":"Feature","properties":{"petiteau_class":"school","source":"plateau_luse","source_file":"523513_luse_6697_op.gml","mesh_id":"523513","gml_id":"luse_820f635c-60c6-48b1-8cc0-b4ec2bd649b0","luse_class":"214","landuse_name":"学校","function":null,"usage":null,"orgLandUse":"21","areaClassificationType":null},"geometry":{"type":"Polygon","coordinates":[[[135.429121205,34.823117576],[135.428563397,34.823140271],[135.428266954,34.823098799],[135.427999707,34.823089104],[135.428017781,34.822694719],[135.428582416,34.822701361],[135.428590488,34.822521851],[135.429075156,34.822517783],[135.429089657,34.822517851],[135.429091987,34.8221803],[135.430254032,34.822197356],[135.430310677,34.822933299],[135.429861627,34.823089406],[135.429614048,34.823102484],[135.429614125,34.82309141],[135.429121205,34.823117576]]]}},{"type":"Feature","properties":{"petiteau_class":"school","source":"plateau_luse","source_file":"523513_luse_6697_op.gml","mesh_id":"523513","gml_id":"luse_a0224f28-2ff7-4417-ac47-12963817223c","luse_class":"214","landuse_name":"学校","function":null,"usage":null,"orgLandUse":"21","areaClassificationType":null},"geometry":{"type":"Polygon","coordinates":[[[135.443161254,34.824238786],[135.443048624,34.823287504],[135.443002186,34.822895271],[135.444153704,34.823024691],[135.445107422,34.82315063],[135.445189267,34.823719901],[135.445076751,34.823745161],[135.445025417,34.82374645],[135.444279815,34.823737638],[135.44425557,34.823929454],[135.44417005,34.823966925],[135.44408487,34.824213903],[135.443941469,34.824171941],[135.443161254,34.824238786]]]}},{"type":"Feature","properties":{"petiteau_class":"school","source":"plateau_luse","source_file":"523513_luse_6697_op.gml","mesh_id":"523513","gml_id":"luse_05caea5d-d2b1-4524-bd4d-5a9094300b41","luse_class":"214","landuse_name":"学校","function":null,"usage":null,"orgLandUse":"21","areaClassificationType":null},"geometry":{"type":"Polygon","coordinates":[[[135.432252523,34.824476902],[135.432836938,34.825873107],[135.432808363,34.825936619],[135.43251609,34.826025047],[135.432388192,34.825717499],[135.431046788,34.826084818],[135.4309977,34.825814823],[135.430823256,34.824855349],[135.432252523,34.824476902]]]}},{"type":"Feature","properties":{"petiteau_class":"school","source":"plateau_luse","source_file":"523513_luse_6697_op.gml","mesh_id":"523513","gml_id":"luse_f7d9f62c-d87c-46b9-bec4-7d0803cdeaa4","luse_class":"214","landuse_name":"学校","function":null,"usage":null,"orgLandUse":"21","areaClassificationType":null},"geometry":{"type":"Polygon","coordinates":[[[135.434345338,34.828449465],[135.434207164,34.828900367],[135.432356115,34.828636285],[135.432552553,34.82784996],[135.432685589,34.827856349],[135.432816554,34.827836225],[135.433046289,34.827795825],[135.433281187,34.827791869],[135.433304794,34.827795194],[135.433296244,34.827841003],[135.433913024,34.827994561],[135.433808985,34.828362423],[135.434345338,34.828449465]]]}},{"type":"Feature","properties":{"petiteau_class":"school","source":"plateau_luse","source_file":"523513_luse_6697_op.gml","mesh_id":"523513","gml_id":"luse_b3b2f35e-f407-49ac-8658-70b76bc59911","luse_class":"214","landuse_name":"学校","function":null,"usage":null,"orgLandUse":"21","areaClassificationType":null},"geometry":{"type":"Polygon","coordinates":[[[135.440594493,34.828460937],[135.440610689,34.829067513],[135.440180822,34.829063193],[135.439752672,34.829031206],[135.439328939,34.828971831],[135.438911981,34.828885443],[135.438772176,34.827922043],[135.438906018,34.827383224],[135.43928894,34.827328735],[135.43967627,34.827302662],[135.440064936,34.827305351],[135.440451703,34.827336697],[135.440472483,34.827350991],[135.440520442,34.827383979],[135.440402404,34.828387576],[135.440543585,34.828441494],[135.440594493,34.828460937]]]}},{"type":"Feature","properties":{"petiteau_class":"school","source":"plateau_luse","source_file":"523513_luse_6697_op.gml","mesh_id":"523513","gml_id":"luse_cc5cba93-e093-41d1-ac94-8925183244f4","luse_class":"214","landuse_name":"学校","function":null,"usage":null,"orgLandUse":"21","areaClassificationType":null},"geometry":{"type":"Polygon","coordinates":[[[135.449573306,34.82894294],[135.448269945,34.829180347],[135.447910862,34.828836608],[135.447589006,34.828468617],[135.447621023,34.828318397],[135.447600574,34.828166765],[135.447529294,34.828026001],[135.44731423,34.828029982],[135.447158483,34.828039094],[135.447099741,34.82804253],[135.447010592,34.827593638],[135.446900779,34.827149095],[135.446900507,34.827147997],[135.446916228,34.827145492],[135.447851275,34.826996536],[135.448809296,34.826879898],[135.449573306,34.82894294]]]}},{"type":"Feature","properties":{"petiteau_class":"cemetery","source":"plateau_luse","source_file":"523513_luse_6697_op.gml","mesh_id":"523513","gml_id":"luse_7227e1e5-6ef3-4416-97a0-fad8682fea96","luse_class":"217","landuse_name":"墓地","function":null,"usage":null,"orgLandUse":"24","areaClassificationType":null},"geometry":{"type":"Polygon","coordinates":[[[135.429060943,34.810380905],[135.429139007,34.810680798],[135.428999491,34.810708147],[135.429004748,34.810733643],[135.429032998,34.810870648],[135.429032535,34.810870639],[135.428774834,34.810865914],[135.428728602,34.810865697],[135.428592431,34.810387991],[135.428587787,34.810345225],[135.428676481,34.81035472],[135.428773324,34.810365311],[135.42881913,34.810366851],[135.42905332,34.810358692],[135.429060943,34.810380905]]]}},{"type":"Feature","properties":{"petiteau_class":"cemetery","source":"plateau_luse","source_file":"523513_luse_6697_op.gml","mesh_id":"523513","gml_id":"luse_58534630-e209-47fd-9b5f-01ba8b153c54","luse_class":"217","landuse_name":"墓地","function":null,"usage":null,"orgLandUse":"24","areaClassificationType":null},"geometry":{"type":"Polygon","coordinates":[[[135.439124184,34.818950585],[135.439095705,34.818970885],[135.43895769,34.818702691],[135.438825647,34.81843237],[135.438975188,34.818222021],[135.439086301,34.81820279],[135.43918041,34.818150397],[135.439126697,34.817722226],[135.43911446,34.817291902],[135.439374015,34.817530988],[135.439513916,34.817698418],[135.439594892,34.817795326],[135.439773357,34.818080554],[135.439783898,34.81848711],[135.439786016,34.818568764],[135.439602314,34.818617862],[135.439410867,34.818638797],[135.439217998,34.818630968],[135.439227681,34.818687771],[135.439256415,34.818856325],[135.439124184,34.818950585]]]}},{"type":"Feature","properties":{"petiteau_class":"farmland","source":"plateau_luse","source_file":"523513_luse_6697_op.gml","mesh_id":"523513","gml_id":"luse_93877fcc-bf3e-4ef4-bcd4-d0e04ba0cdce","luse_class":"202","landuse_name":"畑","function":null,"usage":null,"orgLandUse":"03","areaClassificationType":null},"geometry":{"type":"Polygon","coordinates":[[[135.425946053,34.807519618],[135.425899945,34.807901405],[135.425575115,34.807964604],[135.425574236,34.807964774],[135.425547511,34.807831139],[135.425516089,34.807728672],[135.425503199,34.807696157],[135.425480111,34.807668372],[135.425472977,34.807657203],[135.425564914,34.80763456],[135.425601215,34.807619812],[135.425800774,34.807536748],[135.425802164,34.807536571],[135.425946211,34.807518311],[135.425946053,34.807519618]]]}},{"type":"Feature","properties":{"petiteau_class":"farmland","source":"plateau_luse","source_file":"523513_luse_6697_op.gml","mesh_id":"523513","gml_id":"luse_915c7b80-189f-45e8-8b63-be2797ce1001","luse_class":"202","landuse_name":"畑","function":null,"usage":null,"orgLandUse":"03","areaClassificationType":null},"geometry":{"type":"Polygon","coordinates":[[[135.430593695,34.808676525],[135.430762919,34.808672268],[135.430817453,34.808832086],[135.431024905,34.808863436],[135.431022662,34.809030742],[135.430681269,34.809091296],[135.430593695,34.808676525]]]}},{"type":"Feature","properties":{"petiteau_class":"farmland","source":"plateau_luse","source_file":"523513_luse_6697_op.gml","mesh_id":"523513","gml_id":"luse_aba5d340-47bc-4c88-9742-170f8700f63c","luse_class":"202","landuse_name":"畑","function":null,"usage":null,"orgLandUse":"03","areaClassificationType":null},"geometry":{"type":"Polygon","coordinates":[[[135.43046209,34.809233928],[135.430322425,34.809242537],[135.430197562,34.80906285],[135.430164276,34.809023661],[135.430109842,34.808976618],[135.430153573,34.808784265],[135.430158042,34.808691648],[135.430308486,34.808683664],[135.43046209,34.809233928]]]}},{"type":"Feature","properties":{"petiteau_class":"farmland","source":"plateau_luse","source_file":"523513_luse_6697_op.gml","mesh_id":"523513","gml_id":"luse_29f617b9-f3ed-40ae-86ec-949a36b6fa90","luse_class":"202","landuse_name":"畑","function":null,"usage":null,"orgLandUse":"03","areaClassificationType":null},"geometry":{"type":"Polygon","coordinates":[[[135.432347986,34.799072614],[135.432562673,34.799065321],[135.432755947,34.799088939],[135.432704828,34.799363794],[135.432705202,34.799376038],[135.432636209,34.799365805],[135.432325637,34.799319607],[135.432347986,34.799072614]]]}},{"type":"Feature","properties":{"petiteau_class":"farmland","source":"plateau_luse","source_file":"523523_luse_6697_op.gml","mesh_id":"523523","gml_id":"luse_4afc3f18-a742-41bb-9df7-199a9ad6fe1b","luse_class":"201","landuse_name":"田・休耕地","function":null,"usage":null,"orgLandUse":"02","areaClassificationType":null},"geometry":{"type":"Polygon","coordinates":[[[135.428648724,34.842002312],[135.428375732,34.842073113],[135.428367573,34.841970769],[135.42833553,34.841795239],[135.428309998,34.841639835],[135.428299755,34.841505768],[135.428280547,34.841397893],[135.428231047,34.841182089],[135.428211838,34.841074212],[135.428173736,34.840727076],[135.428220587,34.840716921],[135.428248417,34.84081315],[135.428304165,34.840900764],[135.428450446,34.840912628],[135.428526858,34.840902003],[135.428595319,34.840892483],[135.428728673,34.840841634],[135.42876803,34.840825343],[135.428764621,34.841065572],[135.428798918,34.841181483],[135.428814383,34.841237989],[135.428812163,34.84130604],[135.428709944,34.841398863],[135.428656431,34.841452701],[135.428612248,34.841490805],[135.428734641,34.841609622],[135.428823993,34.841730198],[135.428886382,34.841861837],[135.428913868,34.841933546],[135.428648724,34.842002312]]]}},{"type":"Feature","properties":{"petiteau_class":"farmland","source":"plateau_luse","source_file":"523523_luse_6697_op.gml","mesh_id":"523523","gml_id":"luse_e02a6059-3991-476c-aceb-c5a6994c9b9b","luse_class":"201","landuse_name":"田・休耕地","function":null,"usage":null,"orgLandUse":"02","areaClassificationType":null},"geometry":{"type":"Polygon","coordinates":[[[135.427162631,34.842501179],[135.426886434,34.842537291],[135.426646692,34.842349107],[135.426437042,34.84235966],[135.426470327,34.841591506],[135.426740758,34.841437648],[135.426877437,34.841493808],[135.426968438,34.841582671],[135.427137119,34.841822707],[135.427283097,34.842072741],[135.427290141,34.842085125],[135.427070716,34.842152605],[135.427162631,34.842501179]]]}},{"type":"Feature","properties":{"petiteau_class":"farmland","source":"plateau_luse","source_file":"523523_luse_6697_op.gml","mesh_id":"523523","gml_id":"luse_e40eca8b-eeb9-4dfd-a681-cc411c73eb9b","luse_class":"201","landuse_name":"田・休耕地","function":null,"usage":null,"orgLandUse":"02","areaClassificationType":null},"geometry":{"type":"Polygon","coordinates":[[[135.4261765,34.846524906],[135.425909136,34.846611539],[135.425677832,34.845336144],[135.425336955,34.845374112],[135.425327461,34.845001037],[135.42536887,34.844829421],[135.425677891,34.844768045],[135.425994572,34.84474655],[135.426041041,34.844925162],[135.426112261,34.845098221],[135.426207429,34.845263277],[135.426325351,34.845371649],[135.426403899,34.845502093],[135.426437177,34.845645043],[135.426048141,34.845696036],[135.4261765,34.846524906]]]}},{"type":"Feature","properties":{"petiteau_class":"farmland","source":"plateau_luse","source_file":"523523_luse_6697_op.gml","mesh_id":"523523","gml_id":"luse_28485de4-6e4f-4df7-a498-9a3d8dab10a8","luse_class":"201","landuse_name":"田・休耕地","function":null,"usage":null,"orgLandUse":"02","areaClassificationType":null},"geometry":{"type":"Polygon","coordinates":[[[135.437012816,34.849386508],[135.437035447,34.849546174],[135.437044733,34.849706681],[135.436921754,34.849740638],[135.436792034,34.849744907],[135.436666135,34.849719263],[135.436652617,34.849506272],[135.436558553,34.8494531],[135.436445353,34.849441939],[135.435905269,34.849436555],[135.435542288,34.848891742],[135.43586749,34.848774163],[135.436143548,34.849144325],[135.436356742,34.849158384],[135.436569517,34.849140708],[135.436775023,34.849092077],[135.436990417,34.849046556],[135.437012816,34.849386508]]]}},{"type":"Feature","properties":{"petiteau_class":"farmland","source":"plateau_luse","source_file":"523523_luse_6697_op.gml","mesh_id":"523523","gml_id":"luse_484675df-7f49-40d7-92b5-7c394c5ce536","luse_class":"201","landuse_name":"田・休耕地","function":null,"usage":null,"orgLandUse":"02","areaClassificationType":null},"geometry":{"type":"Polygon","coordinates":[[[135.429439931,34.849380756],[135.429457042,34.849484057],[135.429465657,34.849666036],[135.429155017,34.849736497],[135.428956595,34.849776221],[135.428921094,34.84959666],[135.428878058,34.849385086],[135.428862397,34.849308091],[135.428685017,34.849325378],[135.428678543,34.849026634],[135.428678444,34.849022022],[135.4288112,34.849001498],[135.428971932,34.848956432],[135.429334033,34.848866491],[135.429376811,34.848866692],[135.429391628,34.848881894],[135.429404421,34.84889502],[135.42942299,34.848993796],[135.429424022,34.849154171],[135.429424882,34.849166417],[135.429439931,34.849380756]]]}},{"type":"Feature","properties":{"petiteau_class":"farmland","source":"plateau_luse","source_file":"523523_luse_6697_op.gml","mesh_id":"523523","gml_id":"luse_1a03a3fa-7b76-4c45-b992-34e2fbe26fbe","luse_class":"201","landuse_name":"田・休耕地","function":null,"usage":null,"orgLandUse":"02","areaClassificationType":null},"geometry":{"type":"Polygon","coordinates":[[[135.436487567,34.85158546],[135.436431954,34.851669202],[135.436399353,34.85171829],[135.436198578,34.851668681],[135.43599963,34.851614032],[135.435683263,34.851598863],[135.435373487,34.85154406],[135.434774123,34.851632959],[135.434664294,34.851247969],[135.434573561,34.85086341],[135.434572695,34.850859738],[135.434526162,34.850867489],[135.434413713,34.85088622],[135.433745116,34.850997589],[135.433717652,34.851002163],[135.43370869,34.85100372],[135.43336371,34.85106366],[135.432272032,34.851253333],[135.432266532,34.851231462],[135.432158611,34.850802255],[135.432074704,34.850346718],[135.432007223,34.849864114],[135.431950573,34.849380488],[135.431583743,34.849071923],[135.431190965,34.848785763],[135.431218777,34.848649951],[135.431383563,34.848672897],[135.431718304,34.848768663],[135.432061772,34.848840491],[135.432214032,34.848889791],[135.432353794,34.848959766],[135.432616582,34.849591654],[135.432875496,34.850224605],[135.433628932,34.850115879],[135.434375832,34.849987376],[135.434375919,34.849987376],[135.434464256,34.850415897],[135.434578329,34.850840292],[135.434730157,34.850826932],[135.434813109,34.850819631],[135.435018774,34.850801532],[135.435223463,34.850783518],[135.435287734,34.850854763],[135.435326033,34.850937606],[135.435369933,34.851034538],[135.435443042,34.851118533],[135.435540172,34.851183972],[135.435697926,34.851222293],[135.435843417,34.85128553],[135.435941774,34.851344222],[135.436034129,34.851409106],[135.436168359,34.851484821],[135.436323564,34.851525114],[135.43641149,34.851525791],[135.436487567,34.85158546]]]}},{"type":"Feature","properties":{"petiteau_class":"farmland","source":"plateau_luse","source_file":"523523_luse_6697_op.gml","mesh_id":"523523","gml_id":"luse_f1843c66-41af-47fd-b33b-7a9505acf8fa","luse_class":"201","landuse_name":"田・休耕地","function":null,"usage":null,"orgLandUse":"02","areaClassificationType":null},"geometry":{"type":"Polygon","coordinates":[[[135.43816981,34.851457742],[135.438170034,34.851463277],[135.438177299,34.851643031],[135.438213476,34.851826098],[135.438277565,34.852003805],[135.438367227,34.852148366],[135.438495715,34.852271379],[135.43865588,34.85236587],[135.438818366,34.852419747],[135.438838649,34.852426472],[135.438824194,34.852547641],[135.438817587,34.852603019],[135.438812445,34.852646133],[135.438647045,34.852750753],[135.438503242,34.852850604],[135.43843701,34.85279268],[135.438253101,34.852631833],[135.437775559,34.852219645],[135.437542687,34.851994553],[135.437472086,34.851925624],[135.437583899,34.851861774],[135.437605021,34.851846367],[135.437608339,34.851823304],[135.43751512,34.851565151],[135.437392636,34.851315416],[135.437241934,34.851076378],[135.437390252,34.851095273],[135.437537645,34.851118491],[135.437650191,34.851132984],[135.437763441,34.85112287],[135.437823209,34.851103766],[135.437869647,34.851088923],[135.43816981,34.851457742]]]}},{"type":"Feature","properties":{"petiteau_class":"farmland","source":"plateau_luse","source_file":"523523_luse_6697_op.gml","mesh_id":"523523","gml_id":"luse_94fa4a79-0c9c-466c-95c3-fc69f99fc532","luse_class":"201","landuse_name":"田・休耕地","function":null,"usage":null,"orgLandUse":"02","areaClassificationType":null},"geometry":{"type":"Polygon","coordinates":[[[135.442149866,34.853184648],[135.442114071,34.853189802],[135.442060076,34.853185769],[135.441978568,34.853174848],[135.441939261,34.853181969],[135.441852846,34.853185359],[135.441837415,34.853187091],[135.441820564,34.853091456],[135.441810024,34.853032812],[135.441780979,34.852880598],[135.441771822,34.85282764],[135.441736059,34.852666381],[135.441697282,34.852546397],[135.441690449,34.852521844],[135.441688554,34.852494792],[135.441699945,34.852330234],[135.441706624,34.852280502],[135.441767989,34.85227799],[135.441829326,34.852279804],[135.441932233,34.852295601],[135.44205271,34.852332935],[135.442143635,34.852357872],[135.442241918,34.852378245],[135.442375452,34.852409417],[135.442351721,34.852506668],[135.442338529,34.852549338],[135.442339105,34.85256124],[135.442340222,34.852574046],[135.44234743,34.852640158],[135.442343064,34.852687556],[135.44233173,34.852730414],[135.442323102,34.852793569],[135.442317055,34.852879362],[135.442320907,34.852924454],[135.44232035,34.853006846],[135.442326355,34.853137949],[135.442292471,34.85313545],[135.442265873,34.853139115],[135.442235521,34.85314808],[135.442188465,34.853168959],[135.442149866,34.853184648]]]}},{"type":"Feature","properties":{"petiteau_class":"farmland","source":"plateau_luse","source_file":"523523_luse_6697_op.gml","mesh_id":"523523","gml_id":"luse_af0599bf-b59f-4b54-ba48-3148558e32b6","luse_class":"201","landuse_name":"田・休耕地","function":null,"usage":null,"orgLandUse":"02","areaClassificationType":null},"geometry":{"type":"Polygon","coordinates":[[[135.443419727,34.853086615],[135.443412331,34.853096858],[135.443391953,34.853118761],[135.443381776,34.853136023],[135.44337053,34.853182128],[135.443363676,34.853241774],[135.443344038,34.853332193],[135.443329105,34.853373683],[135.443305012,34.853411345],[135.443280109,34.853439176],[135.443176852,34.853448252],[135.44298594,34.85304734],[135.442865621,34.853069532],[135.442850242,34.852798819],[135.442868247,34.852750831],[135.442904746,34.852582027],[135.443042435,34.852601334],[135.443112849,34.852619236],[135.443192174,34.852629244],[135.443404029,34.852657168],[135.443389481,34.85272255],[135.443391446,34.852788006],[135.443395287,34.852899717],[135.443411029,34.85299805],[135.443419727,34.853086615]]]}},{"type":"Feature","properties":{"petiteau_class":"farmland","source":"plateau_luse","source_file":"523523_luse_6697_op.gml","mesh_id":"523523","gml_id":"luse_18a7bf8a-3ffc-43f6-9db6-142f43d9fbd7","luse_class":"201","landuse_name":"田・休耕地","function":null,"usage":null,"orgLandUse":"02","areaClassificationType":null},"geometry":{"type":"Polygon","coordinates":[[[135.444716113,34.852741808],[135.444764044,34.852803868],[135.444853076,34.85325699],[135.444097249,34.853584293],[135.444062618,34.853342899],[135.444047157,34.853280896],[135.443991262,34.853237461],[135.443915298,34.853228369],[135.443887919,34.853075083],[135.443925201,34.852775699],[135.444074282,34.852761596],[135.444250922,34.852755461],[135.444401249,34.852744518],[135.444547383,34.852713453],[135.444636432,34.852708541],[135.444716113,34.852741808]]]}},{"type":"Feature","properties":{"petiteau_class":"farmland","source":"plateau_luse","source_file":"523523_luse_6697_op.gml","mesh_id":"523523","gml_id":"luse_5b429ee2-204f-43c1-9ebc-3910a69ed1b5","luse_class":"202","landuse_name":"畑","function":null,"usage":null,"orgLandUse":"03","areaClassificationType":null},"geometry":{"type":"Polygon","coordinates":[[[135.453246939,34.834325439],[135.452822312,34.834326331],[135.452806352,34.834050347],[135.452770148,34.833688791],[135.452795395,34.833620483],[135.452850849,34.833565561],[135.452927805,34.833532733],[135.453016785,34.833358096],[135.45294451,34.833226359],[135.45270291,34.833173528],[135.452570457,34.83315465],[135.452254432,34.832889412],[135.452299018,34.83269816],[135.452216907,34.832562616],[135.452206899,34.832479932],[135.452218289,34.832353849],[135.452214207,34.832173328],[135.452198762,34.83211454],[135.452138968,34.831920992],[135.452106876,34.831830789],[135.452087349,34.831725317],[135.452086044,34.831674647],[135.452117989,34.831572473],[135.45214634,34.831468209],[135.452147483,34.831493726],[135.452155948,34.831569218],[135.452164895,34.831654449],[135.4521657,34.831698085],[135.452178159,34.831748173],[135.452194638,34.831802156],[135.452202585,34.831823827],[135.452225942,34.831862876],[135.452300684,34.831967695],[135.452319232,34.832006542],[135.452329733,34.832038773],[135.452346955,34.832096094],[135.452367187,34.83217777],[135.452373115,34.832207185],[135.452382377,34.832228321],[135.452401031,34.832251213],[135.452538895,34.83238345],[135.452638419,34.832460884],[135.452666298,34.832494094],[135.452696504,34.832538854],[135.452739162,34.832668138],[135.45275806,34.832720239],[135.452681904,34.832828615],[135.453047484,34.833062136],[135.453138087,34.832938052],[135.45318516,34.832959971],[135.453253919,34.832944774],[135.453276557,34.833010535],[135.453211376,34.833062587],[135.453182784,34.833104107],[135.453110027,34.833178243],[135.453081827,34.83323044],[135.45335375,34.833820138],[135.453634404,34.833826357],[135.453634437,34.833826358],[135.453643895,34.833858042],[135.45364827,34.833887642],[135.453648113,34.833911234],[135.453596179,34.834099045],[135.453570736,34.834189761],[135.453483775,34.83418937],[135.453383173,34.834195296],[135.453247951,34.834172364],[135.453246939,34.834325439]]]}},{"type":"Feature","properties":{"petiteau_class":"farmland","source":"plateau_luse","source_file":"523523_luse_6697_op.gml","mesh_id":"523523","gml_id":"luse_9d377577-e061-4acb-9c99-79106d61f846","luse_class":"202","landuse_name":"畑","function":null,"usage":null,"orgLandUse":"03","areaClassificationType":null},"geometry":{"type":"Polygon","coordinates":[[[135.429429951,34.843708149],[135.429450225,34.843831043],[135.429344155,34.843868843],[135.429028424,34.843936867],[135.428951763,34.843951112],[135.428924168,34.843624466],[135.428640278,34.843651443],[135.428607158,34.843432959],[135.428535035,34.843220952],[135.428425417,34.84302022],[135.428283376,34.843008104],[135.428278851,34.84303639],[135.428145738,34.843025129],[135.428144685,34.843177383],[135.427314177,34.843315104],[135.42730461,34.843446044],[135.427153348,34.84342496],[135.427020684,34.843361503],[135.426923334,34.843263685],[135.42685331,34.843166087],[135.426777314,34.843071615],[135.42645755,34.843186761],[135.426004154,34.842599488],[135.425766875,34.842315046],[135.425711295,34.841762449],[135.425666095,34.841647216],[135.425590714,34.841543372],[135.424986974,34.840739303],[135.424992093,34.840728059],[135.425043857,34.840637011],[135.425303377,34.84055817],[135.425320874,34.840679203],[135.425660265,34.840658127],[135.425638724,34.840241673],[135.425739667,34.839983163],[135.425781559,34.839808023],[135.425804632,34.839634416],[135.425804416,34.839602593],[135.425809806,34.839566288],[135.425803183,34.839562955],[135.425817603,34.839560662],[135.425848337,34.839555776],[135.426121502,34.839527043],[135.426175443,34.840174278],[135.426190238,34.84049021],[135.426247891,34.840485703],[135.426253771,34.840505023],[135.42641889,34.841164785],[135.426247692,34.841192014],[135.426231647,34.841219433],[135.426173534,34.841242778],[135.426079304,34.841239538],[135.425789317,34.841272877],[135.425698951,34.841295979],[135.42564158,34.841311872],[135.425755193,34.841368723],[135.425876242,34.841430596],[135.425945152,34.841458687],[135.425974502,34.841467659],[135.426067766,34.841483966],[135.426093453,34.841485259],[135.42613149,34.841487241],[135.426185162,34.841489388],[135.426237685,34.841483775],[135.426282589,34.84147308],[135.426378644,34.841449823],[135.426484976,34.841426526],[135.426570759,34.841418006],[135.426652639,34.841420375],[135.426708907,34.84142659],[135.426740758,34.841437648],[135.426470327,34.841591506],[135.426437042,34.84235966],[135.426646692,34.842349107],[135.426886434,34.842537291],[135.427162631,34.842501179],[135.427070716,34.842152605],[135.427290141,34.842085125],[135.427302877,34.84210754],[135.427325003,34.84214136],[135.427465072,34.842450856],[135.427446093,34.842614984],[135.427658128,34.842780398],[135.428029776,34.84273679],[135.427931264,34.842338566],[135.427550638,34.841215891],[135.427703364,34.84118145],[135.427594864,34.840832529],[135.427411158,34.840287904],[135.427193503,34.839631427],[135.427068358,34.839185428],[135.426970866,34.838914797],[135.427153312,34.838858952],[135.427188981,34.838800161],[135.427193939,34.838734648],[135.427178588,34.838660294],[135.427534135,34.838609588],[135.427560804,34.838691477],[135.427619111,34.838761435],[135.427702355,34.838811227],[135.427770939,34.83884337],[135.427834429,34.838881801],[135.427844433,34.838973528],[135.427690248,34.839036179],[135.427717426,34.839318009],[135.427724527,34.839381734],[135.427769898,34.839788916],[135.428040466,34.839770534],[135.428014449,34.839320484],[135.428250687,34.83927138],[135.428256891,34.839142597],[135.428494277,34.839110715],[135.428734759,34.839112023],[135.428804472,34.839294078],[135.4288303,34.83948378],[135.428698871,34.839542932],[135.428553923,34.839574166],[135.42861094,34.839793042],[135.428638793,34.840015737],[135.428637071,34.840239567],[135.428671857,34.840425705],[135.428703754,34.840612181],[135.428541764,34.840655143],[135.428518403,34.840578588],[135.428276867,34.840623251],[135.428289616,34.840697593],[135.428220587,34.840716921],[135.428173736,34.840727076],[135.428211838,34.841074212],[135.428231047,34.841182089],[135.428280547,34.841397893],[135.428299755,34.841505768],[135.428309998,34.841639835],[135.42833553,34.841795239],[135.428367573,34.841970769],[135.428375732,34.842073113],[135.428648724,34.842002312],[135.428677587,34.842141307],[135.428652526,34.842271093],[135.428669566,34.842401879],[135.428727601,34.842524301],[135.428822556,34.842630038],[135.429045721,34.84264641],[135.429200243,34.842993562],[135.429328461,34.843347903],[135.429429951,34.843708149]]]}},{"type":"Feature","properties":{"petiteau_class":"farmland","source":"plateau_luse","source_file":"523523_luse_6697_op.gml","mesh_id":"523523","gml_id":"luse_7a220135-5a07-42d4-8df7-96c8c959a30a","luse_class":"202","landuse_name":"畑","function":null,"usage":null,"orgLandUse":"03","areaClassificationType":null},"geometry":{"type":"Polygon","coordinates":[[[135.427864786,34.844023358],[135.428043819,34.844084418],[135.428131856,34.84412044],[135.428223824,34.844148997],[135.428115619,34.844163418],[135.427932304,34.844312834],[135.4277784,34.84421677],[135.427467284,34.844072695],[135.427367861,34.844040586],[135.427480343,34.844010644],[135.427673497,34.8439983],[135.427864786,34.844023358]]]}},{"type":"Feature","properties":{"petiteau_class":"farmland","source":"plateau_luse","source_file":"523523_luse_6697_op.gml","mesh_id":"523523","gml_id":"luse_d4240c0f-be60-48c7-9abb-25503d01ff17","luse_class":"202","landuse_name":"畑","function":null,"usage":null,"orgLandUse":"03","areaClassificationType":null},"geometry":{"type":"Polygon","coordinates":[[[135.434365798,34.846904686],[135.434016468,34.84693786],[135.43384091,34.847078485],[135.433688801,34.84687792],[135.433528478,34.846926936],[135.433326641,34.846861903],[135.433114327,34.846825847],[135.43289775,34.846819791],[135.432794198,34.846831433],[135.432682945,34.846843941],[135.432643023,34.846788135],[135.432634629,34.846723739],[135.432659303,34.846662283],[135.432709276,34.846620867],[135.432777031,34.846604235],[135.432893289,34.846588369],[135.433001415,34.84654966],[135.432946499,34.846259489],[135.432783069,34.846249983],[135.43278702,34.846185546],[135.432216381,34.846458108],[135.431950401,34.846186245],[135.4319164,34.846081795],[135.431909925,34.845973767],[135.431931215,34.845866951],[135.432263938,34.845598871],[135.43199574,34.845282385],[135.431699387,34.844983515],[135.431331112,34.844573993],[135.431244449,34.844630651],[135.431100701,34.844704081],[135.431015246,34.844743888],[135.430927334,34.844791164],[135.430685131,34.844537243],[135.430776352,34.844543706],[135.430788606,34.844544575],[135.430960317,34.84455674],[135.430983017,34.84454711],[135.430985238,34.844526115],[135.430938632,34.84432667],[135.430928667,34.8441238],[135.430834163,34.844058452],[135.430763037,34.843975273],[135.430720232,34.843879787],[135.430708397,34.843778585],[135.430651654,34.843610925],[135.430635727,34.843565867],[135.430597366,34.843531251],[135.430544464,34.843514056],[135.430381872,34.843501126],[135.430218886,34.843492971],[135.429941895,34.843474097],[135.429875231,34.843411764],[135.429841767,34.843333359],[135.429846308,34.843250353],[135.429888226,34.843174825],[135.429971282,34.843043418],[135.430034825,34.842904896],[135.43002643,34.842826879],[135.430082177,34.842837417],[135.430301748,34.842840517],[135.430377659,34.842855656],[135.43043308,34.842900989],[135.430452221,34.84296337],[135.430429426,34.843025006],[135.430393761,34.84309759],[135.430391866,34.843175919],[135.430423909,34.84324972],[135.430593549,34.843339578],[135.430779602,34.843403732],[135.430864575,34.843452809],[135.430925144,34.843522145],[135.430954605,34.843604137],[135.4309496,34.843689564],[135.430975633,34.843759731],[135.431026259,34.843820187],[135.431096651,34.843865139],[135.431214764,34.843881015],[135.431329937,34.843854058],[135.431431571,34.843827127],[135.431092857,34.843963852],[135.431363549,34.844442108],[135.431395488,34.844498538],[135.4315164,34.844482513],[135.431690326,34.844475786],[135.431787349,34.844473223],[135.431891884,34.844490879],[135.43198253,34.844523908],[135.43219445,34.84461185],[135.432321825,34.844655966],[135.432392118,34.844664748],[135.432449286,34.844663808],[135.432526301,34.844658015],[135.432847312,34.844587716],[135.43313097,34.844462378],[135.433392924,34.844308271],[135.433473327,34.844247444],[135.433577756,34.844221065],[135.433685699,34.844234278],[135.433776352,34.844284452],[135.433898204,34.844386706],[135.434000216,34.84450275],[135.43408015,34.844629959],[135.434160345,34.844744729],[135.434271243,34.844840532],[135.434407517,34.844957717],[135.434563026,34.84505724],[135.434734548,34.845136916],[135.434847523,34.845178637],[135.434962339,34.845216852],[135.435080034,34.845268781],[135.435178363,34.845343339],[135.43525105,34.845435626],[135.435124418,34.845582782],[135.43496513,34.845706447],[135.434779333,34.845801683],[135.434563885,34.845907509],[135.434329275,34.84598052],[135.434082821,34.84601841],[135.433832012,34.846020038],[135.433776458,34.846033753],[135.433746686,34.846074812],[135.433751568,34.846112427],[135.43377941,34.846142386],[135.433938397,34.846313955],[135.434115963,34.846472628],[135.434369186,34.846711524],[135.434457492,34.84677593],[135.434567178,34.846811237],[135.43468503,34.846813316],[135.434533361,34.846877969],[135.434365798,34.846904686]]]}},{"type":"Feature","properties":{"petiteau_class":"farmland","source":"plateau_luse","source_file":"523523_luse_6697_op.gml","mesh_id":"523523","gml_id":"luse_f8a96be0-92c0-4ea7-a16c-c6e750a88f15","luse_class":"202","landuse_name":"畑","function":null,"usage":null,"orgLandUse":"03","areaClassificationType":null},"geometry":{"type":"Polygon","coordinates":[[[135.435905055,34.851159519],[135.436333719,34.851464761],[135.43641149,34.851525791],[135.436323564,34.851525114],[135.436168359,34.851484821],[135.436034129,34.851409106],[135.435941774,34.851344222],[135.435843417,34.85128553],[135.435697926,34.851222293],[135.435540172,34.851183972],[135.435443042,34.851118533],[135.435369933,34.851034538],[135.435326033,34.850937606],[135.435287734,34.850854763],[135.435223463,34.850783518],[135.435018774,34.850801532],[135.434813109,34.850819631],[135.434730157,34.850826932],[135.434578329,34.850840292],[135.434464256,34.850415897],[135.434375919,34.849987376],[135.434675849,34.850189077],[135.43514216,34.850527031],[135.43543902,34.850781814],[135.435905055,34.851159519]]]}},{"type":"Feature","properties":{"petiteau_class":"farmland","source":"plateau_luse","source_file":"523523_luse_6697_op.gml","mesh_id":"523523","gml_id":"luse_2627c96a-9715-4911-b1a3-fb9478426d80","luse_class":"202","landuse_name":"畑","function":null,"usage":null,"orgLandUse":"03","areaClassificationType":null},"geometry":{"type":"Polygon","coordinates":[[[135.43256575,34.856082501],[135.432595818,34.856174833],[135.43268891,34.856350616],[135.432675092,34.856359464],[135.432607536,34.856345807],[135.432237456,34.856310006],[135.43204095,34.856173959],[135.431842101,34.856040162],[135.431703945,34.85602284],[135.431567405,34.856047444],[135.431450721,34.856110804],[135.43121131,34.856237506],[135.431197926,34.856217628],[135.43116975,34.85617578],[135.431095168,34.856081762],[135.431038151,34.85601156],[135.430905705,34.855853835],[135.430783157,34.855707894],[135.430803207,34.855687478],[135.430835652,34.855646581],[135.430844244,34.855635765],[135.430897952,34.855570479],[135.430990213,34.85544903],[135.431138245,34.855248602],[135.431188142,34.855177711],[135.431249602,34.855137953],[135.43132603,34.855037378],[135.431418087,34.854931369],[135.431458597,34.854870999],[135.431474644,34.854805008],[135.431537007,34.854482313],[135.431176747,34.854470683],[135.431209787,34.854419895],[135.431231281,34.854350761],[135.431220926,34.854309335],[135.43118215,34.85428175],[135.431144872,34.85427202],[135.431106401,34.854266972],[135.431029667,34.854263639],[135.43095283,34.85426382],[135.430900159,34.854263123],[135.430847786,34.854258551],[135.430785404,34.854241763],[135.430732598,34.854209612],[135.430685242,34.854170538],[135.430636895,34.854132359],[135.430561665,34.854081796],[135.430478609,34.854040299],[135.430407907,34.854013736],[135.430334542,34.853992749],[135.43029273,34.853974434],[135.430263085,34.853943914],[135.430257904,34.853924509],[135.430264792,34.85390552],[135.430287993,34.853876151],[135.430313349,34.853848053],[135.430336151,34.85381129],[135.430340129,34.853770111],[135.430323713,34.853652843],[135.430308282,34.853535407],[135.43030754,34.853485822],[135.430317707,34.853436921],[135.430332557,34.853402013],[135.430353353,34.853369206],[135.430384474,34.853302552],[135.430383521,34.853231241],[135.430349902,34.85314914],[135.430292596,34.853076573],[135.430198344,34.853011227],[135.430111586,34.852984457],[135.430082967,34.852975628],[135.429910698,34.85292515],[135.429764766,34.852834319],[135.429658738,34.852711582],[135.429478685,34.852716417],[135.429299381,34.852731442],[135.429334951,34.852934802],[135.42937974,34.853136842],[135.429431621,34.853303048],[135.429504383,34.85346376],[135.429538575,34.853697755],[135.429555172,34.853933117],[135.429561162,34.854111547],[135.429597011,34.854287673],[135.429605974,34.854293137],[135.429694638,34.854347178],[135.429767048,34.854427568],[135.429808065,34.854521784],[135.429828479,34.854569747],[135.429845465,34.854618687],[135.429862888,34.854707383],[135.429884109,34.854795557],[135.429898938,34.854843043],[135.429915359,34.854877081],[135.429917689,34.854911113],[135.42992672,34.854945516],[135.429935049,34.854969735],[135.429945761,34.85498442],[135.429982503,34.855032316],[135.430010031,34.855072533],[135.430063224,34.855178248],[135.430054319,34.855278164],[135.430049514,34.855275575],[135.43004443,34.855272835],[135.429940845,34.855216007],[135.429870733,34.855191902],[135.429850921,34.85518509],[135.429813332,34.855172591],[135.429685723,34.855130157],[135.429554854,34.855065172],[135.429488045,34.855027672],[135.429248049,34.854888537],[135.429194845,34.854857691],[135.429152481,34.854832109],[135.428963294,34.854717861],[135.428474604,34.854382864],[135.428389538,34.854330043],[135.42825597,34.854247107],[135.428087177,34.854144192],[135.427796367,34.85396936],[135.427737775,34.853935913],[135.427724778,34.853931345],[135.427607099,34.853936214],[135.427394815,34.853943633],[135.427244804,34.853948875],[135.427198128,34.853947636],[135.427160964,34.853946648],[135.42710982,34.853941972],[135.42705267,34.85393466],[135.426893902,34.853891688],[135.426856963,34.853881691],[135.426778604,34.853865576],[135.426615821,34.8538321],[135.426453612,34.8538026],[135.426282181,34.853784747],[135.426228818,34.853774131],[135.426203859,34.853769165],[135.426134246,34.853748202],[135.42606913,34.853725358],[135.425993111,34.853691824],[135.425940347,34.853668548],[135.425888341,34.853640484],[135.425732067,34.853543612],[135.425646727,34.853486937],[135.425593698,34.853439992],[135.425575409,34.853410256],[135.425559402,34.853371515],[135.425547662,34.853327442],[135.425528565,34.853254107],[135.425527705,34.853251614],[135.425513657,34.853210864],[135.425486473,34.853157443],[135.425467386,34.853119933],[135.425394288,34.853016552],[135.425383652,34.853000613],[135.425373826,34.852985889],[135.425365487,34.852973113],[135.425347958,34.852946257],[135.425328814,34.85288595],[135.425325469,34.852874853],[135.425307519,34.852815282],[135.425291346,34.852782033],[135.425221391,34.85268761],[135.425199404,34.852661891],[135.425162027,34.852618169],[135.425139318,34.852594749],[135.42513925,34.85259468],[135.4251994,34.852563553],[135.42533461,34.852506864],[135.425402907,34.852483452],[135.425396012,34.85247057],[135.425395991,34.852470531],[135.425297835,34.852340409],[135.425147746,34.852392802],[135.425102616,34.852401886],[135.424918057,34.852417142],[135.424674518,34.852275162],[135.424635858,34.852252625],[135.424602782,34.852150278],[135.424483993,34.85210725],[135.424414426,34.852158612],[135.424339334,34.852139523],[135.424227173,34.852070042],[135.424122854,34.852021658],[135.42390155,34.851988987],[135.423833074,34.851982118],[135.423637744,34.851962524],[135.423637702,34.851962526],[135.423637715,34.851962501],[135.423653458,34.851918223],[135.423684904,34.851778914],[135.423715816,34.851639432],[135.42396202,34.851640327],[135.424205218,34.851672308],[135.424439545,34.851734707],[135.424645013,34.851471557],[135.424827659,34.851197111],[135.42498638,34.850912824],[135.425121338,34.850659967],[135.425287949,34.85042034],[135.425399396,34.850528223],[135.425710483,34.85083547],[135.426397601,34.850811665],[135.426375958,34.850641545],[135.426305917,34.850480664],[135.426252273,34.850413891],[135.427259213,34.850568448],[135.427369903,34.850589974],[135.427473316,34.850633009],[135.427560363,34.850695891],[135.427625747,34.850774716],[135.427707297,34.850928891],[135.427764531,34.851090343],[135.42779666,34.851256357],[135.427745701,34.851504563],[135.427664568,34.8517473],[135.42755418,34.851982065],[135.427525511,34.852057383],[135.427518744,34.85213623],[135.427529281,34.852165307],[135.427555104,34.852186794],[135.427574959,34.852191712],[135.427595169,34.852196719],[135.4276359,34.852189247],[135.427681708,34.852164042],[135.427719544,34.852131136],[135.427799288,34.852024776],[135.427883967,34.851921053],[135.427959978,34.851857767],[135.428062625,34.851829853],[135.428169402,34.851843605],[135.428263679,34.851917519],[135.428324799,34.85201219],[135.428775217,34.852258243],[135.428958531,34.85205492],[135.428548415,34.851811671],[135.428511945,34.851672231],[135.428464558,34.851534985],[135.4284609,34.851462939],[135.428502378,34.85139949],[135.428561085,34.851360553],[135.428630162,34.851335545],[135.428754754,34.851386921],[135.428964074,34.851473234],[135.42929425,34.851616945],[135.429446634,34.851701046],[135.429577852,34.851806674],[135.429688149,34.851898419],[135.429814153,34.851975184],[135.430001555,34.851844898],[135.429806246,34.85161664],[135.429632672,34.851376757],[135.429493145,34.851272253],[135.429474166,34.851187515],[135.429323167,34.851059709],[135.429551264,34.85103157],[135.429781814,34.85102652],[135.430011395,34.851044814],[135.43013538,34.851048008],[135.430223622,34.851031789],[135.43025639,34.851025767],[135.430257988,34.850884154],[135.429986206,34.850878824],[135.42998438,34.850790021],[135.430438213,34.850671166],[135.430265729,34.850508005],[135.429784937,34.850548033],[135.429670543,34.850540014],[135.429567293,34.850498604],[135.429555479,34.850485026],[135.429555332,34.850468267],[135.429514474,34.850349802],[135.429436564,34.850244685],[135.429327201,34.850160607],[135.429060481,34.850022602],[135.428777179,34.849909219],[135.428740809,34.849622767],[135.42861626,34.849641187],[135.428365674,34.849678249],[135.428352437,34.849663312],[135.428271011,34.849135564],[135.42824213,34.849093193],[135.428179035,34.84900063],[135.428034753,34.84890647],[135.427870365,34.848838627],[135.427797595,34.848629324],[135.427763549,34.848413451],[135.427768935,34.84819586],[135.427651835,34.847993199],[135.427546399,34.847786184],[135.427152358,34.847764139],[135.427194194,34.847634794],[135.427203867,34.847501061],[135.427201779,34.847488873],[135.427195601,34.847452831],[135.427181154,34.847368528],[135.427158183,34.847361813],[135.427096607,34.847343812],[135.42707243,34.847336744],[135.427056027,34.847335586],[135.426957507,34.847328631],[135.426881389,34.847339497],[135.426858025,34.847342832],[135.426843858,34.847344855],[135.426789432,34.84716828],[135.4267886,34.847161499],[135.426767155,34.846987069],[135.426777338,34.846805109],[135.426707716,34.846815689],[135.426524741,34.846843494],[135.426278843,34.846904538],[135.426270139,34.847002397],[135.426280825,34.847099987],[135.42633193,34.847090942],[135.426380701,34.847106677],[135.426410844,34.847141886],[135.426431197,34.847225097],[135.426426367,34.847309904],[135.42627811,34.847439459],[135.42614718,34.847581095],[135.426170456,34.847734635],[135.426227434,34.847855071],[135.426090333,34.847870921],[135.425973802,34.847911479],[135.425874253,34.847975907],[135.425783338,34.848042458],[135.425681763,34.848097599],[135.425478849,34.848175611],[135.425264385,34.848228778],[135.42500799,34.848306266],[135.424945754,34.84831978],[135.424872144,34.848333518],[135.424740417,34.848345573],[135.424630995,34.848346464],[135.424499326,34.848350068],[135.42445138,34.848361108],[135.424347737,34.848425835],[135.424327055,34.84845176],[135.424283705,34.848510619],[135.424264063,34.848572092],[135.424237819,34.84866168],[135.424198864,34.848737134],[135.424164338,34.848789742],[135.424125677,34.848822982],[135.424026606,34.848858082],[135.424001121,34.848867503],[135.423772792,34.848951908],[135.423730849,34.848966181],[135.423680774,34.848865531],[135.423645631,34.848856925],[135.423382017,34.848909225],[135.42324746,34.848921928],[135.423113002,34.848908039],[135.422986388,34.848868406],[135.422910701,34.84882063],[135.422858758,34.848754756],[135.422849149,34.848710539],[135.422863873,34.848667338],[135.42291907,34.848589443],[135.422979571,34.848514285],[135.423048285,34.848437535],[135.423092639,34.8483494],[135.423109884,34.848255008],[135.423116821,34.848139924],[135.423129791,34.848025138],[135.423174856,34.847874093],[135.423264372,34.847737043],[135.423306078,34.847666385],[135.423317261,34.84758837],[135.423289307,34.84751035],[135.42323965,34.847439981],[135.422928698,34.847569942],[135.422845749,34.847425134],[135.422525687,34.847567582],[135.422522629,34.847561976],[135.422471282,34.847467891],[135.422339797,34.84750621],[135.422326843,34.84747586],[135.422184925,34.847477623],[135.422194291,34.847497885],[135.422234359,34.847584177],[135.421810853,34.847803107],[135.421669913,34.847879423],[135.421631446,34.847876085],[135.421473004,34.847678524],[135.42129689,34.84773662],[135.421127795,34.847512576],[135.421210144,34.84740405],[135.421269745,34.847325183],[135.421414774,34.847133227],[135.421451406,34.847086344],[135.421672724,34.846794844],[135.421711832,34.846873661],[135.422131827,34.846878433],[135.422141038,34.846793757],[135.422137468,34.846710082],[135.4221386,34.846579463],[135.422130568,34.846555265],[135.422099667,34.846220399],[135.422302936,34.845940012],[135.42233341,34.845897878],[135.422517042,34.845642188],[135.422607663,34.845505233],[135.42265089,34.845453332],[135.422742706,34.845301689],[135.422791352,34.845225474],[135.4228793,34.845079809],[135.422917071,34.845166933],[135.422936965,34.845183615],[135.42295606,34.845236532],[135.422970428,34.845277257],[135.422980455,34.845407298],[135.422976955,34.845501396],[135.42323699,34.845500376],[135.423261423,34.84496457],[135.423264358,34.84490021],[135.423237952,34.8444534],[135.423264585,34.844397545],[135.423412065,34.844087684],[135.423498854,34.843919699],[135.423537094,34.843845869],[135.423613738,34.843708088],[135.424318122,34.843902981],[135.424334274,34.843902517],[135.424346146,34.843893468],[135.424344688,34.843650424],[135.425099978,34.84359269],[135.425578971,34.843546639],[135.425693083,34.843644166],[135.425904667,34.843798234],[135.426133135,34.843934802],[135.426376427,34.844052779],[135.426634177,34.844167439],[135.426651084,34.84417496],[135.426935588,34.844280681],[135.427251807,34.844377815],[135.427557064,34.844496532],[135.427765402,34.844609835],[135.427954481,34.84474423],[135.428121069,34.844897534],[135.428444565,34.845248013],[135.42882976,34.845778526],[135.429377,34.846496492],[135.42974105,34.846956948],[135.430291605,34.847533575],[135.430784663,34.847924237],[135.43099539,34.848072048],[135.431230365,34.848236868],[135.431806236,34.848585002],[135.432437121,34.848906967],[135.433031233,34.849200551],[135.433679824,34.849558653],[135.434350874,34.849970492],[135.434375832,34.849987376],[135.433628932,34.850115879],[135.432875496,34.850224605],[135.432616582,34.849591654],[135.432353794,34.848959766],[135.432214032,34.848889791],[135.432061772,34.848840491],[135.431718304,34.848768663],[135.431383563,34.848672897],[135.431218777,34.848649951],[135.431190965,34.848785763],[135.431583743,34.849071923],[135.431950573,34.849380488],[135.432007223,34.849864114],[135.432074704,34.850346718],[135.432158611,34.850802255],[135.432266532,34.851231462],[135.432272032,34.851253333],[135.43336371,34.85106366],[135.43370869,34.85100372],[135.433717652,34.851002163],[135.433745116,34.850997589],[135.434413713,34.85088622],[135.434526162,34.850867489],[135.434572695,34.850859738],[135.434573561,34.85086341],[135.434664294,34.851247969],[135.434774123,34.851632959],[135.435373487,34.85154406],[135.435683263,34.851598863],[135.43599963,34.851614032],[135.436198578,34.851668681],[135.436399353,34.85171829],[135.436431954,34.851669202],[135.436487567,34.85158546],[135.436771311,34.851808167],[135.437124771,34.852111075],[135.437494674,34.852423155],[135.437923064,34.852836388],[135.438063003,34.852967553],[135.438234571,34.853128363],[135.438581233,34.853451789],[135.438786335,34.853609412],[135.438964765,34.853750946],[135.439164602,34.853914222],[135.439386222,34.854111855],[135.439704311,34.854433155],[135.439859323,34.854609925],[135.439898705,34.85465482],[135.439922575,34.854689815],[135.439897931,34.854708347],[135.439880238,34.854724198],[135.439871305,34.854732204],[135.43984567,34.854754893],[135.439810174,34.854780332],[135.43979745,34.854786436],[135.439159468,34.854734602],[135.43917408,34.854722581],[135.439363138,34.854567055],[135.439292173,34.854408671],[135.439232787,34.854389042],[135.439171365,34.854367304],[135.439110366,34.854331685],[135.439059804,34.854290082],[135.439017328,34.854214965],[135.439022146,34.854203653],[135.439023997,34.854199309],[135.439029922,34.854195349],[135.439012343,34.854195616],[135.438572449,34.854202308],[135.438574261,34.854395019],[135.438576745,34.854659186],[135.438510294,34.854656715],[135.438126086,34.854642321],[135.438083319,34.854591822],[135.437872212,34.854613024],[135.437659471,34.854610959],[135.437449041,34.854585646],[135.437193957,34.854562561],[135.436938671,34.854583556],[135.436694266,34.854647962],[135.436471414,34.854752764],[135.436444207,34.854760571],[135.436428977,34.854761315],[135.436415525,34.85476197],[135.436392262,34.854760601],[135.436368899,34.854761213],[135.43636897,34.854750799],[135.43636918,34.854720018],[135.436340675,34.854574569],[135.436354121,34.8544276],[135.436408923,34.854287314],[135.436406656,34.854143077],[135.43644531,34.854002265],[135.436522587,34.853872811],[135.436856605,34.853586886],[135.437150145,34.853272278],[135.437023456,34.85320327],[135.436883349,34.853154843],[135.436734901,34.853128735],[135.43674376,34.852767384],[135.436426256,34.852773846],[135.436114226,34.852822883],[135.436114398,34.853115224],[135.435501182,34.853144295],[135.435493185,34.853061322],[135.43546279,34.852982041],[135.435146307,34.853023113],[135.434958289,34.853149799],[135.434399752,34.853203006],[135.434458047,34.853647063],[135.434299081,34.853706993],[135.43412991,34.853743348],[135.433955767,34.853755158],[135.43398321,34.853879568],[135.434012102,34.854010537],[135.43444774,34.853993901],[135.434383923,34.854094208],[135.434298185,34.854182696],[135.434269378,34.854226194],[135.434271752,34.854275595],[135.434301396,34.85435939],[135.434326067,34.854444243],[135.434351966,34.854560743],[135.434369655,34.854678287],[135.434402522,34.854751369],[135.434475246,34.854801018],[135.434842341,34.854797404],[135.435208988,34.854781077],[135.435352739,34.8549687],[135.435457862,34.855173101],[135.435840156,34.855057683],[135.436233797,34.854971884],[135.436248084,34.854966181],[135.436257453,34.854955587],[135.43627475,34.854904553],[135.436277189,34.854851477],[135.436282742,34.854831039],[135.436293784,34.85481216],[135.436313379,34.854807653],[135.436388242,34.854861186],[135.436452594,34.854919981],[135.436471094,34.854997593],[135.436439366,34.85507006],[135.436438479,34.855072084],[135.436433666,34.85507597],[135.436048693,34.855386876],[135.435630406,34.855675652],[135.435580065,34.855703274],[135.435525091,34.855724113],[135.435413756,34.855637056],[135.435273332,34.855649204],[135.435132654,34.855660182],[135.434982127,34.855639989],[135.434934949,34.855633661],[135.434734611,34.855637328],[135.434538475,34.855671033],[135.434353065,34.855733726],[135.434286023,34.855777857],[135.434252421,34.855732267],[135.434196329,34.855705413],[135.433916671,34.855648582],[135.433654975,34.855549284],[135.43346332,34.85550972],[135.433478323,34.855346993],[135.433479714,34.85509071],[135.433180002,34.855040609],[135.433090134,34.854849445],[135.432748747,34.854638021],[135.432002801,34.854745209],[135.432659516,34.855840704],[135.432538409,34.855912448],[135.432533725,34.855955811],[135.432542186,34.856001043],[135.43256575,34.856082501]],[[135.427219892,34.85308451],[135.427200032,34.85306251],[135.426501123,34.853110871],[135.426535077,34.853182068],[135.426581882,34.853260807],[135.426630346,34.853321254],[135.426674362,34.853376543],[135.426731282,34.853431621],[135.426767056,34.853476953],[135.426864988,34.853531865],[135.426901125,34.853556375],[135.427005522,34.853609333],[135.427111783,34.853645983],[135.427184222,34.853671115],[135.427223715,34.853684822],[135.427478673,34.853773106],[135.427533536,34.853793918],[135.427672559,34.853868674],[135.427709389,34.853889236],[135.427720273,34.853895312],[135.427746438,34.853859646],[135.42793514,34.853611531],[135.427765274,34.853472723],[135.427469223,34.853321871],[135.427461147,34.853256296],[135.427294586,34.85316293],[135.427219892,34.85308451]],[[135.431074904,34.85197279],[135.431040021,34.851773942],[135.430844528,34.851834328],[135.430661056,34.851916586],[135.430654897,34.852104605],[135.430699535,34.852289075],[135.430846894,34.852277504],[135.430986771,34.852237502],[135.431111244,34.852171375],[135.431074904,34.85197279]],[[135.431352572,34.851804791],[135.431494344,34.851885233],[135.431623129,34.851885294],[135.431748741,34.851861811],[135.43186495,34.851816018],[135.43174285,34.851130607],[135.431504127,34.851182138],[135.431259187,34.851207588],[135.431012352,34.851206524],[135.431007224,34.851112476],[135.431016256,34.851018684],[135.430974755,34.850982432],[135.430915103,34.8509744],[135.430725047,34.85097928],[135.430534941,34.850978842],[135.4305197,34.851314029],[135.430511024,34.851504821],[135.430672212,34.851501519],[135.430827674,34.851466006],[135.430967998,34.851400494],[135.431021437,34.851734822],[135.431192031,34.851753648],[135.431352572,34.851804791]],[[135.429439931,34.849380756],[135.429424882,34.849166417],[135.429424022,34.849154171],[135.42942299,34.848993796],[135.429404421,34.84889502],[135.429391628,34.848881894],[135.429376811,34.848866692],[135.429334033,34.848866491],[135.428971932,34.848956432],[135.4288112,34.849001498],[135.428678444,34.849022022],[135.428678543,34.849026634],[135.428685017,34.849325378],[135.428862397,34.849308091],[135.428878058,34.849385086],[135.428921094,34.84959666],[135.428956595,34.849776221],[135.429155017,34.849736497],[135.429465657,34.849666036],[135.429457042,34.849484057],[135.429439931,34.849380756]],[[135.428525202,34.84705524],[135.428450096,34.846688976],[135.42832074,34.846388085],[135.428288668,34.846377026],[135.42815994,34.8464123],[135.428091382,34.846427573],[135.427989996,34.846430522],[135.427854923,34.84645035],[135.427567237,34.846464682],[135.42763311,34.846742468],[135.427693034,34.846742389],[135.427891813,34.846728901],[135.427920872,34.846843616],[135.427963956,34.847159517],[135.42812644,34.847113404],[135.428327781,34.84707766],[135.428525202,34.84705524]],[[135.4261765,34.846524906],[135.426048141,34.845696036],[135.426437177,34.845645043],[135.426403899,34.845502093],[135.426325351,34.845371649],[135.426207429,34.845263277],[135.426112261,34.845098221],[135.426041041,34.844925162],[135.425994572,34.84474655],[135.425677891,34.844768045],[135.42536887,34.844829421],[135.425327461,34.845001037],[135.425336955,34.845374112],[135.425677832,34.845336144],[135.425909136,34.846611539],[135.4261765,34.846524906]],[[135.424491658,34.846234614],[135.424289233,34.846126472],[135.42402131,34.846384379],[135.423789748,34.846665264],[135.423891995,34.846941138],[135.423652997,34.847097584],[135.423394779,34.847231673],[135.423479273,34.847387118],[135.42377217,34.847260414],[135.423838162,34.847418925],[135.423863797,34.847585188],[135.423848113,34.847752336],[135.424114631,34.847761441],[135.424117226,34.847834715],[135.424123451,34.848010549],[135.424387253,34.847969968],[135.424353246,34.847373763],[135.424696802,34.847262892],[135.424699573,34.846955413],[135.424969227,34.846940821],[135.425239146,34.846952732],[135.425213321,34.84655525],[135.42484869,34.846610503],[135.424495873,34.846704391],[135.424160841,34.846835225],[135.424084662,34.84674039],[135.424491658,34.846234614]]]}},{"type":"Feature","properties":{"petiteau_class":"farmland","source":"plateau_luse","source_file":"523523_luse_6697_op.gml","mesh_id":"523523","gml_id":"luse_25deefa4-d286-4d0a-9515-41cd3c98028e","luse_class":"202","landuse_name":"畑","function":null,"usage":null,"orgLandUse":"03","areaClassificationType":null},"geometry":{"type":"Polygon","coordinates":[[[135.44645703,34.857177563],[135.446274892,34.85735847],[135.446156913,34.857453211],[135.446012171,34.857598862],[135.445922739,34.857673458],[135.445818073,34.8577332],[135.445703727,34.857771802],[135.445581505,34.857786481],[135.44538124,34.857776824],[135.445185407,34.857740773],[135.444990222,34.857673173],[135.444814551,34.857575823],[135.444744954,34.857463271],[135.444720441,34.857338495],[135.444743295,34.857213474],[135.444756027,34.857170621],[135.444761822,34.857126836],[135.444753842,34.857038274],[135.444777161,34.856951479],[135.444829627,34.85687392],[135.444840118,34.856788607],[135.444821754,34.856704235],[135.444775901,34.85662722],[135.444718454,34.856599553],[135.444651886,34.856601323],[135.444596835,34.856632083],[135.444556632,34.856695994],[135.444491917,34.856744107],[135.444410748,34.856770421],[135.444260925,34.856758828],[135.444120977,34.856713115],[135.444010529,34.856640673],[135.443936872,34.856541443],[135.443908779,34.856427459],[135.443878994,34.856350246],[135.443822704,34.85628373],[135.443745207,34.856233975],[135.443573177,34.856251308],[135.443416286,34.856311801],[135.443329791,34.856339565],[135.443315776,34.856344065],[135.443207824,34.856342849],[135.443108484,34.856308229],[135.443003836,34.856245006],[135.442905729,34.856175144],[135.442845629,34.856112675],[135.44281005,34.856038682],[135.442801658,34.855972566],[135.442813552,34.855906812],[135.442868248,34.855860366],[135.442945967,34.855850895],[135.443154327,34.855849776],[135.44352152,34.855819634],[135.443720367,34.855809815],[135.443908426,34.855755595],[135.444071318,34.855661053],[135.444303007,34.855514278],[135.444506558,34.855341493],[135.444677615,34.855146202],[135.444716854,34.855049742],[135.44473296,34.85494894],[135.444789267,34.85489061],[135.4448278,34.85481966],[135.44506924,34.854739899],[135.44529695,34.854636365],[135.445507487,34.854510667],[135.445697774,34.854364592],[135.445966505,34.854221589],[135.446212951,34.854053502],[135.446433752,34.853862672],[135.446470252,34.853799374],[135.446520708,34.853510057],[135.446227174,34.853302373],[135.446059722,34.853216512],[135.445879065,34.853151413],[135.445688954,34.853108359],[135.445595085,34.853106398],[135.445505908,34.853130513],[135.445407833,34.853163601],[135.445303824,34.853179985],[135.445144196,34.853204409],[135.444993434,34.853254025],[135.444857212,34.853326873],[135.444740778,34.853420096],[135.44462231,34.853534494],[135.444502417,34.853647804],[135.444411514,34.853752943],[135.444365771,34.853876507],[135.444370044,34.854005618],[135.444374356,34.854021504],[135.444380026,34.854037036],[135.444379561,34.85406552],[135.443997996,34.85469336],[135.44395933,34.854567518],[135.443876055,34.854438677],[135.443757727,34.854330048],[135.443718647,34.854321306],[135.443642524,34.854308067],[135.44357892,34.854271095],[135.443538156,34.854216459],[135.443526861,34.854152944],[135.443520127,34.85398668],[135.443495194,34.853819072],[135.443596967,34.853800245],[135.443777451,34.854093059],[135.444020627,34.853982567],[135.44401061,34.853915902],[135.443955339,34.853805489],[135.443892207,34.853698016],[135.443847098,34.853660497],[135.443784296,34.853650474],[135.44372554,34.853671471],[135.443595908,34.853689359],[135.443464809,34.85368317],[135.443431897,34.853588284],[135.443437425,34.853489778],[135.443463111,34.85335828],[135.443473115,34.853225267],[135.443514845,34.853163526],[135.443583934,34.853121652],[135.443887919,34.853075083],[135.443915298,34.853228369],[135.443991262,34.853237461],[135.444047157,34.853280896],[135.444062618,34.853342899],[135.444097249,34.853584293],[135.444853076,34.85325699],[135.444764044,34.852803868],[135.444716113,34.852741808],[135.444636432,34.852708541],[135.444547383,34.852713453],[135.444401249,34.852744518],[135.444250922,34.852755461],[135.444074282,34.852761596],[135.443925201,34.852775699],[135.443934821,34.852698335],[135.443938265,34.852670646],[135.443487473,34.852647131],[135.443404029,34.852657168],[135.443192174,34.852629244],[135.443112849,34.852619236],[135.443042435,34.852601334],[135.442904746,34.852582027],[135.442868247,34.852750831],[135.442850242,34.852798819],[135.442865621,34.853069532],[135.442758919,34.853089211],[135.442878921,34.853456933],[135.442623272,34.853485762],[135.442588341,34.853370109],[135.442572197,34.853331543],[135.442555864,34.853304964],[135.442531318,34.853279971],[135.442493868,34.853254828],[135.442438439,34.853220047],[135.442393844,34.853184325],[135.44235556,34.853153138],[135.442326355,34.853137949],[135.44232035,34.853006846],[135.442320907,34.852924454],[135.442317055,34.852879362],[135.442323102,34.852793569],[135.44233173,34.852730414],[135.442343064,34.852687556],[135.44234743,34.852640158],[135.442340222,34.852574046],[135.442339105,34.85256124],[135.442338529,34.852549338],[135.442351721,34.852506668],[135.442375452,34.852409417],[135.442241918,34.852378245],[135.442143635,34.852357872],[135.44205271,34.852332935],[135.441932233,34.852295601],[135.441829326,34.852279804],[135.441767989,34.85227799],[135.441706624,34.852280502],[135.441699945,34.852330234],[135.441688554,34.852494792],[135.441690449,34.852521844],[135.441697282,34.852546397],[135.441736059,34.852666381],[135.441771822,34.85282764],[135.441780979,34.852880598],[135.441810024,34.853032812],[135.441820564,34.853091456],[135.441837415,34.853187091],[135.441766067,34.85319524],[135.441798873,34.853434226],[135.441811376,34.853702281],[135.441856315,34.853691826],[135.441928461,34.853680168],[135.442003629,34.853674382],[135.442069631,34.853665671],[135.442123837,34.85365456],[135.442178935,34.853641201],[135.44226672,34.853613117],[135.442324526,34.853603555],[135.442391362,34.853600797],[135.442539876,34.853599945],[135.442621111,34.853602571],[135.442691701,34.853594602],[135.442820141,34.853570309],[135.442866043,34.853558439],[135.443065616,34.853510493],[135.443129944,34.853490414],[135.44318589,34.853480845],[135.443227117,34.853481033],[135.443256388,34.853486486],[135.443288255,34.853512324],[135.443311002,34.853544882],[135.443345732,34.853616528],[135.443342579,34.853727485],[135.443065039,34.853790761],[135.442939789,34.853807967],[135.442968177,34.85407809],[135.443269596,34.854198644],[135.443251143,34.854353785],[135.443181448,34.854498604],[135.443065804,34.854621938],[135.442913308,34.854714001],[135.442830898,34.854777089],[135.44277911,34.854859336],[135.442763882,34.854951118],[135.442787089,34.855041823],[135.442808886,34.855085553],[135.442793969,34.855131101],[135.442748588,34.85515992],[135.442537456,34.855225483],[135.442338002,34.855312282],[135.4421532,34.855418982],[135.44214084,34.855409369],[135.442126732,34.855398396],[135.441970524,34.855291216],[135.441791027,34.855212595],[135.441595898,34.855165724],[135.441548696,34.855157935],[135.441501855,34.855148796],[135.441319221,34.855121725],[135.441133743,34.855127363],[135.441080662,34.855138595],[135.440984401,34.85505483],[135.440724116,34.854786193],[135.440559946,34.854645637],[135.440365333,34.854778386],[135.440327458,34.854729059],[135.44032519,34.854726106],[135.440167292,34.854534627],[135.440043333,34.854366743],[135.439898706,34.854187414],[135.439768407,34.85403708],[135.439607392,34.853881374],[135.439578954,34.853819313],[135.439566713,34.853789147],[135.439296176,34.853570925],[135.439131216,34.853410423],[135.439195533,34.853369341],[135.439262719,34.853290592],[135.439298782,34.853198988],[135.439157826,34.853037244],[135.439041408,34.852862821],[135.438951208,34.852678053],[135.438924729,34.85264638],[135.438881811,34.852631217],[135.43884536,34.852633213],[135.438812445,34.852646133],[135.438817587,34.852603019],[135.438824194,34.852547641],[135.438838649,34.852426472],[135.438818366,34.852419747],[135.43865588,34.85236587],[135.438495715,34.852271379],[135.438367227,34.852148366],[135.438277565,34.852003805],[135.438213476,34.851826098],[135.438177299,34.851643031],[135.438170034,34.851463277],[135.43816981,34.851457742],[135.437869647,34.851088923],[135.437823209,34.851103766],[135.437763441,34.85112287],[135.437650191,34.851132984],[135.437537645,34.851118491],[135.437390252,34.851095273],[135.437241934,34.851076378],[135.437203871,34.851009944],[135.436887148,34.850955653],[135.436567539,34.850914329],[135.436379729,34.8507612],[135.436212046,34.850592839],[135.436222599,34.850446769],[135.436267939,34.850305356],[135.436286477,34.85023107],[135.436276438,34.850155659],[135.436238769,34.850086342],[135.436171779,34.850003096],[135.436101452,34.849921728],[135.436046549,34.849879563],[135.435974414,34.849862733],[135.435802707,34.849835975],[135.435579732,34.849813112],[135.435548102,34.849753353],[135.435477218,34.849612663],[135.4353872,34.849423566],[135.435367042,34.849397058],[135.43527467,34.849216424],[135.435212179,34.849111922],[135.43514092,34.849010265],[135.435078361,34.848931816],[135.43489317,34.848730153],[135.434889386,34.848726032],[135.434793624,34.848625703],[135.434755076,34.848585582],[135.434851275,34.848496717],[135.435136404,34.848369532],[135.435118531,34.848301415],[135.435055172,34.84818017],[135.434845568,34.847990212],[135.434781797,34.847929439],[135.434478588,34.848018743],[135.434560285,34.848140073],[135.434389948,34.848209298],[135.434343971,34.848162414],[135.434338958,34.848143911],[135.434310667,34.848107359],[135.434276432,34.84807664],[135.434240773,34.848042721],[135.434188629,34.848075871],[135.433942641,34.848228158],[135.433904806,34.848227983],[135.433879468,34.848223447],[135.433864341,34.848212919],[135.433791823,34.848135776],[135.433750704,34.848104213],[135.433703335,34.84813915],[135.433613107,34.848188942],[135.43353395,34.848221643],[135.432913769,34.848246342],[135.432892883,34.848574405],[135.432797515,34.848661726],[135.431899354,34.848196991],[135.431363511,34.847851217],[135.431248721,34.847773461],[135.431083439,34.847661501],[135.430812361,34.847463081],[135.43051408,34.847221453],[135.430234745,34.846964758],[135.429975617,34.846694104],[135.429785668,34.846462618],[135.429638104,34.84626892],[135.429464633,34.846015435],[135.429357148,34.845869072],[135.429235099,34.845730664],[135.42906392,34.845576521],[135.428930595,34.845398675],[135.428800863,34.845131411],[135.428628721,34.844880896],[135.428417477,34.844651659],[135.428308039,34.844573383],[135.428452051,34.844524259],[135.428641034,34.844476012],[135.428727348,34.844453977],[135.428734207,34.84446715],[135.428970769,34.844921534],[135.429251079,34.845374756],[135.42956704,34.845811819],[135.429882679,34.846204078],[135.430228293,34.846578726],[135.430602539,34.846934296],[135.430836403,34.847140746],[135.431092134,34.847328725],[135.431364831,34.847108417],[135.431608871,34.847343038],[135.431683584,34.847350147],[135.431755141,34.84733119],[135.431810888,34.847289532],[135.431907078,34.847164225],[135.431985904,34.847030903],[135.432197425,34.847091749],[135.432419931,34.847113339],[135.432440354,34.847120195],[135.432449349,34.847136825],[135.43245518,34.847193914],[135.432486708,34.847252477],[135.432555401,34.847282636],[135.433176271,34.847236217],[135.433330835,34.847197993],[135.433336753,34.847255084],[135.433565254,34.847247626],[135.43371877,34.847242617],[135.434081012,34.847376449],[135.434301593,34.847233697],[135.43456041,34.847459177],[135.434793122,34.847703115],[135.434997958,34.8479636],[135.435232215,34.847970366],[135.435245644,34.848063181],[135.435389654,34.848276867],[135.435487643,34.848507469],[135.435712959,34.848481335],[135.435794067,34.848471927],[135.436101861,34.848445407],[135.436119148,34.84833172],[135.436086534,34.848220328],[135.435883741,34.848228674],[135.435881222,34.848189268],[135.435754606,34.848174799],[135.435705553,34.847935689],[135.435839111,34.847870138],[135.436232163,34.847997715],[135.436842426,34.847523295],[135.436925728,34.847500962],[135.437012791,34.847509118],[135.437087933,34.847546335],[135.437300347,34.847647201],[135.437524348,34.847729276],[135.437757405,34.847791924],[135.437894189,34.847809864],[135.438032566,34.847804102],[135.438235485,34.847763839],[135.438427846,34.847697295],[135.438604867,34.84760616],[135.43874738,34.847496927],[135.438857396,34.847364655],[135.438964489,34.847278065],[135.439097898,34.847221435],[135.439245675,34.847199848],[135.439394549,34.847215048],[135.43961075,34.84726382],[135.439827691,34.847310073],[135.44001117,34.847356531],[135.440180848,34.847430682],[135.440330686,34.847529631],[135.440514957,34.847699956],[135.44068789,34.847878252],[135.440929198,34.848082634],[135.441139148,34.848309328],[135.441317917,34.848559678],[135.441459061,34.848825803],[135.441517652,34.84890991],[135.441606783,34.848973151],[135.441695951,34.849029542],[135.44176753,34.849100997],[135.441817831,34.849183803],[135.441893118,34.849259912],[135.442003705,34.849371703],[135.442225478,34.849530929],[135.442402618,34.849634509],[135.442430261,34.849649716],[135.44258322,34.849733867],[135.442713042,34.849834526],[135.442866307,34.8499096],[135.443035549,34.849955529],[135.443212841,34.849970132],[135.443333515,34.849969512],[135.443454098,34.849969433],[135.443663802,34.849979314],[135.443870863,34.850008207],[135.443948877,34.850033894],[135.444013513,34.850078181],[135.44405839,34.850136803],[135.44410855,34.850296053],[135.444162842,34.85037879],[135.444284056,34.850563503],[135.444340598,34.85068447],[135.444345863,34.850813948],[135.444299309,34.850937779],[135.444137832,34.851050809],[135.443947109,34.851127016],[135.443739359,34.851161314],[135.44353332,34.851209314],[135.443326303,34.851254434],[135.44324618,34.851286971],[135.443188446,34.85134314],[135.443072464,34.851437445],[135.442938373,34.851513729],[135.442790182,34.851569664],[135.442734029,34.85157779],[135.442678759,34.851589527],[135.44258336,34.85161343],[135.442488134,34.851637876],[135.442279587,34.851683076],[135.442065007,34.851699672],[135.442060098,34.851772579],[135.442176056,34.851814931],[135.442300843,34.851833892],[135.442484527,34.851811205],[135.442669082,34.85179366],[135.4428358,34.851773156],[135.442999178,34.851738656],[135.443915999,34.851742847],[135.444209866,34.851725077],[135.444497912,34.851673836],[135.444774452,34.851590087],[135.444798557,34.851586321],[135.444822051,34.851592107],[135.444966375,34.851655959],[135.445128211,34.851676709],[135.445191867,34.851666952],[135.445289281,34.851652021],[135.445431139,34.851584606],[135.44553789,34.851482143],[135.445612693,34.851409554],[135.445711953,34.851360785],[135.445824917,34.851341015],[135.445989652,34.851359974],[135.446146178,34.851406302],[135.446278979,34.851466223],[135.446403573,34.85152737],[135.44654499,34.851553435],[135.446689284,34.85154174],[135.446821915,34.851493482],[135.446988236,34.851355499],[135.447133211,34.851188391],[135.447172657,34.851155315],[135.447228614,34.85115025],[135.447275696,34.851175705],[135.447292623,34.851219945],[135.44731008,34.851577374],[135.447378677,34.851919158],[135.447491854,34.852217612],[135.447638576,34.852476093],[135.447636572,34.852587868],[135.447617155,34.852698482],[135.447570175,34.852752449],[135.447552147,34.852817183],[135.447537256,34.853048707],[135.447542538,34.853122464],[135.447567313,34.853193523],[135.447603846,34.853259587],[135.44764608,34.853323333],[135.447683096,34.853412116],[135.447673635,34.853505737],[135.447571644,34.853571893],[135.447511475,34.853666727],[135.447503643,34.853773507],[135.447529165,34.853882071],[135.44749589,34.853894722],[135.44751879,34.854179692],[135.447549634,34.85446406],[135.447669034,34.854735947],[135.447833918,34.854991082],[135.447890433,34.855063547],[135.447970786,34.855118541],[135.448067626,34.855150982],[135.448171745,34.855157943],[135.448236394,34.855162023],[135.448306282,34.855175771],[135.448351349,34.85522186],[135.448352933,34.855281004],[135.448347427,34.855294772],[135.448341662,34.855308358],[135.448293708,34.855452649],[135.448274409,34.855601387],[135.448284327,34.855750805],[135.448308864,34.85579908],[135.44818082,34.855813558],[135.448053146,34.855862813],[135.447935003,34.855914733],[135.447835944,34.855969364],[135.447759101,34.856034587],[135.447662716,34.856165291],[135.447582479,34.856261973],[135.447432079,34.856376696],[135.447201563,34.856569739],[135.447015692,34.856719185],[135.446807884,34.856853363],[135.446620791,34.857006845],[135.44645703,34.857177563]],[[135.439038246,34.851122348],[135.439110887,34.851173297],[135.439144067,34.851196567],[135.439211908,34.851233842],[135.439280753,34.851270037],[135.439316563,34.851294632],[135.439343141,34.851326216],[135.439421054,34.851379852],[135.439520136,34.851398068],[135.439595905,34.851383722],[135.439658125,34.851345335],[135.439696198,34.851289529],[135.439707104,34.850877521],[135.439715812,34.850857728],[135.439737267,34.850846379],[135.439763597,34.85084668],[135.439786158,34.850857782],[135.439863387,34.850879862],[135.43994382,34.850868063],[135.440007064,34.850825353],[135.440036893,34.850762657],[135.440049396,34.850687801],[135.440116961,34.850632041],[135.440210335,34.85061471],[135.440361078,34.850621082],[135.440512024,34.850625021],[135.440931972,34.850517728],[135.441045769,34.850488654],[135.441196606,34.850469784],[135.441338508,34.850423648],[135.441464253,34.850352466],[135.441567604,34.850259908],[135.441592488,34.850194125],[135.441571885,34.850148533],[135.441563258,34.850129444],[135.441443436,34.85001684],[135.441314645,34.849911137],[135.441252503,34.849858755],[135.441170211,34.849811049],[135.441072586,34.84979104],[135.440972864,34.8498014],[135.440889404,34.849819407],[135.440804106,34.849829743],[135.440650564,34.84983634],[135.440593405,34.849835037],[135.440496914,34.849832839],[135.440381018,34.849714123],[135.440310367,34.849573348],[135.440290462,34.849421898],[135.44032296,34.84927196],[135.440320815,34.849175401],[135.440290959,34.849082051],[135.440235075,34.848997236],[135.440163806,34.848907751],[135.4401005,34.848814337],[135.44043094,34.84858743],[135.440495224,34.84852345],[135.440527052,34.848444626],[135.440522202,34.848361668],[135.440491451,34.848280934],[135.44044606,34.848205181],[135.440378092,34.848147895],[135.440356707,34.848069729],[135.440377614,34.847977973],[135.440356508,34.847886105],[135.440296168,34.847807039],[135.44021132,34.847725065],[135.44009468,34.8476763],[135.439964324,34.847668309],[135.439899735,34.847670987],[135.439836139,34.847661048],[135.439692962,34.847774969],[135.439525255,34.847863173],[135.43933953,34.847922086],[135.439236935,34.847769534],[135.439117704,34.84762547],[135.439070892,34.847599563],[135.439014587,34.847603],[135.438941788,34.847632774],[135.438873006,34.847668426],[135.43874911,34.847746284],[135.438633359,34.847832293],[135.43836455,34.848094006],[135.438133099,34.848379068],[135.438116162,34.848388637],[135.438096445,34.848383948],[135.438001393,34.848344295],[135.437964932,34.848335382],[135.437927037,34.848337642],[135.437919793,34.848341664],[135.437917394,34.848348594],[135.437922641,34.848372959],[135.437934208,34.84839582],[135.43798075,34.848461482],[135.438030737,34.848525447],[135.438045527,34.848551929],[135.438049387,34.848580884],[135.438054038,34.848678526],[135.438025978,34.848773593],[135.437967411,34.848858604],[135.437858816,34.848953298],[135.437729254,34.849027793],[135.43758407,34.849079048],[135.437496692,34.849104066],[135.43742673,34.849153955],[135.437384146,34.84922173],[135.437306282,34.8494397],[135.437177214,34.849640493],[135.437002225,34.849816105],[135.436991726,34.849835708],[135.437000062,34.84985612],[135.43712511,34.849940796],[135.43727575,34.849989451],[135.437380597,34.850008686],[135.437472368,34.850054906],[135.437510574,34.85007275],[135.437554197,34.850077279],[135.437576467,34.850078103],[135.437597898,34.850083161],[135.43761164,34.850090076],[135.437622399,34.85009995],[135.437639998,34.850112202],[135.437662794,34.850114471],[135.437739624,34.850115998],[135.43778742,34.85012929],[135.437802942,34.850168756],[135.43779501,34.850286813],[135.437814411,34.850403914],[135.437887633,34.850564976],[135.438007708,34.85070562],[135.438392672,34.850752832],[135.438508698,34.850812053],[135.438560099,34.850840599],[135.438596309,34.850846172],[135.438625925,34.850828008],[135.438668333,34.850571823],[135.438877174,34.850523565],[135.439014063,34.85083133],[135.438920884,34.85087318],[135.438896022,34.850896503],[135.438895264,34.850927601],[135.438948847,34.851022043],[135.438954082,34.851031272],[135.439038246,34.851122348]],[[135.437012816,34.849386508],[135.436990417,34.849046556],[135.436775023,34.849092077],[135.436569517,34.849140708],[135.436356742,34.849158384],[135.436143548,34.849144325],[135.43586749,34.848774163],[135.435542288,34.848891742],[135.435905269,34.849436555],[135.436445353,34.849441939],[135.436558553,34.8494531],[135.436652617,34.849506272],[135.436666135,34.849719263],[135.436792034,34.849744907],[135.436921754,34.849740638],[135.437044733,34.849706681],[135.437035447,34.849546174],[135.437012816,34.849386508]],[[135.432278286,34.847938664],[135.432184267,34.847609391],[135.43206052,34.847603144],[135.431922942,34.847608171],[135.431771533,34.847624472],[135.431620123,34.847640773],[135.431486326,34.847679001],[135.431496025,34.847685549],[135.431920409,34.84797668],[135.432278286,34.847938664]]]}},{"type":"Feature","properties":{"petiteau_class":"farmland","source":"plateau_luse","source_file":"523523_luse_6697_op.gml","mesh_id":"523523","gml_id":"luse_6eac51d3-1220-43b4-9250-ca3102518055","luse_class":"202","landuse_name":"畑","function":null,"usage":null,"orgLandUse":"03","areaClassificationType":null},"geometry":{"type":"Polygon","coordinates":[[[135.448340808,34.859779173],[135.448382808,34.860000306],[135.448387828,34.860182338],[135.448368037,34.860363716],[135.448066268,34.860385429],[135.447988879,34.860438085],[135.447897018,34.860471295],[135.447786179,34.860509827],[135.447690171,34.860569693],[135.447642238,34.86061518],[135.447604107,34.860666662],[135.447636322,34.86075921],[135.447571042,34.860822829],[135.447532817,34.860899913],[135.44752523,34.860982995],[135.447520541,34.861049684],[135.447493696,34.861112755],[135.447373543,34.861073809],[135.447246855,34.861053312],[135.447158947,34.861048136],[135.447131702,34.860927304],[135.447076185,34.860813284],[135.446994694,34.860710415],[135.446937666,34.860647593],[135.446885422,34.860581998],[135.446829139,34.860502422],[135.446799689,34.860441618],[135.44674025,34.86033344],[135.446669516,34.860215295],[135.446597306,34.860086957],[135.446544877,34.859983949],[135.446512003,34.859908626],[135.446500953,34.859820862],[135.44649618,34.859645051],[135.446505425,34.859590454],[135.446555955,34.859361348],[135.446562493,34.85933235],[135.446675622,34.859358286],[135.446742888,34.859373737],[135.446832207,34.859395058],[135.446885685,34.859411618],[135.446979822,34.859448195],[135.447125904,34.859501867],[135.447166824,34.859515574],[135.447203207,34.859520968],[135.447229514,34.859528391],[135.44728151,34.859537822],[135.447384702,34.859561459],[135.447478081,34.859580724],[135.447569297,34.859596373],[135.447617035,34.859604524],[135.447765244,34.859618268],[135.44792095,34.859639258],[135.447990754,34.859635067],[135.448029121,34.859621719],[135.448072614,34.859601027],[135.44756916,34.859240649],[135.447568553,34.859233254],[135.447394546,34.859247205],[135.447354843,34.859251791],[135.447317611,34.85925775],[135.447265456,34.859270449],[135.447212389,34.859296082],[135.447148496,34.859333921],[135.447070593,34.859253881],[135.446998503,34.859171264],[135.446955427,34.859094765],[135.446912353,34.859018266],[135.446898215,34.858959853],[135.446908525,34.858775528],[135.446892003,34.858584845],[135.44685704,34.85849043],[135.446743189,34.858250765],[135.446748176,34.858223333],[135.446741576,34.858137922],[135.446715403,34.858059735],[135.446790724,34.858044671],[135.446901368,34.858034357],[135.447005881,34.858066194],[135.447109987,34.858196571],[135.447241468,34.858308861],[135.44736664,34.858393266],[135.447496716,34.858472374],[135.447632475,34.85856494],[135.447748186,34.858674453],[135.44784099,34.858797825],[135.447930674,34.858969331],[135.447991889,34.859149093],[135.448044772,34.859266434],[135.448137104,34.859365736],[135.448258258,34.859565961],[135.448340808,34.859779173]]]}},{"type":"Feature","properties":{"petiteau_class":"farmland","source":"plateau_luse","source_file":"523523_luse_6697_op.gml","mesh_id":"523523","gml_id":"luse_97995209-0473-476d-95e7-d62073dab3a9","luse_class":"202","landuse_name":"畑","function":null,"usage":null,"orgLandUse":"03","areaClassificationType":null},"geometry":{"type":"Polygon","coordinates":[[[135.432062521,34.862275508],[135.432007138,34.86243318],[135.432002863,34.862597319],[135.43205011,34.862756831],[135.432084449,34.862840108],[135.432110201,34.862925417],[135.43215118,34.863105985],[135.43215413,34.863122406],[135.432112255,34.863099673],[135.432082095,34.863093226],[135.43208324,34.8630839],[135.432083227,34.863083859],[135.432078403,34.863067764],[135.432059183,34.863003641],[135.432045571,34.862974299],[135.432040323,34.862962986],[135.431965802,34.862852841],[135.431863801,34.862768907],[135.431809337,34.862724564],[135.431585609,34.862575052],[135.431497528,34.862516189],[135.43139266,34.862433299],[135.431266249,34.862320867],[135.431230923,34.862262462],[135.431228401,34.862258292],[135.431185527,34.862208179],[135.431160462,34.862178882],[135.431145772,34.862167592],[135.431073428,34.862111992],[135.431024694,34.86207907],[135.430987656,34.86205405],[135.430920027,34.862010562],[135.430813892,34.861937947],[135.430780778,34.861905924],[135.430720144,34.86184729],[135.430654883,34.861754507],[135.430652451,34.86175105],[135.430564464,34.861611895],[135.430541814,34.861573272],[135.430409031,34.86134685],[135.430352221,34.86125862],[135.430279205,34.861141508],[135.430257026,34.861091128],[135.430233441,34.861037553],[135.430227115,34.860957376],[135.430235799,34.860901374],[135.430240037,34.86087405],[135.430320419,34.860715822],[135.43041428,34.860585407],[135.43048191,34.860492125],[135.430576506,34.860352471],[135.430576554,34.860352502],[135.430784871,34.860434529],[135.431017359,34.860503962],[135.431049778,34.860513645],[135.431181599,34.860271323],[135.431433648,34.859293871],[135.431214579,34.859215335],[135.431263027,34.859095953],[135.431283591,34.859032537],[135.431300651,34.858979922],[135.431303789,34.858921271],[135.431302503,34.858852948],[135.431299785,34.85870856],[135.431322878,34.85860894],[135.431323825,34.85860486],[135.431336783,34.858582176],[135.431429031,34.85842069],[135.43160073,34.858181385],[135.431602731,34.858178596],[135.431661079,34.858092947],[135.431713719,34.857968544],[135.431730647,34.857928541],[135.431745841,34.857881632],[135.431748891,34.857872213],[135.431743912,34.857813522],[135.431743723,34.857810421],[135.431716647,34.857364668],[135.431716511,34.857362444],[135.431716298,34.857287107],[135.431864658,34.857312859],[135.432076367,34.857375588],[135.432275734,34.857461617],[135.432302545,34.857617066],[135.43233693,34.857771559],[135.432522245,34.85788141],[135.432719941,34.857975453],[135.432710408,34.858142713],[135.432511618,34.85823554],[135.432371756,34.858323053],[135.432262023,34.858435945],[135.432188788,34.85856749],[135.432106015,34.85874739],[135.431999852,34.858918624],[135.431964177,34.858941395],[135.431880813,34.858994604],[135.431785,34.859090253],[135.431716872,34.859200908],[135.43167987,34.859321162],[135.431642179,34.859465132],[135.431578821,34.859602762],[135.431491169,34.859731172],[135.431407882,34.859854817],[135.431350054,34.859987966],[135.43178349,34.860191828],[135.431492089,34.860857278],[135.431260637,34.860793726],[135.43108498,34.861192339],[135.43107471,34.861270358],[135.431109294,34.86134345],[135.431272762,34.861601853],[135.431401231,34.861873339],[135.431496725,34.861864589],[135.431588266,34.861840496],[135.431578173,34.861758956],[135.431617902,34.861740391],[135.431572038,34.861575666],[135.431572563,34.861406642],[135.431619244,34.86124207],[135.43172412,34.86101053],[135.431836272,34.860781178],[135.431940716,34.860598035],[135.432063946,34.860423012],[135.432102851,34.86035396],[135.432118337,34.86027885],[135.43204743,34.860254179],[135.43206562,34.860193324],[135.432006594,34.860171144],[135.432436338,34.859243287],[135.432796472,34.859390462],[135.432737707,34.859753393],[135.432678551,34.859988121],[135.432648144,34.860226599],[135.432646962,34.860466295],[135.432262623,34.861651005],[135.432062521,34.862275508]]]}},{"type":"Feature","properties":{"petiteau_class":"park","source":"plateau_luse","source_file":"523523_luse_6697_op.gml","mesh_id":"523523","gml_id":"luse_80a64170-2dc2-4cf3-aeac-47dd294cde01","luse_class":"217","landuse_name":"公園・緑地","function":null,"usage":null,"orgLandUse":"05","areaClassificationType":null},"geometry":{"type":"Polygon","coordinates":[[[135.435263167,34.837011445],[135.435229468,34.837024982],[135.435051861,34.837096326],[135.435050409,34.83709691],[135.435049582,34.837096761],[135.435048751,34.837096611],[135.434806708,34.837052868],[135.434569269,34.836989834],[135.434483344,34.836975103],[135.434395997,34.836982721],[135.434325454,34.836987442],[135.434257206,34.83697171],[135.434199919,34.836937369],[135.434069529,34.83681876],[135.43395916,34.836687001],[135.433870501,34.836544606],[135.433825611,34.836489678],[135.433759502,34.836452051],[135.433637065,34.836422095],[135.433509403,34.836419158],[135.433271997,34.836377039],[135.433047452,34.836300813],[135.43284287,34.836192948],[135.432664712,34.836056728],[135.432542785,34.835928513],[135.43238557,34.835829791],[135.432203128,34.835767012],[135.432007434,34.835744195],[135.43188264,34.835729731],[135.43176632,34.835689795],[135.431665945,34.835626946],[135.431587969,34.835545359],[135.431529316,34.835458826],[135.431476911,34.835369696],[135.431455733,34.835369168],[135.431161187,34.835361823],[135.430935166,34.835316597],[135.430702644,34.835312087],[135.429766855,34.835310872],[135.428941958,34.835313503],[135.42846124,34.835446653],[135.427969026,34.835547015],[135.427954943,34.835718048],[135.42784765,34.835708528],[135.427735064,34.835698537],[135.426336474,34.835519968],[135.426141437,34.835117002],[135.425951641,34.834697925],[135.425939051,34.834329523],[135.425875477,34.833964767],[135.425244574,34.833402086],[135.42509601,34.833269584],[135.425102316,34.832464968],[135.425097667,34.832140537],[135.425097153,34.832104634],[135.425045991,34.831746688],[135.425037153,34.8317145],[135.4249811,34.831510329],[135.424949519,34.831395297],[135.424898611,34.831350345],[135.424826495,34.83133513],[135.42481363,34.831318434],[135.424735794,34.83121742],[135.424738816,34.831143854],[135.424764613,34.830515923],[135.424800466,34.830362157],[135.424972306,34.830377761],[135.425192242,34.830397732],[135.425254418,34.830402397],[135.425278129,34.830404177],[135.425320479,34.830398338],[135.42535068,34.830394514],[135.425371337,34.830379646],[135.425413955,34.83035091],[135.425469912,34.83030628],[135.425538857,34.830168802],[135.42564707,34.829505607],[135.425693888,34.829255758],[135.426147804,34.829095009],[135.426114754,34.828867862],[135.426167077,34.828681593],[135.42677987,34.828765879],[135.426835734,34.828641017],[135.426924957,34.828530113],[135.427242323,34.828739115],[135.427428059,34.828727277],[135.4276082,34.828688278],[135.427777074,34.828623444],[135.427929252,34.82853483],[135.427778359,34.828188677],[135.427476138,34.828097922],[135.427280749,34.827776275],[135.427268058,34.827755384],[135.427681378,34.827922836],[135.42784018,34.827554337],[135.427736617,34.827313976],[135.427686877,34.827062232],[135.427692518,34.82680723],[135.427753302,34.826557184],[135.42783845,34.826486187],[135.427943556,34.826436558],[135.42806094,34.826412138],[135.428181919,34.826414508],[135.428173938,34.826341991],[135.42819084,34.826270584],[135.428231231,34.826205957],[135.428454056,34.826265328],[135.428463706,34.82640997],[135.428738602,34.826410447],[135.428886256,34.826649309],[135.429004448,34.826899112],[135.429073373,34.827102582],[135.42909193,34.827157344],[135.429143876,34.827402157],[135.429147995,34.82742155],[135.42888179,34.827519014],[135.428602192,34.827586308],[135.428314238,34.827622279],[135.428188705,34.827625205],[135.428068321,34.82765484],[135.427993513,34.827833432],[135.4278866,34.828000506],[135.427994151,34.828002183],[135.428571321,34.827995811],[135.428968518,34.827991426],[135.429615771,34.827966474],[135.429973379,34.827952686],[135.430064136,34.827958069],[135.430139851,34.827999611],[135.430180867,34.828066602],[135.430292329,34.828116524],[135.43041857,34.82812703],[135.430613994,34.828161028],[135.430791908,34.828235689],[135.430940377,34.828345911],[135.431048972,34.828484073],[135.431049993,34.828485622],[135.431128303,34.828604339],[135.431232523,34.828710919],[135.431358224,34.828800301],[135.431604539,34.828934956],[135.431861854,34.8290547],[135.432036833,34.829124568],[135.432216017,34.829186613],[135.432322223,34.829239843],[135.432399941,34.829319796],[135.432439573,34.829416979],[135.432483667,34.829534826],[135.432567817,34.829636813],[135.432684684,34.829713803],[135.432827553,34.829799746],[135.43294555,34.829908282],[135.433033414,34.830034807],[135.433087369,34.830173613],[135.433094008,34.830182598],[135.433117466,34.830214337],[135.433276503,34.830429518],[135.43331816,34.830475325],[135.433494502,34.830669232],[135.433749392,34.830591898],[135.433848337,34.830600831],[135.43393899,34.830634607],[135.434405145,34.830673909],[135.434665794,34.83083558],[135.434889607,34.831031246],[135.43505091,34.830952486],[135.43505362,34.830885248],[135.435061241,34.830692549],[135.435107991,34.830435405],[135.435190571,34.830184368],[135.435461028,34.830217084],[135.435719566,34.8302904],[135.435701946,34.830508293],[135.435909091,34.830529979],[135.436116685,34.830511658],[135.436280184,34.830400452],[135.436291721,34.8303484],[135.436299287,34.830296872],[135.436336809,34.830255037],[135.436359495,34.830246758],[135.436391875,34.830234859],[135.436394382,34.830233938],[135.436475979,34.830234316],[135.436558845,34.8302347],[135.436631408,34.83023765],[135.436691493,34.830271282],[135.436721604,34.83032578],[135.436823916,34.830395847],[135.436945057,34.83044121],[135.437076492,34.830458494],[135.43724112,34.830659284],[135.437439528,34.830944164],[135.437655021,34.831316556],[135.437847812,34.831593297],[135.438049389,34.831851499],[135.438168964,34.832036491],[135.437914016,34.832255183],[135.437655919,34.832513696],[135.437540045,34.832661272],[135.437538415,34.832901598],[135.43753405,34.833185441],[135.437674764,34.833563357],[135.437840781,34.833934078],[135.438955074,34.833951036],[135.438968178,34.833951235],[135.43874114,34.834644471],[135.438763208,34.834898287],[135.43876774,34.834907052],[135.438858235,34.835024663],[135.438874177,34.835076211],[135.438869158,34.835123065],[135.438855339,34.835161584],[135.438726846,34.835423052],[135.438710207,34.835464132],[135.43861259,34.835460523],[135.438410266,34.835464671],[135.438275775,34.83547015],[135.438163079,34.835481069],[135.438088973,34.835494959],[135.438012339,34.835517983],[135.437955392,34.835548215],[135.437882271,34.835598702],[135.437810322,34.835658342],[135.437673604,34.835792676],[135.437523249,34.835933849],[135.437280764,34.836121586],[135.437008559,34.836279068],[135.436711946,34.836403269],[135.436397011,34.836491508],[135.436176451,34.836506172],[135.435963394,34.836555577],[135.43583665,34.836608331],[135.435765902,34.836637777],[135.43559111,34.836749742],[135.435529412,34.836808097],[135.435445718,34.836887257],[135.435263167,34.837011445]],[[135.429614769,34.833551506],[135.42949518,34.833607199],[135.429491925,34.834080087],[135.429883095,34.834097916],[135.43052774,34.834127297],[135.430516362,34.834077572],[135.430477763,34.834038358],[135.430421086,34.834019072],[135.430318945,34.833991101],[135.43023501,34.833935538],[135.43016372,34.833852],[135.430114861,34.833758109],[135.430064513,34.833672323],[135.429985553,34.833602549],[135.429885251,34.833555205],[135.42975042,34.833533391],[135.429614769,34.833551506]],[[135.42847847,34.830674131],[135.428614348,34.830687389],[135.4287466,34.830716134],[135.428831978,34.830756831],[135.42889176,34.830821565],[135.428981663,34.830925746],[135.429107378,34.831000615],[135.429255531,34.83103827],[135.430140153,34.830631696],[135.429892547,34.829597379],[135.430081625,34.829584651],[135.430020718,34.828817133],[135.429413756,34.829023886],[135.42894943,34.828851153],[135.428498334,34.828656124],[135.428405817,34.828723571],[135.428570072,34.828830625],[135.42873815,34.82893355],[135.428791863,34.828976081],[135.428828554,34.829029529],[135.428818582,34.829090241],[135.428766788,34.829134081],[135.428516738,34.829229367],[135.428552252,34.82934906],[135.428517839,34.829358274],[135.428112955,34.829456168],[135.42847847,34.830674131]],[[135.431497548,34.830179272],[135.431240885,34.830301125],[135.431011698,34.830401921],[135.430988889,34.830412001],[135.430957527,34.830425736],[135.43083547,34.830496293],[135.430825262,34.830502195],[135.430802979,34.830515072],[135.43076017,34.830555889],[135.430744529,34.830604586],[135.430740841,34.830616198],[135.430725537,34.830663725],[135.430721366,34.830713738],[135.430720169,34.830728786],[135.430716356,34.830774233],[135.430716239,34.830775646],[135.433115229,34.830781277],[135.433091988,34.830735265],[135.433072353,34.83069686],[135.433047245,34.830659422],[135.433017688,34.830617275],[135.432983187,34.830578621],[135.432901121,34.830509185],[135.432798394,34.830423516],[135.432740845,34.830365914],[135.432695805,34.830301878],[135.43266555,34.830265768],[135.43260112,34.830207412],[135.432376626,34.830054645],[135.432145514,34.829910591],[135.432117577,34.829887293],[135.432115843,34.829885211],[135.432082352,34.829858731],[135.431497548,34.830179272]]]}},{"type":"Feature","properties":{"petiteau_class":"park","source":"plateau_luse","source_file":"523523_luse_6697_op.gml","mesh_id":"523523","gml_id":"luse_6e716f1e-ee4d-4688-8c8b-3738c72e505a","luse_class":"217","landuse_name":"公園・緑地","function":null,"usage":null,"orgLandUse":"05","areaClassificationType":null},"geometry":{"type":"Polygon","coordinates":[[[135.436666101,34.859014052],[135.436516511,34.859220248],[135.436323169,34.859399817],[135.436092712,34.859546681],[135.435833105,34.859655726],[135.435612488,34.859763406],[135.434793195,34.860163284],[135.434698767,34.860108031],[135.434476241,34.859977822],[135.434575085,34.859913826],[135.434640358,34.859839496],[135.435122685,34.859819381],[135.435224046,34.859716272],[135.435285405,34.859593507],[135.435301454,34.859461335],[135.435271053,34.859331022],[135.435250253,34.859226493],[135.4352373,34.859161397],[135.435240912,34.858989503],[135.435281739,34.858820937],[135.435358419,34.858661102],[135.435409424,34.858614921],[135.435482064,34.858597229],[135.43555537,34.858613165],[135.435649628,34.858679312],[135.435725193,34.858760253],[135.435778778,34.858852272],[135.435842803,34.85892063],[135.435936515,34.858959377],[135.436041407,34.858960855],[135.436136635,34.858924696],[135.436314761,34.858832311],[135.436472848,34.858717835],[135.436588201,34.858602781],[135.436606886,34.858584146],[135.436607069,34.858582794],[135.4367111,34.858577326],[135.436773023,34.858567704],[135.4368125,34.858561569],[135.436766574,34.858788699],[135.436666101,34.859014052]]]}},{"type":"Feature","properties":{"petiteau_class":"park","source":"plateau_luse","source_file":"523523_luse_6697_op.gml","mesh_id":"523523","gml_id":"luse_908ff2bc-ad08-40b4-b786-db288d194df7","luse_class":"217","landuse_name":"公園・緑地","function":null,"usage":null,"orgLandUse":"05","areaClassificationType":null},"geometry":{"type":"Polygon","coordinates":[[[135.439203562,34.860128109],[135.439219831,34.860129151],[135.439214515,34.860277564],[135.439196365,34.860784225],[135.437926138,34.860700021],[135.437990809,34.860050457],[135.439203562,34.860128109]]]}},{"type":"Feature","properties":{"petiteau_class":"park","source":"plateau_luse","source_file":"523523_luse_6697_op.gml","mesh_id":"523523","gml_id":"luse_a956922f-f2c8-48ea-9115-2358983abec1","luse_class":"217","landuse_name":"公園・緑地","function":null,"usage":null,"orgLandUse":"05","areaClassificationType":null},"geometry":{"type":"Polygon","coordinates":[[[135.433021869,34.863252565],[135.433126798,34.863287671],[135.433084512,34.863483185],[135.433024662,34.863675454],[135.432972707,34.863740118],[135.43290138,34.86379072],[135.432668008,34.863812425],[135.432338346,34.863843087],[135.432302164,34.863674251],[135.432291153,34.863503108],[135.432305405,34.863332074],[135.432512529,34.863328802],[135.432716154,34.863296848],[135.432910223,34.86323699],[135.433021869,34.863252565]]]}},{"type":"Feature","properties":{"petiteau_class":"forest","source":"plateau_luse","source_file":"523523_luse_6697_op.gml","mesh_id":"523523","gml_id":"luse_3b372613-03d8-4322-87d1-1fab15ac915e","luse_class":"203","landuse_name":"山林","function":null,"usage":null,"orgLandUse":"06","areaClassificationType":null},"geometry":{"type":"Polygon","coordinates":[[[135.454239912,34.84462915],[135.454188823,34.844636313],[135.454141652,34.844627247],[135.454100922,34.84461942],[135.453958534,34.844372228],[135.453817057,34.844124687],[135.453716611,34.844053739],[135.453614352,34.843984407],[135.45353181,34.843947615],[135.453438815,34.84393728],[135.453347441,34.843954719],[135.453190081,34.843995028],[135.453025966,34.84400673],[135.45286258,34.843989226],[135.452814508,34.8437997],[135.452780969,34.843608175],[135.452712453,34.843277566],[135.452598887,34.842955418],[135.452441578,34.842646134],[135.452188884,34.84210457],[135.452109281,34.841964662],[135.452062018,34.841815084],[135.452048616,34.841660961],[135.452069467,34.841507354],[135.45227468,34.841280476],[135.452506996,34.84107212],[135.452680804,34.840957695],[135.452861049,34.84085051],[135.452965483,34.840767413],[135.453031113,34.840660793],[135.453050746,34.840542257],[135.452977375,34.840441953],[135.452875199,34.84036054],[135.452751138,34.840303459],[135.452613452,34.840274623],[135.452471413,34.840275786],[135.451718943,34.840268878],[135.451500669,34.840277268],[135.451284088,34.840300811],[135.451144704,34.840338313],[135.451025561,34.840408721],[135.450937547,34.840505412],[135.4508889,34.840619401],[135.45088413,34.840740177],[135.45034118,34.840918468],[135.44991274,34.840675294],[135.449720519,34.840534163],[135.449704251,34.840403826],[135.449651246,34.840280265],[135.449564591,34.840170524],[135.449449038,34.840080574],[135.449403434,34.840022764],[135.449373517,34.839898234],[135.449369758,34.839771379],[135.449392241,34.839645815],[135.449416085,34.839559292],[135.449415045,34.839470582],[135.449389201,34.839384554],[135.449263683,34.839165568],[135.449096663,34.838966396],[135.449050785,34.838874769],[135.449007518,34.838829698],[135.448945176,34.838786784],[135.448617873,34.838609688],[135.448564549,34.838585408],[135.448524864,34.838572597],[135.448624701,34.838478371],[135.448790083,34.838370582],[135.448897011,34.838174273],[135.449016355,34.837968914],[135.448701997,34.83783966],[135.448648701,34.837666605],[135.448482052,34.837604007],[135.448328701,34.837613138],[135.448135358,34.837487225],[135.447854533,34.837691038],[135.447756779,34.837790388],[135.447754476,34.837873315],[135.447781453,34.837926804],[135.447806674,34.837964872],[135.447820698,34.837976835],[135.447882995,34.838029854],[135.44800731,34.83812832],[135.4480154,34.838137579],[135.447907155,34.838373856],[135.447642191,34.838295723],[135.447324658,34.838211426],[135.447230639,34.838193971],[135.447173292,34.838186143],[135.447073412,34.838186635],[135.447028577,34.838195892],[135.446990492,34.83822599],[135.446978872,34.838246749],[135.446968288,34.83828454],[135.446964516,34.838333714],[135.446974519,34.838382951],[135.447004767,34.838470728],[135.447017502,34.838644243],[135.446921158,34.838745122],[135.446797284,34.838822897],[135.446653665,34.838872637],[135.446499606,34.838891139],[135.44634479,34.838877182],[135.446090017,34.838868451],[135.445594509,34.838961662],[135.445165033,34.839072087],[135.44510944,34.83908638],[135.444629394,34.839027669],[135.444269976,34.838997272],[135.443297201,34.838631525],[135.443155204,34.838600947],[135.443027385,34.838541406],[135.442916673,34.8382975],[135.442833234,34.838046417],[135.442777888,34.837789974],[135.442720648,34.837318067],[135.442698956,34.836844152],[135.44271306,34.836369958],[135.442655875,34.836129915],[135.442464399,34.836069721],[135.442390967,34.835914511],[135.442443014,34.835830823],[135.442534466,34.83577472],[135.442646659,34.835757564],[135.442729721,34.835635344],[135.44267091,34.835463173],[135.442571351,34.835304148],[135.44243523,34.835164879],[135.442252357,34.835113378],[135.442079523,34.83504218],[135.441919626,34.834952743],[135.441926284,34.834834239],[135.441889819,34.834719494],[135.441803735,34.834595688],[135.441686045,34.834491028],[135.441542946,34.834410772],[135.441330237,34.834572151],[135.441247301,34.834836081],[135.441205351,34.835106502],[135.441204956,34.835379195],[135.441256467,34.835576124],[135.441253306,34.835777588],[135.441123264,34.835967292],[135.44099744,34.836159088],[135.440663865,34.836444125],[135.440642048,34.836430232],[135.440595349,34.836428845],[135.44008971,34.836547129],[135.440062511,34.836553492],[135.440062313,34.836429217],[135.440062208,34.836363397],[135.440060928,34.836317506],[135.440046832,34.836284667],[135.439975856,34.836183241],[135.440002992,34.836168908],[135.440309856,34.836006821],[135.440692526,34.835872415],[135.441012446,34.834320424],[135.440015484,34.834310169],[135.439649784,34.833947343],[135.438968178,34.833951235],[135.438955074,34.833951036],[135.437840781,34.833934078],[135.437674764,34.833563357],[135.43753405,34.833185441],[135.437538415,34.832901598],[135.437540045,34.832661272],[135.437655919,34.832513696],[135.437914016,34.832255183],[135.438168964,34.832036491],[135.438049389,34.831851499],[135.437847812,34.831593297],[135.437655021,34.831316556],[135.437439528,34.830944164],[135.43724112,34.830659284],[135.437076492,34.830458494],[135.437198348,34.830411912],[135.43721583,34.830294169],[135.437813868,34.830416197],[135.437809944,34.830543458],[135.438030863,34.830634895],[135.438221402,34.830764775],[135.438393504,34.830834081],[135.438582499,34.830859743],[135.438773879,34.830865673],[135.438964944,34.830877732],[135.439056474,34.830903396],[135.439124254,34.83096023],[135.439153948,34.83103609],[135.439161771,34.83103641],[135.439352152,34.831044192],[135.439357754,34.831044421],[135.439432533,34.830866545],[135.439469857,34.830680743],[135.439538823,34.830641486],[135.439622091,34.830634296],[135.439823971,34.830674981],[135.440013197,34.830745715],[135.440124882,34.830810266],[135.440183312,34.830844036],[135.440319373,34.830958913],[135.440328458,34.830966583],[135.440453729,34.830948047],[135.440481858,34.831029219],[135.440605335,34.831009143],[135.440701289,34.830926829],[135.440820877,34.830869233],[135.440954875,34.830840551],[135.441093354,34.830843079],[135.44167121,34.830885575],[135.441763898,34.830925755],[135.442049908,34.830937344],[135.442075997,34.830932081],[135.442057977,34.831022822],[135.442050661,34.831118885],[135.442047698,34.831266264],[135.442049788,34.831377878],[135.442051557,34.831391138],[135.44205964,34.831401601],[135.442080323,34.83142837],[135.442092774,34.8314236],[135.44210042,34.831424627],[135.442131913,34.831423599],[135.44213184,34.83141828],[135.44258717,34.831405583],[135.442602681,34.831407637],[135.4426175,34.831414827],[135.442620135,34.831417931],[135.442622491,34.831420709],[135.442621458,34.831573957],[135.442617823,34.831644754],[135.442650491,34.831645938],[135.442659355,34.831644807],[135.442660927,34.831638684],[135.44266688,34.831631409],[135.44268459,34.831631491],[135.442846906,34.831637102],[135.44287035,34.831640698],[135.442886195,34.831631062],[135.442907161,34.831618537],[135.442912805,34.831608556],[135.442935121,34.831557905],[135.442992444,34.831357858],[135.443001538,34.831322561],[135.443011456,34.831310887],[135.443025845,34.831300947],[135.443045578,34.831292924],[135.443066509,34.831285718],[135.443073195,34.831283044],[135.443103753,34.831177349],[135.443196798,34.831111516],[135.44323535,34.831101325],[135.44327496,34.831080142],[135.443284976,34.83105966],[135.443466184,34.831145125],[135.443634125,34.831258837],[135.443816889,34.831191882],[135.443760257,34.83109887],[135.443961322,34.831072565],[135.444164385,34.83108431],[135.444359084,34.831133337],[135.444509566,34.831204979],[135.444504812,34.831214642],[135.444459208,34.83130732],[135.444419913,34.83137917],[135.444393302,34.831418352],[135.444361634,34.831461659],[135.444328638,34.831523531],[135.444295552,34.831598834],[135.44426109,34.831700003],[135.444225051,34.83184047],[135.44418158,34.831964405],[135.444200355,34.831968818],[135.444322572,34.831970585],[135.444446017,34.831958879],[135.444527294,34.831946062],[135.444575652,34.831924557],[135.444613855,34.831884976],[135.44474798,34.831692852],[135.444775862,34.831676121],[135.444850385,34.831665643],[135.444866561,34.831650031],[135.44486839,34.831605506],[135.444897799,34.831573097],[135.444969411,34.831556566],[135.445052749,34.831552078],[135.445213913,34.831559083],[135.445258887,34.831625593],[135.445312952,34.831691076],[135.445602676,34.831694304],[135.445721529,34.831638234],[135.445816304,34.831556811],[135.445946836,34.831560831],[135.446075271,34.831541582],[135.446195732,34.831500121],[135.446562432,34.831595994],[135.446708052,34.831609726],[135.446844993,34.831652718],[135.446964901,34.831722136],[135.447203644,34.831927846],[135.447420363,34.832149421],[135.447475064,34.83221627],[135.447613459,34.832385402],[135.447775754,34.832372798],[135.447787826,34.832226543],[135.447831236,34.832084397],[135.447904448,34.83195086],[135.447996064,34.831841057],[135.448005157,34.831830159],[135.448311778,34.831902226],[135.448606861,34.832001554],[135.448886989,34.832127047],[135.449148729,34.832277066],[135.44948486,34.832232205],[135.449855983,34.832182674],[135.449947055,34.832170517],[135.44999972,34.832033732],[135.450083329,34.831907813],[135.450194603,34.831797534],[135.450284073,34.831737455],[135.450329557,34.831706914],[135.450364183,34.831705651],[135.450599568,34.831697061],[135.450606658,34.831716024],[135.450614108,34.831730121],[135.450640254,34.831760529],[135.450738889,34.831856172],[135.450857397,34.831972277],[135.450917238,34.832028376],[135.450368998,34.831910122],[135.450369411,34.832341575],[135.450260779,34.832401123],[135.45025659,34.832768223],[135.450427199,34.832726366],[135.450379319,34.833079619],[135.450377681,34.833435054],[135.450402189,34.833628442],[135.450422413,34.833788626],[135.450368427,34.833919997],[135.450273707,34.834034688],[135.45014525,34.834124345],[135.44999239,34.834182429],[135.450111144,34.834441321],[135.450228528,34.834700666],[135.450336436,34.834758577],[135.450576326,34.834698451],[135.450677692,34.834778329],[135.450788055,34.834751604],[135.450792547,34.834751895],[135.450924147,34.834760422],[135.451047527,34.834664023],[135.451074426,34.834643006],[135.451107372,34.834624224],[135.451244687,34.834545964],[135.451430837,34.834471352],[135.451628546,34.834421039],[135.451824055,34.834417323],[135.451945901,34.834415723],[135.452043731,34.834414437],[135.452187973,34.834435837],[135.45225993,34.834446512],[135.45264248,34.834457182],[135.452645328,34.834457261],[135.452645105,34.834456939],[135.452643525,34.834454655],[135.452604425,34.834398121],[135.452827309,34.834412737],[135.452860681,34.834419991],[135.452981464,34.834446244],[135.453014458,34.834464915],[135.453112979,34.834520667],[135.453187666,34.834475568],[135.45326154,34.834567132],[135.453261131,34.834567357],[135.45320441,34.834597679],[135.453181529,34.834615676],[135.453174587,34.834621122],[135.453153324,34.834637805],[135.45307263,34.834717942],[135.453033431,34.834774953],[135.452997912,34.834844025],[135.452987552,34.834886446],[135.452982171,34.834905585],[135.452969618,34.834950245],[135.452948119,34.834998109],[135.452921114,34.835032357],[135.45289537,34.835056896],[135.452888536,34.83506341],[135.452858895,34.835082997],[135.452824251,34.835094645],[135.452811768,34.835098843],[135.452716947,34.835126695],[135.45271022,34.835128672],[135.452659242,34.835146048],[135.452582581,34.835189628],[135.452570373,34.835196568],[135.452552581,34.83520898],[135.452532359,34.835223089],[135.452525907,34.835233937],[135.452518365,34.835246619],[135.452517644,34.835254778],[135.452515411,34.83528006],[135.452525337,34.835593441],[135.452543695,34.83574938],[135.452551708,34.835787182],[135.45255438,34.835799786],[135.452568864,34.835843868],[135.452568887,34.835843913],[135.452606177,34.835917212],[135.452613144,34.83592693],[135.452637281,34.835960595],[135.452676649,34.836007184],[135.452743581,34.83607066],[135.452915961,34.836231025],[135.452993974,34.836304481],[135.453037897,34.836353344],[135.453066283,34.836394531],[135.453079821,34.836433398],[135.453082413,34.836467709],[135.453083143,34.836492855],[135.453080238,34.83651869],[135.45306519,34.836559752],[135.453029131,34.836638407],[135.452978997,34.83674776],[135.45294438,34.836827115],[135.452925613,34.836870136],[135.452892807,34.836948446],[135.452883268,34.836989463],[135.452877439,34.83704423],[135.452870678,34.837091175],[135.452856088,34.837198513],[135.452841401,34.837321187],[135.45283362,34.837386173],[135.452820613,34.83753155],[135.452793882,34.837672849],[135.452767516,34.837825112],[135.452758445,34.837877496],[135.452740825,34.838042289],[135.452736757,34.838095656],[135.45274097,34.838119433],[135.452741207,34.838120757],[135.452748508,34.838139797],[135.452764633,34.8381554],[135.452772274,34.838162793],[135.45279256,34.838176441],[135.452801572,34.838182504],[135.452821471,34.838192968],[135.452826427,34.838195575],[135.452838833,34.8381995],[135.45289462,34.838217152],[135.453010478,34.838250488],[135.453034613,34.838257432],[135.453146777,34.838295122],[135.45321428,34.838319462],[135.453306985,34.838352889],[135.453349349,34.838367859],[135.453405501,34.838387701],[135.453423966,34.838394331],[135.453447811,34.838402893],[135.45347625,34.838416753],[135.453476295,34.838416786],[135.453502022,34.838435159],[135.453502054,34.838435181],[135.453505715,34.838443579],[135.453508786,34.838456833],[135.453509244,34.838458807],[135.453509043,34.838489231],[135.453508272,34.838493396],[135.453501424,34.838530398],[135.453496561,34.838541833],[135.453494786,34.838546002],[135.453486312,34.83856808],[135.453460677,34.838593302],[135.453450115,34.838603694],[135.453426807,34.838626818],[135.453372943,34.838680256],[135.453349645,34.838715928],[135.453335684,34.838740585],[135.453328167,34.838753863],[135.453323009,34.838782509],[135.453322403,34.838785882],[135.453326812,34.8388102],[135.4533424,34.838836257],[135.453368101,34.83885081],[135.45339397,34.838859308],[135.453409718,34.838863557],[135.453419721,34.838866255],[135.453467691,34.838871753],[135.453547931,34.838873663],[135.453676282,34.83887269],[135.453731577,34.838867185],[135.453792701,34.838861098],[135.453837575,34.838853584],[135.453868468,34.83884841],[135.45387979,34.838847739],[135.453890559,34.838847101],[135.45390542,34.838847168],[135.453953573,34.83885807],[135.454017453,34.838872532],[135.454147447,34.838907414],[135.454189752,34.838923591],[135.454233865,34.83895041],[135.454289874,34.838993271],[135.454386926,34.839081812],[135.454451704,34.839181383],[135.454547344,34.839328397],[135.454550865,34.839349565],[135.454552394,34.839358787],[135.454544309,34.839393459],[135.454344552,34.839671742],[135.45431732,34.839720849],[135.454308603,34.839764489],[135.454303406,34.839790511],[135.4542934,34.839902376],[135.454280016,34.839943517],[135.454263192,34.839975957],[135.454187091,34.840122692],[135.454059351,34.840321854],[135.454056501,34.840358815],[135.454059912,34.840376939],[135.454069169,34.840426132],[135.454081702,34.840460875],[135.454095049,34.840497874],[135.454126144,34.840542947],[135.454261939,34.84070864],[135.454269667,34.840727054],[135.454277455,34.840745613],[135.454280376,34.840763791],[135.454282584,34.840777541],[135.454279706,34.840818869],[135.454184087,34.841096156],[135.454175022,34.841122442],[135.454151406,34.841154449],[135.4541196,34.841184661],[135.454042804,34.841242912],[135.454013906,34.841275571],[135.454008292,34.841281915],[135.453963187,34.841340309],[135.45390896,34.841390386],[135.45388433,34.84141313],[135.453852389,34.841432234],[135.453844708,34.841436828],[135.453554356,34.841559406],[135.453515816,34.841586823],[135.453509297,34.841591461],[135.453502918,34.841598253],[135.453482886,34.841619584],[135.453481398,34.841623745],[135.45347205,34.84164989],[135.453477116,34.841684703],[135.453488862,34.841764874],[135.453507359,34.841891124],[135.453520366,34.841925965],[135.453530702,34.841944124],[135.45354642,34.841971729],[135.453601205,34.842071244],[135.45371009,34.842269032],[135.453712438,34.842314687],[135.45370166,34.842355909],[135.453680388,34.842381871],[135.453622156,34.842422881],[135.453601029,34.842446661],[135.453551738,34.842537196],[135.453539675,34.842559353],[135.453533421,34.842579989],[135.453523606,34.842612383],[135.453521023,34.842647055],[135.4535207,34.842651388],[135.453522565,34.84266685],[135.453525681,34.842692682],[135.453550692,34.842758453],[135.453567076,34.842801538],[135.453608658,34.842875534],[135.453699882,34.843019265],[135.453715698,34.843030182],[135.453749853,34.843039069],[135.453826078,34.843054554],[135.453896992,34.843078746],[135.453944115,34.843109454],[135.453965013,34.843139902],[135.453972766,34.843164443],[135.453975305,34.843172486],[135.453967145,34.843218087],[135.453905424,34.843386415],[135.453904856,34.84339016],[135.453899841,34.843423295],[135.453904162,34.843440159],[135.453907628,34.843453685],[135.453917312,34.843466886],[135.453928413,34.84348202],[135.453955038,34.843501982],[135.453980861,34.843521343],[135.454015014,34.843536709],[135.454049226,34.843536862],[135.454071771,34.843532784],[135.454130906,34.843522087],[135.454178358,34.843522299],[135.454215119,34.843531128],[135.454246511,34.843550847],[135.454316644,34.843641451],[135.454343737,34.84369134],[135.454355637,34.843713252],[135.454361073,34.843786443],[135.454362895,34.843810968],[135.454360223,34.843837057],[135.454354447,34.843893473],[135.454364342,34.843965904],[135.454371968,34.84402173],[135.454402423,34.844080081],[135.454416242,34.844106554],[135.454416257,34.844106583],[135.455042709,34.844122492],[135.455131976,34.84414895],[135.455149401,34.844156647],[135.455002839,34.844246211],[135.45494597,34.844280934],[135.454893978,34.844315497],[135.454842258,34.844350415],[135.45467537,34.84446938],[135.454485114,34.844561558],[135.454277736,34.844623911],[135.454239912,34.84462915]]]}},{"type":"Feature","properties":{"petiteau_class":"forest","source":"plateau_luse","source_file":"523523_luse_6697_op.gml","mesh_id":"523523","gml_id":"luse_7e1646fb-2728-485c-aa82-57cebf36f0d3","luse_class":"203","landuse_name":"山林","function":null,"usage":null,"orgLandUse":"06","areaClassificationType":null},"geometry":{"type":"Polygon","coordinates":[[[135.423637702,34.851962526],[135.423443326,34.851970597],[135.423237369,34.851979149],[135.423056971,34.851975736],[135.422954192,34.851973791],[135.422891469,34.851961158],[135.422768336,34.851936357],[135.422724658,34.851895003],[135.422685202,34.851857646],[135.42257486,34.851748311],[135.422335936,34.851554111],[135.422265977,34.851497247],[135.422103374,34.851353928],[135.42177871,34.851051023],[135.421549367,34.850794207],[135.421537747,34.850782399],[135.421410246,34.850652831],[135.421301446,34.850573927],[135.421267638,34.850564469],[135.421267589,34.850564474],[135.421267612,34.850564454],[135.421257526,34.850536821],[135.42117881,34.850288822],[135.421350258,34.849913814],[135.421173135,34.849848968],[135.420984643,34.849811833],[135.420791158,34.849803801],[135.420748323,34.849996412],[135.420617891,34.85000066],[135.420485357,34.849942877],[135.420336471,34.849927654],[135.420190795,34.84995698],[135.420171343,34.849966263],[135.42015458,34.849978714],[135.420047804,34.849990375],[135.420035948,34.849975559],[135.420006675,34.849938975],[135.419944441,34.84990199],[135.419868379,34.849893604],[135.41979652,34.849915979],[135.419686375,34.849998119],[135.419605119,34.85010059],[135.41953048,34.850198224],[135.41943134,34.850279695],[135.419312854,34.850340971],[135.419189551,34.850370042],[135.419062484,34.850355914],[135.4189934,34.850330524],[135.419005147,34.850133608],[135.419083565,34.85012722],[135.419157943,34.85010576],[135.419338673,34.850016384],[135.419499181,34.849903834],[135.419635116,34.849771074],[135.419730855,34.849647577],[135.419723287,34.84954306],[135.420059586,34.849493008],[135.420385746,34.84940883],[135.420915102,34.849335355],[135.421445421,34.849266478],[135.421574626,34.849270156],[135.421693383,34.849312188],[135.422034848,34.849411618],[135.422385417,34.849486661],[135.422742384,34.849536763],[135.422790004,34.849535457],[135.422834747,34.849521786],[135.423107638,34.849406519],[135.423391308,34.849310323],[135.423620062,34.849239108],[135.423846499,34.849163024],[135.424202461,34.849026042],[135.424221295,34.849006569],[135.424235215,34.84895489],[135.424200801,34.848887567],[135.42410032,34.848869963],[135.424001121,34.848867503],[135.424026606,34.848858082],[135.424125677,34.848822982],[135.424164338,34.848789742],[135.424198864,34.848737134],[135.424237819,34.84866168],[135.424264063,34.848572092],[135.424283705,34.848510619],[135.424327055,34.84845176],[135.424347737,34.848425835],[135.42445138,34.848361108],[135.424499326,34.848350068],[135.424630995,34.848346464],[135.424740417,34.848345573],[135.424872144,34.848333518],[135.424945754,34.84831978],[135.42500799,34.848306266],[135.425264385,34.848228778],[135.425303722,34.848499044],[135.425911772,34.848442415],[135.426017994,34.848738329],[135.425989985,34.84876549],[135.425949075,34.848814428],[135.425934616,34.848833741],[135.425912847,34.848868238],[135.425466193,34.848805512],[135.425277401,34.848948167],[135.425452406,34.849161518],[135.425517749,34.849200975],[135.425569581,34.849231048],[135.425646141,34.849345412],[135.425617038,34.849368262],[135.425489505,34.849396236],[135.425358461,34.849408509],[135.425247175,34.849629025],[135.425097224,34.849833302],[135.425641879,34.849895371],[135.425472921,34.850161499],[135.425287949,34.85042034],[135.425121338,34.850659967],[135.42498638,34.850912824],[135.424827659,34.851197111],[135.424645013,34.851471557],[135.424439545,34.851734707],[135.424205218,34.851672308],[135.42396202,34.851640327],[135.423715816,34.851639432],[135.423684904,34.851778914],[135.423653458,34.851918223],[135.423637715,34.851962501],[135.423637702,34.851962526]]]}},{"type":"Feature","properties":{"petiteau_class":"forest","source":"plateau_luse","source_file":"523523_luse_6697_op.gml","mesh_id":"523523","gml_id":"luse_8c8a7dfb-fd73-4e77-bd0d-46c885d1e9aa","luse_class":"203","landuse_name":"山林","function":null,"usage":null,"orgLandUse":"06","areaClassificationType":null},"geometry":{"type":"Polygon","coordinates":[[[135.418966688,34.852143413],[135.418900072,34.852164364],[135.418798514,34.852173316],[135.41864501,34.852182302],[135.418547249,34.852197821],[135.418464364,34.852230103],[135.418388854,34.852282845],[135.418339154,34.852340147],[135.418308702,34.852394019],[135.418277308,34.852421335],[135.418276338,34.852422178],[135.418275081,34.852422824],[135.418248257,34.852436621],[135.418199153,34.852464984],[135.418169894,34.852481884],[135.418131585,34.852498744],[135.418046514,34.852531704],[135.417941787,34.852572278],[135.417875106,34.852602525],[135.417860478,34.85260889],[135.417840287,34.852617673],[135.41784025,34.85261769],[135.417878149,34.852497374],[135.417866689,34.852424906],[135.417984196,34.852220301],[135.418052887,34.852096586],[135.41809743,34.852110142],[135.418242732,34.852019516],[135.418434053,34.851912705],[135.418408523,34.851656843],[135.418504502,34.851524515],[135.41862162,34.851362539],[135.418672699,34.85126894],[135.418922593,34.851346937],[135.41921132,34.851471635],[135.419479731,34.851624091],[135.419695779,34.851781702],[135.419695794,34.851781728],[135.419645228,34.851798751],[135.419577196,34.851821655],[135.419510297,34.85186479],[135.419410097,34.851929739],[135.419268175,34.852004983],[135.419123922,34.852071552],[135.418966688,34.852143413]]]}},{"type":"Feature","properties":{"petiteau_class":"forest","source":"plateau_luse","source_file":"523523_luse_6697_op.gml","mesh_id":"523523","gml_id":"luse_394c19dc-7adb-49c6-a93d-b6c0f366a29e","luse_class":"203","landuse_name":"山林","function":null,"usage":null,"orgLandUse":"06","areaClassificationType":null},"geometry":{"type":"Polygon","coordinates":[[[135.430060023,34.854827749],[135.429935049,34.854969735],[135.42992672,34.854945516],[135.429917689,34.854911113],[135.429915359,34.854877081],[135.429898938,34.854843043],[135.429884109,34.854795557],[135.429862888,34.854707383],[135.429845465,34.854618687],[135.429828479,34.854569747],[135.429808065,34.854521784],[135.429767048,34.854427568],[135.429694638,34.854347178],[135.429605974,34.854293137],[135.429597011,34.854287673],[135.429561162,34.854111547],[135.429555172,34.853933117],[135.429538575,34.853697755],[135.429504383,34.85346376],[135.429431621,34.853303048],[135.42937974,34.853136842],[135.429334951,34.852934802],[135.429299381,34.852731442],[135.429478685,34.852716417],[135.429658738,34.852711582],[135.429764766,34.852834319],[135.429910698,34.85292515],[135.430082967,34.852975628],[135.430111586,34.852984457],[135.430198344,34.853011227],[135.430292596,34.853076573],[135.430349902,34.85314914],[135.430383521,34.853231241],[135.430384474,34.853302552],[135.430353353,34.853369206],[135.430332557,34.853402013],[135.430317707,34.853436921],[135.43030754,34.853485822],[135.430308282,34.853535407],[135.430323713,34.853652843],[135.430340129,34.853770111],[135.430336151,34.85381129],[135.430313349,34.853848053],[135.430287993,34.853876151],[135.430264792,34.85390552],[135.430257904,34.853924509],[135.430263085,34.853943914],[135.43029273,34.853974434],[135.430334542,34.853992749],[135.430407907,34.854013736],[135.430478609,34.854040299],[135.430561665,34.854081796],[135.430636895,34.854132359],[135.430685242,34.854170538],[135.430732598,34.854209612],[135.430785404,34.854241763],[135.430847786,34.854258551],[135.430900159,34.854263123],[135.43095283,34.85426382],[135.431029667,34.854263639],[135.431106401,34.854266972],[135.431144872,34.85427202],[135.43118215,34.85428175],[135.431220926,34.854309335],[135.431231281,34.854350761],[135.431209787,34.854419895],[135.431176747,34.854470683],[135.431152442,34.854469898],[135.430207488,34.854439389],[135.430060023,34.854827749]]]}},{"type":"Feature","properties":{"petiteau_class":"forest","source":"plateau_luse","source_file":"523523_luse_6697_op.gml","mesh_id":"523523","gml_id":"luse_80f1c673-3af8-49e9-8ac1-70ddad83ba52","luse_class":"203","landuse_name":"山林","function":null,"usage":null,"orgLandUse":"06","areaClassificationType":null},"geometry":{"type":"Polygon","coordinates":[[[135.431138245,34.855248602],[135.430990213,34.85544903],[135.430897952,34.855570479],[135.430844244,34.855635765],[135.430835652,34.855646581],[135.430803207,34.855687478],[135.430783157,34.855707894],[135.430782016,34.855706535],[135.43069783,34.855606289],[135.430624051,34.855518431],[135.430624013,34.855518386],[135.430589617,34.855503834],[135.430518973,34.855473947],[135.43039062,34.855432431],[135.430459698,34.855336123],[135.431010192,34.855292821],[135.431156388,34.855198251],[135.431188142,34.855177711],[135.431138245,34.855248602]]]}},{"type":"Feature","properties":{"petiteau_class":"forest","source":"plateau_luse","source_file":"523523_luse_6697_op.gml","mesh_id":"523523","gml_id":"luse_ac340415-32b0-47cc-8a98-4df79215e69b","luse_class":"203","landuse_name":"山林","function":null,"usage":null,"orgLandUse":"06","areaClassificationType":null},"geometry":{"type":"Polygon","coordinates":[[[135.432112255,34.863099673],[135.43215413,34.863122406],[135.432184572,34.863287519],[135.432214461,34.863835478],[135.432219354,34.863964051],[135.432251237,34.864089865],[135.432309139,34.864209311],[135.432327508,34.864253199],[135.432331074,34.864299552],[135.432274289,34.864738659],[135.432230069,34.864577025],[135.432179869,34.864353323],[135.432155344,34.864341236],[135.432065347,34.86430701],[135.43200679,34.864267226],[135.431961631,34.864198966],[135.43195664,34.864191423],[135.431953275,34.86417284],[135.431942111,34.864111207],[135.431930099,34.864046944],[135.431926287,34.864026549],[135.431931553,34.863857266],[135.431943273,34.863743367],[135.431955717,34.863524183],[135.431985035,34.863393254],[135.431996709,34.863341121],[135.432032928,34.863243184],[135.43206659,34.863164602],[135.432076043,34.863142533],[135.432079613,34.863113447],[135.432082095,34.863093226],[135.432112255,34.863099673]]]}},{"type":"Feature","properties":{"petiteau_class":"forest","source":"plateau_luse","source_file":"523523_luse_6697_op.gml","mesh_id":"523523","gml_id":"luse_8c80430b-25db-465b-bf9c-17abece93fda","luse_class":"203","landuse_name":"山林","function":null,"usage":null,"orgLandUse":"06","areaClassificationType":null},"geometry":{"type":"Polygon","coordinates":[[[135.44878653,34.867604341],[135.448562018,34.867663806],[135.448307577,34.867685103],[135.448155353,34.867679367],[135.448009318,34.867663832],[135.447865709,34.867637309],[135.447768729,34.867612081],[135.447677682,34.867574798],[135.447611646,34.867495078],[135.447594958,34.867399455],[135.447587295,34.867277269],[135.447567735,34.867085794],[135.44756916,34.866871788],[135.447553812,34.866765533],[135.447487038,34.866673729],[135.447380641,34.866612488],[135.447253045,34.866592527],[135.446821158,34.86661905],[135.446552231,34.86666308],[135.446244119,34.866726222],[135.445948529,34.866792756],[135.445843231,34.866798127],[135.445741815,34.866774324],[135.445655735,34.866724079],[135.445594873,34.866653126],[135.445540808,34.866509273],[135.44551135,34.866395371],[135.445459641,34.866223221],[135.44537674,34.86602137],[135.445316143,34.865938607],[135.445222901,34.865880035],[135.445110139,34.865853829],[135.444993536,34.865863482],[135.4448979,34.865880084],[135.444808847,34.865875559],[135.444800427,34.865875131],[135.44470805,34.865849017],[135.444570942,34.865767167],[135.444386664,34.865686632],[135.444314839,34.865649163],[135.444251927,34.865601997],[135.444185625,34.865535083],[135.444111706,34.865473896],[135.443925503,34.86535585],[135.443722384,34.865258642],[135.443614775,34.865204782],[135.443526966,34.865130457],[135.443464618,34.865040294],[135.443421325,34.864918575],[135.443350552,34.864805935],[135.443254786,34.864706604],[135.443123624,34.864601431],[135.442978061,34.864490873],[135.4429149,34.864438657],[135.442853752,34.864384739],[135.442793262,34.864338846],[135.442720137,34.864307951],[135.44262092,34.864266578],[135.442546328,34.864198535],[135.442506676,34.864112981],[135.442507019,34.864021302],[135.442511667,34.863787118],[135.442530532,34.863663701],[135.442571935,34.863544094],[135.442627363,34.863469253],[135.442715105,34.863419714],[135.442856415,34.863370059],[135.443007041,34.863345327],[135.443184346,34.863336223],[135.443360751,34.863353619],[135.443530486,34.863397036],[135.443706541,34.863466535],[135.443992589,34.863598109],[135.444388709,34.863778587],[135.444892682,34.863963801],[135.445174925,34.864045051],[135.445466168,34.86410074],[135.445678343,34.864120933],[135.445793479,34.864131892],[135.446122782,34.864122215],[135.446446667,34.864072035],[135.44664408,34.864024525],[135.446981749,34.863923022],[135.447119094,34.863859371],[135.447246343,34.863782781],[135.447352508,34.863674642],[135.447416681,34.86354593],[135.447433658,34.863407538],[135.447439896,34.863297134],[135.447439589,34.86323475],[135.44756485,34.863212059],[135.447710998,34.863142135],[135.447823466,34.862900242],[135.447889102,34.862646951],[135.447906518,34.862388311],[135.448054088,34.862360763],[135.448205348,34.862362349],[135.448287001,34.862372453],[135.448369416,34.862376793],[135.448453036,34.862361555],[135.448485281,34.862355681],[135.448582805,34.862299958],[135.448647386,34.862217944],[135.448900979,34.861913847],[135.448685711,34.861474311],[135.448597851,34.861163004],[135.44850236,34.860793958],[135.448449601,34.860575742],[135.448368037,34.860363716],[135.448387828,34.860182338],[135.448382808,34.860000306],[135.448340808,34.859779173],[135.448258258,34.859565961],[135.448137104,34.859365736],[135.448044772,34.859266434],[135.447991889,34.859149093],[135.447930674,34.858969331],[135.44784099,34.858797825],[135.447748186,34.858674453],[135.447632475,34.85856494],[135.447496716,34.858472374],[135.44736664,34.858393266],[135.447241468,34.858308861],[135.447109987,34.858196571],[135.447005881,34.858066194],[135.446901368,34.858034357],[135.446790724,34.858044671],[135.446715403,34.858059735],[135.446706116,34.858032116],[135.446622897,34.857946277],[135.44650545,34.857894539],[135.446372747,34.857885011],[135.446246247,34.857919502],[135.44614646,34.857992158],[135.446060309,34.858087944],[135.445963627,34.858114819],[135.445834338,34.858147585],[135.445560519,34.858199344],[135.445281293,34.858224033],[135.445218185,34.858218516],[135.445160066,34.858197698],[135.44511148,34.858153123],[135.445098162,34.858094196],[135.445097698,34.858068862],[135.445090743,34.85804422],[135.445050625,34.857987704],[135.444987296,34.857948201],[135.444811579,34.857857431],[135.444642767,34.85775822],[135.444569982,34.857651423],[135.444533344,34.85753262],[135.444535523,34.857410039],[135.444528631,34.857294618],[135.444495834,34.857182234],[135.444438361,34.857076769],[135.444349794,34.857022276],[135.444246932,34.856989263],[135.444137043,34.856980016],[135.443954776,34.857005327],[135.443787034,34.857069466],[135.443645855,34.857167803],[135.443523291,34.857018408],[135.443379257,34.856882708],[135.443215913,34.856762705],[135.443116242,34.856697702],[135.443010928,34.856639075],[135.442905503,34.856610106],[135.442795647,34.856623575],[135.442744919,34.856643987],[135.442688294,34.856560882],[135.44257103,34.85644189],[135.442522191,34.856368648],[135.442360695,34.856188964],[135.442165209,34.856033835],[135.441941205,34.855907591],[135.441543835,34.855718172],[135.441162786,34.85556858],[135.440813831,34.855395435],[135.440719417,34.85533947],[135.440683491,34.855303966],[135.440788138,34.855234133],[135.440954008,34.855165391],[135.441080662,34.855138595],[135.441133743,34.855127363],[135.441319221,34.855121725],[135.441501855,34.855148796],[135.441548696,34.855157935],[135.441595898,34.855165724],[135.441791027,34.855212595],[135.441970524,34.855291216],[135.442126732,34.855398396],[135.44214084,34.855409369],[135.4421532,34.855418982],[135.442136793,34.85544541],[135.442116743,34.855489941],[135.442106858,34.855536762],[135.442125417,34.85558066],[135.442158539,34.855618404],[135.442206603,34.855632687],[135.442257441,34.855636526],[135.442449204,34.855608647],[135.442641044,34.85558086],[135.442852264,34.855528197],[135.443059321,34.855465321],[135.443334382,34.855322163],[135.443582492,34.855148591],[135.443798673,34.85494819],[135.443978744,34.854724915],[135.443997996,34.85469336],[135.444379561,34.85406552],[135.444380026,34.854037036],[135.444374356,34.854021504],[135.444370044,34.854005618],[135.444365771,34.853876507],[135.444411514,34.853752943],[135.444502417,34.853647804],[135.44462231,34.853534494],[135.444740778,34.853420096],[135.444857212,34.853326873],[135.444993434,34.853254025],[135.445144196,34.853204409],[135.445303824,34.853179985],[135.445407833,34.853163601],[135.445505908,34.853130513],[135.445595085,34.853106398],[135.445688954,34.853108359],[135.445879065,34.853151413],[135.446059722,34.853216512],[135.446227174,34.853302373],[135.446520708,34.853510057],[135.446470252,34.853799374],[135.446433752,34.853862672],[135.446212951,34.854053502],[135.445966505,34.854221589],[135.445697774,34.854364592],[135.445507487,34.854510667],[135.44529695,34.854636365],[135.44506924,34.854739899],[135.4448278,34.85481966],[135.444789267,34.85489061],[135.44473296,34.85494894],[135.444716854,34.855049742],[135.444677615,34.855146202],[135.444506558,34.855341493],[135.444303007,34.855514278],[135.444071318,34.855661053],[135.443908426,34.855755595],[135.443720367,34.855809815],[135.44352152,34.855819634],[135.443154327,34.855849776],[135.442945967,34.855850895],[135.442868248,34.855860366],[135.442813552,34.855906812],[135.442801658,34.855972566],[135.44281005,34.856038682],[135.442845629,34.856112675],[135.442905729,34.856175144],[135.443003836,34.856245006],[135.443108484,34.856308229],[135.443207824,34.856342849],[135.443315776,34.856344065],[135.443329791,34.856339565],[135.443416286,34.856311801],[135.443573177,34.856251308],[135.443745207,34.856233975],[135.443822704,34.85628373],[135.443878994,34.856350246],[135.443908779,34.856427459],[135.443936872,34.856541443],[135.444010529,34.856640673],[135.444120977,34.856713115],[135.444260925,34.856758828],[135.444410748,34.856770421],[135.444491917,34.856744107],[135.444556632,34.856695994],[135.444596835,34.856632083],[135.444651886,34.856601323],[135.444718454,34.856599553],[135.444775901,34.85662722],[135.444821754,34.856704235],[135.444840118,34.856788607],[135.444829627,34.85687392],[135.444777161,34.856951479],[135.444753842,34.857038274],[135.444761822,34.857126836],[135.444756027,34.857170621],[135.444743295,34.857213474],[135.444720441,34.857338495],[135.444744954,34.857463271],[135.444814551,34.857575823],[135.444990222,34.857673173],[135.445185407,34.857740773],[135.44538124,34.857776824],[135.445581505,34.857786481],[135.445703727,34.857771802],[135.445818073,34.8577332],[135.445922739,34.857673458],[135.446012171,34.857598862],[135.446156913,34.857453211],[135.446274892,34.85735847],[135.44645703,34.857177563],[135.446494793,34.857208564],[135.446535284,34.857237055],[135.446613444,34.857269954],[135.44670014,34.857280535],[135.446731071,34.857275958],[135.446786446,34.857267766],[135.446874271,34.857245178],[135.446963941,34.857228187],[135.447067431,34.857210178],[135.447169847,34.857188826],[135.447261105,34.857178152],[135.447352681,34.857186951],[135.447389284,34.857203524],[135.44741119,34.857232921],[135.447420119,34.857314095],[135.447390105,34.857391757],[135.447262908,34.857556502],[135.447113078,34.857707812],[135.447151839,34.857833293],[135.447231629,34.857944898],[135.447346131,34.858033581],[135.447486173,34.858092442],[135.447676666,34.858160827],[135.447746571,34.858159341],[135.447816374,34.85816146],[135.447874361,34.858175965],[135.447918778,34.858209791],[135.447941018,34.858256228],[135.447951228,34.858348946],[135.448111286,34.858396006],[135.448279829,34.858413717],[135.448970096,34.858170554],[135.44900819,34.857882802],[135.44901868,34.857593386],[135.44904136,34.857491801],[135.449108424,34.8574044],[135.449210107,34.857344009],[135.449355352,34.857258575],[135.449495519,34.85716365],[135.44952723,34.857086987],[135.449511532,34.857007136],[135.449359779,34.856714651],[135.449050798,34.856290914],[135.448950435,34.856166244],[135.448854408,34.856039334],[135.448785197,34.855963206],[135.448667714,34.855844617],[135.44862024,34.855802436],[135.448486582,34.855793962],[135.448314636,34.855798428],[135.448308864,34.85579908],[135.448284327,34.855750805],[135.448274409,34.855601387],[135.448293708,34.855452649],[135.448341662,34.855308358],[135.448347427,34.855294772],[135.448352933,34.855281004],[135.448351349,34.85522186],[135.448306282,34.855175771],[135.448236394,34.855162023],[135.448171745,34.855157943],[135.448067626,34.855150982],[135.447970786,34.855118541],[135.447890433,34.855063547],[135.447833918,34.854991082],[135.447669034,34.854735947],[135.447549634,34.85446406],[135.44751879,34.854179692],[135.44749589,34.853894722],[135.447529165,34.853882071],[135.447503643,34.853773507],[135.447511475,34.853666727],[135.447571644,34.853571893],[135.447673635,34.853505737],[135.447683096,34.853412116],[135.44764608,34.853323333],[135.447603846,34.853259587],[135.447567313,34.853193523],[135.447542538,34.853122464],[135.447537256,34.853048707],[135.447552147,34.852817183],[135.447570175,34.852752449],[135.447617155,34.852698482],[135.447636572,34.852587868],[135.447638576,34.852476093],[135.447491854,34.852217612],[135.447378677,34.851919158],[135.44731008,34.851577374],[135.447292623,34.851219945],[135.447275696,34.851175705],[135.447228614,34.85115025],[135.447172657,34.851155315],[135.447133211,34.851188391],[135.446988236,34.851355499],[135.446821915,34.851493482],[135.446689284,34.85154174],[135.44654499,34.851553435],[135.446403573,34.85152737],[135.446278979,34.851466223],[135.446146178,34.851406302],[135.445989652,34.851359974],[135.445824917,34.851341015],[135.445711953,34.851360785],[135.445612693,34.851409554],[135.44553789,34.851482143],[135.445431139,34.851584606],[135.445289281,34.851652021],[135.445191867,34.851666952],[135.445128211,34.851676709],[135.444966375,34.851655959],[135.444822051,34.851592107],[135.444798557,34.851586321],[135.444774452,34.851590087],[135.444497912,34.851673836],[135.444209866,34.851725077],[135.443915999,34.851742847],[135.442999178,34.851738656],[135.4428358,34.851773156],[135.442669082,34.85179366],[135.442484527,34.851811205],[135.442300843,34.851833892],[135.442176056,34.851814931],[135.442060098,34.851772579],[135.442065007,34.851699672],[135.442279587,34.851683076],[135.442488134,34.851637876],[135.44258336,34.85161343],[135.442678759,34.851589527],[135.442734029,34.85157779],[135.442790182,34.851569664],[135.442938373,34.851513729],[135.443072464,34.851437445],[135.443188446,34.85134314],[135.44324618,34.851286971],[135.443326303,34.851254434],[135.44353332,34.851209314],[135.443739359,34.851161314],[135.443947109,34.851127016],[135.444137832,34.851050809],[135.444299309,34.850937779],[135.444345863,34.850813948],[135.444340598,34.85068447],[135.444284056,34.850563503],[135.444162842,34.85037879],[135.44410855,34.850296053],[135.44405839,34.850136803],[135.444013513,34.850078181],[135.443948877,34.850033894],[135.443870863,34.850008207],[135.443663802,34.849979314],[135.443454098,34.849969433],[135.443333515,34.849969512],[135.443212841,34.849970132],[135.443035549,34.849955529],[135.442866307,34.8499096],[135.442713042,34.849834526],[135.44258322,34.849733867],[135.442430261,34.849649716],[135.442402618,34.849634509],[135.442225478,34.849530929],[135.442003705,34.849371703],[135.441893118,34.849259912],[135.441817831,34.849183803],[135.44176753,34.849100997],[135.441695951,34.849029542],[135.441606783,34.848973151],[135.441517652,34.84890991],[135.441459061,34.848825803],[135.441317917,34.848559678],[135.441139148,34.848309328],[135.440929198,34.848082634],[135.44068789,34.847878252],[135.440514957,34.847699956],[135.440330686,34.847529631],[135.440180848,34.847430682],[135.44001117,34.847356531],[135.439827691,34.847310073],[135.43961075,34.84726382],[135.439394549,34.847215048],[135.439245675,34.847199848],[135.439097898,34.847221435],[135.438964489,34.847278065],[135.438857396,34.847364655],[135.43874738,34.847496927],[135.438604867,34.84760616],[135.438427846,34.847697295],[135.438235485,34.847763839],[135.438032566,34.847804102],[135.437894189,34.847809864],[135.437757405,34.847791924],[135.437524348,34.847729276],[135.437300347,34.847647201],[135.437087933,34.847546335],[135.437012791,34.847509118],[135.436925728,34.847500962],[135.436842426,34.847523295],[135.436232163,34.847997715],[135.435839111,34.847870138],[135.436123154,34.84770378],[135.436391978,34.847521031],[135.436643947,34.847322619],[135.436388806,34.847086243],[135.43619379,34.847091741],[135.436001257,34.847117714],[135.43581435,34.847163816],[135.435309079,34.847265416],[135.435260307,34.847229402],[135.435253254,34.847224194],[135.434903048,34.846965594],[135.43468503,34.846813316],[135.434567178,34.846811237],[135.434457492,34.84677593],[135.434369186,34.846711524],[135.434115963,34.846472628],[135.433938397,34.846313955],[135.43377941,34.846142386],[135.433751568,34.846112427],[135.433746686,34.846074812],[135.433776458,34.846033753],[135.433832012,34.846020038],[135.434082821,34.84601841],[135.434329275,34.84598052],[135.434563885,34.845907509],[135.434779333,34.845801683],[135.43496513,34.845706447],[135.435124418,34.845582782],[135.43525105,34.845435626],[135.435178363,34.845343339],[135.435080034,34.845268781],[135.434962339,34.845216852],[135.434847523,34.845178637],[135.434734548,34.845136916],[135.434563026,34.84505724],[135.434407517,34.844957717],[135.434271243,34.844840532],[135.434160345,34.844744729],[135.43408015,34.844629959],[135.434000216,34.84450275],[135.433898204,34.844386706],[135.433776352,34.844284452],[135.433685699,34.844234278],[135.433577756,34.844221065],[135.433473327,34.844247444],[135.433392924,34.844308271],[135.43313097,34.844462378],[135.432847312,34.844587716],[135.432526301,34.844658015],[135.432449286,34.844663808],[135.432392118,34.844664748],[135.432321825,34.844655966],[135.43219445,34.84461185],[135.43198253,34.844523908],[135.431891884,34.844490879],[135.431787349,34.844473223],[135.431690326,34.844475786],[135.4315164,34.844482513],[135.431395488,34.844498538],[135.431591401,34.844349795],[135.431723879,34.844265554],[135.431890798,34.844165097],[135.431948932,34.844119217],[135.431968453,34.844059194],[135.431969236,34.844056783],[135.431963262,34.843945718],[135.431923989,34.843873777],[135.431852327,34.843830352],[135.431767618,34.84380814],[135.431678689,34.843809619],[135.431608912,34.843819842],[135.431538107,34.843822035],[135.431431571,34.843827127],[135.431329937,34.843854058],[135.431214764,34.843881015],[135.431096651,34.843865139],[135.431026259,34.843820187],[135.430975633,34.843759731],[135.4309496,34.843689564],[135.430954605,34.843604137],[135.430925144,34.843522145],[135.430864575,34.843452809],[135.430779602,34.843403732],[135.430593549,34.843339578],[135.430423909,34.84324972],[135.430391866,34.843175919],[135.430393761,34.84309759],[135.430429426,34.843025006],[135.430452221,34.84296337],[135.43043308,34.842900989],[135.430377659,34.842855656],[135.430301748,34.842840517],[135.430082177,34.842837417],[135.43002643,34.842826879],[135.430026156,34.842826788],[135.429990351,34.84278975],[135.429939935,34.842711717],[135.429863439,34.842649788],[135.429767944,34.842609495],[135.429524322,34.842616828],[135.42945702,34.842502837],[135.429415306,34.842380762],[135.429363907,34.842118921],[135.429328846,34.841855255],[135.429497421,34.841758234],[135.429522754,34.841655412],[135.429579392,34.841588878],[135.429595449,34.841508721],[135.429579335,34.841465465],[135.429533882,34.841440191],[135.429479207,34.841444082],[135.429450527,34.841445571],[135.429423147,34.841428033],[135.429415507,34.84142314],[135.429397707,34.841389702],[135.429380832,34.841300016],[135.429366932,34.841209983],[135.429339092,34.841102406],[135.429286585,34.841001194],[135.429254516,34.840917207],[135.429263956,34.840829537],[135.429347634,34.840751951],[135.429384488,34.84065269],[135.429381755,34.84052584],[135.429348704,34.84040192],[135.429269747,34.840186909],[135.429202715,34.839969248],[135.42917626,34.839817956],[135.429180563,34.839665085],[135.42921532,34.839514881],[135.429280684,34.839425941],[135.429298167,34.839322984],[135.429265653,34.839133981],[135.429198107,34.838951385],[135.429075374,34.838664681],[135.428976762,34.838371698],[135.429077203,34.838217474],[135.429141116,34.838050549],[135.428906117,34.837672099],[135.428886409,34.837614313],[135.428841919,34.837566867],[135.428796245,34.837546911],[135.428744678,34.837545858],[135.428605139,34.837578019],[135.428471897,34.837624811],[135.428411567,34.837638682],[135.428349485,34.837632441],[135.428290068,34.837604398],[135.428248997,34.837559221],[135.428232964,34.837504336],[135.428215347,34.837430333],[135.428170087,34.837364763],[135.428101903,34.83731442],[135.427760301,34.837134776],[135.42764175,34.836987369],[135.427487421,34.836864495],[135.427175221,34.836515699],[135.427056428,34.836480976],[135.427030571,34.836452187],[135.426996636,34.836429762],[135.426854277,34.836335611],[135.426746186,34.836214306],[135.426681059,34.836114207],[135.426390568,34.835782641],[135.426400359,34.835671354],[135.42637397,34.835601186],[135.42634252,34.835532526],[135.426336474,34.835519968],[135.427735064,34.835698537],[135.42784765,34.835708528],[135.427954943,34.835718048],[135.427969026,34.835547015],[135.42846124,34.835446653],[135.428941958,34.835313503],[135.429766855,34.835310872],[135.430702644,34.835312087],[135.430935166,34.835316597],[135.431161187,34.835361823],[135.431455733,34.835369168],[135.431476911,34.835369696],[135.431529316,34.835458826],[135.431587969,34.835545359],[135.431665945,34.835626946],[135.43176632,34.835689795],[135.43188264,34.835729731],[135.432007434,34.835744195],[135.432203128,34.835767012],[135.43238557,34.835829791],[135.432542785,34.835928513],[135.432664712,34.836056728],[135.43284287,34.836192948],[135.433047452,34.836300813],[135.433271997,34.836377039],[135.433509403,34.836419158],[135.433637065,34.836422095],[135.433759502,34.836452051],[135.433825611,34.836489678],[135.433870501,34.836544606],[135.43395916,34.836687001],[135.434069529,34.83681876],[135.434199919,34.836937369],[135.434257206,34.83697171],[135.434325454,34.836987442],[135.434395997,34.836982721],[135.434483344,34.836975103],[135.434569269,34.836989834],[135.434806708,34.837052868],[135.435048751,34.837096611],[135.435049582,34.837096761],[135.435050409,34.83709691],[135.435051861,34.837096326],[135.435229468,34.837024982],[135.435263167,34.837011445],[135.435445718,34.836887257],[135.435529412,34.836808097],[135.43559111,34.836749742],[135.435765902,34.836637777],[135.43583665,34.836608331],[135.435963394,34.836555577],[135.436176451,34.836506172],[135.436397011,34.836491508],[135.436711946,34.836403269],[135.437008559,34.836279068],[135.437280764,34.836121586],[135.437523249,34.835933849],[135.437673604,34.835792676],[135.437892224,34.836286597],[135.43801166,34.836662443],[135.438246435,34.837598556],[135.438326971,34.837789079],[135.438351703,34.837892051],[135.438425239,34.837977761],[135.43853489,34.838031175],[135.438661498,34.838042938],[135.438697621,34.838048062],[135.438728952,34.838067286],[135.438748274,34.838094664],[135.438781691,34.83812155],[135.438850901,34.838166742],[135.438900525,34.838195613],[135.438973481,34.838231639],[135.439033655,34.838261745],[135.439081195,34.838297887],[135.439133719,34.838350764],[135.439215431,34.8384429],[135.439360541,34.838596646],[135.439422581,34.838674264],[135.439482303,34.838751873],[135.439527101,34.838821156],[135.439554518,34.838878566],[135.439657246,34.839188959],[135.439681111,34.839580158],[135.439694749,34.839803722],[135.439984688,34.840230192],[135.440368349,34.840059298],[135.440510964,34.840282745],[135.440592216,34.840388781],[135.440637547,34.840437588],[135.440699991,34.840488043],[135.441022154,34.840708528],[135.4412843,34.840827824],[135.441327713,34.840840516],[135.441566539,34.840910341],[135.441861299,34.840954062],[135.442088152,34.840945186],[135.442312685,34.840973979],[135.442525601,34.841039229],[135.442718356,34.841138372],[135.442821913,34.841187156],[135.442937811,34.841210223],[135.443056967,34.84120599],[135.443281742,34.841171229],[135.443510302,34.841163898],[135.443737583,34.84118422],[135.443958919,34.841231746],[135.444123478,34.841288478],[135.444298213,34.841318124],[135.444476582,34.841319568],[135.444651968,34.841292783],[135.444957072,34.841260457],[135.44526474,34.84126276],[135.445569117,34.841299665],[135.445852838,34.841367627],[135.445864508,34.841370423],[135.445862912,34.841373338],[135.445811286,34.84146763],[135.445762734,34.84155332],[135.445757509,34.84164777],[135.44576738,34.841721556],[135.445769683,34.841795757],[135.44579128,34.841842723],[135.445862674,34.841967722],[135.445890617,34.842103971],[135.445869757,34.842149221],[135.445816146,34.84216908],[135.445745464,34.842166325],[135.445676019,34.84215501],[135.445456134,34.842119033],[135.445231933,34.842121528],[135.445013336,34.84216236],[135.444994875,34.842172824],[135.444985927,34.842189731],[135.444982997,34.842209189],[135.444980876,34.842228741],[135.444945955,34.842286908],[135.444956437,34.842351231],[135.445097386,34.842470858],[135.445263131,34.842566628],[135.445447712,34.842634989],[135.445514305,34.842668827],[135.445556508,34.842723107],[135.445565996,34.842787155],[135.445534424,34.842910333],[135.445472509,34.843025351],[135.445385724,34.843111578],[135.44526901,34.843168831],[135.445135761,34.843190581],[135.44492993,34.843195864],[135.444724185,34.843203131],[135.444601525,34.843205997],[135.444478893,34.843204897],[135.444334733,34.843211812],[135.44419893,34.843252119],[135.444082574,34.843322624],[135.443995358,34.843417514],[135.443967155,34.843495993],[135.443981307,34.843577009],[135.444032416,34.843674503],[135.44411275,34.843757536],[135.444216752,34.843820211],[135.4444764,34.843911633],[135.444752283,34.843961209],[135.444927648,34.843966335],[135.445100362,34.843991822],[135.445415613,34.844021202],[135.445732296,34.844037698],[135.445823665,34.844076877],[135.445893678,34.844139035],[135.445934279,34.844217107],[135.445960587,34.844369026],[135.445952792,34.844522422],[135.445957154,34.844612409],[135.445998343,34.844695892],[135.446071298,34.844762933],[135.446230955,34.844865704],[135.446391249,34.84496793],[135.446516373,34.845028627],[135.446614982,34.845116519],[135.446678655,34.845224085],[135.446702031,34.845342196],[135.446883064,34.845497532],[135.447094051,34.845624508],[135.447315426,34.84575001],[135.447517265,34.845896156],[135.447696794,34.846060862],[135.447773617,34.846130175],[135.447860867,34.846190421],[135.448040186,34.846280392],[135.448235183,34.846344381],[135.448413997,34.84642831],[135.448574808,34.846534063],[135.448713841,34.846659098],[135.448827704,34.846800336],[135.449063019,34.84701216],[135.449332178,34.847194578],[135.449675619,34.847312966],[135.450019605,34.847430272],[135.450215085,34.847572139],[135.450383354,34.847736068],[135.450520667,34.847918427],[135.450624246,34.848115498],[135.450723319,34.84821556],[135.450853801,34.848287185],[135.451004067,34.848323832],[135.451050099,34.848323431],[135.451160819,34.848322466],[135.451368595,34.848269767],[135.451585563,34.848258846],[135.451613467,34.848265594],[135.451649759,34.84827437],[135.451699202,34.848311372],[135.451788858,34.848426322],[135.451793187,34.848431873],[135.451920338,34.848529716],[135.452072653,34.848598824],[135.452081993,34.848603226],[135.452174239,34.8486467],[135.452255585,34.848716021],[135.45231021,34.848801275],[135.452481771,34.8491383],[135.452506855,34.849244066],[135.452489375,34.849350802],[135.45243138,34.84944727],[135.452365847,34.849551187],[135.452338753,34.849666183],[135.452352405,34.849782715],[135.452388357,34.849995575],[135.452396926,34.850046318],[135.452459508,34.850307398],[135.452495961,34.850713036],[135.452517337,34.850842217],[135.452562645,34.851116026],[135.452661556,34.851461367],[135.452769217,34.851804953],[135.452867673,34.852040942],[135.453003022,34.852264125],[135.453172831,34.852470686],[135.453342274,34.852678335],[135.453513988,34.852884732],[135.45446693,34.853172418],[135.454612885,34.853162818],[135.454663279,34.853159503],[135.454798831,34.853142992],[135.454858158,34.853135766],[135.455357465,34.853311352],[135.455631307,34.85337622],[135.455911342,34.85341921],[135.456000911,34.853445121],[135.456071001,34.853497808],[135.456110396,34.85356893],[135.456117958,34.85369472],[135.456071808,34.853814761],[135.455998344,34.85395921],[135.455956484,34.854111913],[135.45596496,34.85416676],[135.456005264,34.854210841],[135.456066898,34.854232662],[135.456123864,34.854234532],[135.456168613,34.854236],[135.456234681,34.854226676],[135.456268911,34.854221845],[135.456449238,34.854216068],[135.456624249,34.854252187],[135.456780141,34.854327162],[135.45707241,34.854512897],[135.457116079,34.854542993],[135.457355596,34.854708065],[135.457584365,34.854937065],[135.457616225,34.85496328],[135.457778518,34.855096821],[135.457839136,34.855146699],[135.458117231,34.855334992],[135.458192747,34.855413214],[135.45825374,34.855497344],[135.458254971,34.85549904],[135.458255166,34.855499308],[135.458255058,34.855499309],[135.458254451,34.855499313],[135.458260073,34.855514903],[135.458266853,34.855581981],[135.458267678,34.855614535],[135.458268754,34.855656925],[135.458275383,34.855733933],[135.458278675,34.8557467],[135.458291671,34.855797109],[135.458353515,34.855939443],[135.458357744,34.855949176],[135.458362328,34.855969363],[135.458371653,34.856010441],[135.458377133,34.856073264],[135.458387229,34.856189044],[135.458395613,34.8563765],[135.458399911,34.856437643],[135.458401734,34.856444375],[135.458411673,34.856481078],[135.458460897,34.85659687],[135.458487628,34.856649356],[135.458529348,34.856731271],[135.458678354,34.856992307],[135.458699513,34.857055505],[135.458705329,34.857098644],[135.458708557,34.857122593],[135.458708174,34.857181117],[135.458695181,34.857217205],[135.458691162,34.857228369],[135.458685061,34.857240046],[135.458657244,34.857293293],[135.458657016,34.857293597],[135.458589624,34.857383703],[135.458585514,34.857390653],[135.458560493,34.857394938],[135.458560537,34.857394879],[135.458441589,34.857415286],[135.458240176,34.857485327],[135.458118746,34.857447475],[135.457989467,34.857437526],[135.457914533,34.857490642],[135.457869318,34.857563098],[135.457860224,34.85764428],[135.457865304,34.85766684],[135.457889584,34.857678307],[135.458017875,34.857687171],[135.458130479,34.857805313],[135.458195311,34.857945689],[135.458275681,34.85813832],[135.458314502,34.858339521],[135.458310731,34.858543236],[135.458264507,34.858743328],[135.45839118,34.858999908],[135.458483328,34.859266251],[135.458539726,34.859539367],[135.458486913,34.859945875],[135.458477448,34.860176991],[135.458315278,34.860145126],[135.458192867,34.860133042],[135.45818873,34.860163493],[135.458168317,34.860307729],[135.458200034,34.860674593],[135.458278706,34.860802232],[135.458501402,34.860932226],[135.45918176,34.860955172],[135.459189557,34.860990534],[135.459252915,34.861186043],[135.459281164,34.861243356],[135.459319106,34.861294797],[135.459361992,34.861328511],[135.459019032,34.861828998],[135.458914767,34.86196298],[135.45883378,34.862044261],[135.458810738,34.862067385],[135.458703014,34.862135785],[135.458575512,34.862184376],[135.45843219,34.862241067],[135.458372229,34.862276859],[135.458312289,34.862329061],[135.457536394,34.863170105],[135.457484357,34.863235512],[135.457448167,34.863300919],[135.457417481,34.863383503],[135.457411721,34.863399004],[135.457372757,34.863515776],[135.457354936,34.863569187],[135.457335427,34.863619242],[135.457330688,34.863631407],[135.457286618,34.863680299],[135.457206832,34.863722623],[135.457115171,34.863758131],[135.456944817,34.863832024],[135.456849074,34.863890686],[135.45676117,34.863952481],[135.456685248,34.864024261],[135.456597085,34.864125424],[135.456544852,34.864213719],[135.45650046,34.864287846],[135.456480746,34.864320764],[135.456448047,34.864402816],[135.456440347,34.86442214],[135.456403962,34.864517127],[135.456371292,34.864644808],[135.456344012,34.864765949],[135.456334451,34.864808388],[135.455779599,34.864776397],[135.455568956,34.864772145],[135.45529459,34.864784085],[135.455155357,34.864803181],[135.455015993,34.864835306],[135.454789002,34.864912957],[135.454567566,34.865003309],[135.454440121,34.865042037],[135.454253078,34.865074017],[135.454149062,34.865098554],[135.454062061,34.865119078],[135.45372456,34.865222937],[135.453631895,34.865251453],[135.453314944,34.86516481],[135.453215573,34.865157814],[135.45310022,34.865170323],[135.452993132,34.865199281],[135.45266747,34.86531198],[135.452348593,34.86545147],[135.451838239,34.865704825],[135.45135625,34.865734105],[135.451294312,34.865737868],[135.450971175,34.865913394],[135.450811765,34.865984793],[135.450504607,34.866108697],[135.450459101,34.866141633],[135.45045558,34.866144182],[135.450450362,34.866148883],[135.450405162,34.866189592],[135.450386218,34.866209893],[135.450372113,34.866225009],[135.450343238,34.866263965],[135.450338918,34.866269791],[135.450305699,34.866330914],[135.45026606,34.866451378],[135.450263204,34.866456573],[135.450262082,34.866458614],[135.450246216,34.866484906],[135.450230674,34.866510659],[135.450223051,34.866522232],[135.450211986,34.866539028],[135.450205606,34.866543345],[135.45018542,34.866557007],[135.450168091,34.866563735],[135.450156549,34.866568216],[135.450098244,34.86657253],[135.449960094,34.866575707],[135.449912921,34.866576481],[135.449874874,34.866592437],[135.449772295,34.866656203],[135.449682449,34.866705429],[135.449634861,34.866731503],[135.449633448,34.866732502],[135.449521534,34.86681163],[135.449472961,34.86684937],[135.449427657,34.866926417],[135.449425381,34.866930288],[135.449381138,34.867004108],[135.449377458,34.867007502],[135.449345286,34.867037186],[135.449310985,34.867056612],[135.449289146,34.867068977],[135.449230235,34.867099982],[135.449194147,34.867116737],[135.44908242,34.867168612],[135.449011959,34.867208156],[135.448982109,34.867238023],[135.44894364,34.867297208],[135.448941487,34.86730052],[135.448936392,34.867310197],[135.44888666,34.867404645],[135.448841317,34.867495996],[135.448825269,34.867527662],[135.448794775,34.867587835],[135.448789901,34.867597592],[135.44878653,34.867604341]],[[135.447944028,34.865875913],[135.448519507,34.866157195],[135.448683073,34.865979586],[135.448823494,34.865891051],[135.449124083,34.865457687],[135.449238309,34.865238983],[135.448861784,34.864884296],[135.448678169,34.864686536],[135.448575362,34.864521805],[135.448500027,34.864320818],[135.44832313,34.864468642],[135.448201296,34.864475521],[135.447998304,34.864478313],[135.447758531,34.86458498],[135.447428206,34.864743248],[135.447319506,34.864809635],[135.447201666,34.864894557],[135.447092518,34.865027824],[135.447064537,34.865165174],[135.447095463,34.865261922],[135.447212141,34.865351625],[135.447320016,34.86540785],[135.447495798,34.865427226],[135.4476355,34.86544644],[135.447770465,34.86549907],[135.448076108,34.865660228],[135.447944028,34.865875913]]]}},{"type":"Feature","properties":{"petiteau_class":"forest","source":"plateau_luse","source_file":"523523_luse_6697_op.gml","mesh_id":"523523","gml_id":"luse_38db68ed-18e2-46db-afdb-fa3d3fd3fc32","luse_class":"203","landuse_name":"山林","function":null,"usage":null,"orgLandUse":"06","areaClassificationType":null},"geometry":{"type":"Polygon","coordinates":[[[135.442002509,34.87419448],[135.44199564,34.8741987],[135.441922745,34.874243484],[135.44189023,34.874281225],[135.441867863,34.874372678],[135.441807734,34.874595377],[135.44176468,34.874713217],[135.441759327,34.874724071],[135.44173197,34.87477955],[135.441708176,34.874810976],[135.441673939,34.874856191],[135.441617233,34.874894877],[135.441390354,34.874994195],[135.441331455,34.875015827],[135.441284284,34.87501554],[135.441239347,34.875013432],[135.441188329,34.874975448],[135.440975234,34.874812202],[135.440935963,34.87478277],[135.44092966,34.874778047],[135.44084535,34.874714656],[135.440765859,34.874654889],[135.440661487,34.874589898],[135.440629726,34.87457729],[135.440622537,34.874574436],[135.440610513,34.874570824],[135.440588722,34.874564279],[135.440255342,34.874496332],[135.440127819,34.874383357],[135.440056438,34.87432012],[135.440026291,34.87429927],[135.439948797,34.874245675],[135.439819032,34.874201341],[135.439736919,34.874193498],[135.43953674,34.87418018],[135.439501075,34.874174509],[135.439525735,34.874142429],[135.439576438,34.874114536],[135.439636493,34.87410607],[135.43980458,34.874101709],[135.439972816,34.87410456],[135.440229453,34.8741208],[135.440484377,34.874149653],[135.44070092,34.874171568],[135.440918927,34.874177623],[135.441180357,34.874164404],[135.441439831,34.874134679],[135.441546253,34.87411164],[135.441638426,34.874062122],[135.441706832,34.873991128],[135.441720998,34.873898339],[135.441684326,34.873809823],[135.441650606,34.873767207],[135.441610724,34.873728258],[135.441563292,34.873697839],[135.441507122,34.873680092],[135.44142859,34.873659807],[135.441355368,34.873629007],[135.441312707,34.873601586],[135.441277933,34.873567529],[135.441213236,34.873502232],[135.441135659,34.873447424],[135.441090685,34.873428826],[135.441041024,34.873422377],[135.440939299,34.873417311],[135.440838714,34.873403684],[135.440793962,34.873391128],[135.440759499,34.873364554],[135.440713441,34.873318635],[135.44065604,34.873282491],[135.440532235,34.873207006],[135.440428582,34.873113222],[135.440373218,34.873042739],[135.440329703,34.872966911],[135.440291333,34.872890378],[135.440250081,34.872814912],[135.440220518,34.872744819],[135.440216412,34.872670697],[135.440238009,34.872598677],[135.440353443,34.872483277],[135.440497847,34.872392801],[135.440542087,34.872348029],[135.440541755,34.872290332],[135.440497033,34.872245862],[135.440423726,34.872227946],[135.440347322,34.872227954],[135.440296705,34.872229072],[135.440249264,34.872214699],[135.439990462,34.872064667],[135.439760372,34.871885739],[135.439698499,34.871844886],[135.439623221,34.871823984],[135.439499662,34.871793483],[135.439391614,34.871735388],[135.439307905,34.871654497],[135.439275687,34.871603413],[135.439265792,34.871546393],[135.43928276,34.871411518],[135.439315325,34.871278607],[135.439311509,34.871095504],[135.439301108,34.871046775],[135.439281486,34.870999897],[135.439246538,34.870910938],[135.439215755,34.870821007],[135.439177784,34.870647113],[135.439173477,34.870470409],[135.439182349,34.870452419],[135.439195986,34.870436616],[135.439228074,34.870400074],[135.439249912,34.870358706],[135.439264636,34.870303332],[135.439267808,34.870246731],[135.439263492,34.870178108],[135.439256748,34.870109563],[135.439266203,34.870044159],[135.439307634,34.869987825],[135.439398162,34.869939923],[135.439505296,34.869932214],[135.439527925,34.869933762],[135.439549903,34.8699381],[135.439570652,34.869938195],[135.439587673,34.869928358],[135.4395999,34.869909032],[135.43960347,34.869887412],[135.439598491,34.869836104],[135.439588827,34.869785216],[135.439587112,34.869692715],[135.439628819,34.869606817],[135.439807599,34.869409046],[135.440022821,34.869237684],[135.440154519,34.869157157],[135.440296249,34.869089298],[135.440417767,34.869047309],[135.440541246,34.869009563],[135.44062743,34.86899085],[135.440714226,34.86897394],[135.440802429,34.86896389],[135.440886399,34.868939575],[135.440957794,34.868906279],[135.441022662,34.86886484],[135.441073575,34.868819549],[135.441111006,34.868765903],[135.441115044,34.86871697],[135.441080674,34.868676786],[135.441000997,34.868625946],[135.440926782,34.868569713],[135.440836799,34.868496549],[135.440745627,34.868424461],[135.440640489,34.868352399],[135.440525156,34.86829201],[135.440426772,34.868235304],[135.440345537,34.86816254],[135.44022096,34.868029449],[135.440089672,34.867900752],[135.439941293,34.867753307],[135.439803143,34.867599238],[135.439665483,34.867453824],[135.439509511,34.867321678],[135.43938529,34.867215451],[135.439277127,34.867097849],[135.438983701,34.866775928],[135.438649496,34.866482313],[135.438536885,34.866382269],[135.438422635,34.866283479],[135.438353466,34.866240249],[135.438271632,34.866216252],[135.438143688,34.866207907],[135.438017196,34.866226073],[135.437900176,34.866269704],[135.437800142,34.866335952],[135.437753758,34.866392169],[135.437720678,34.866454309],[135.43766768,34.866527714],[135.437594841,34.866588408],[135.437506405,34.866632891],[135.43739787,34.866662588],[135.437284324,34.86667288],[135.437228153,34.86666466],[135.437219442,34.866663385],[135.437162713,34.866635627],[135.437102154,34.866599827],[135.437034495,34.866574273],[135.436967272,34.866564857],[135.436900099,34.86657392],[135.43672746,34.866637126],[135.436567691,34.866720132],[135.43642403,34.866821144],[135.436272935,34.866913566],[135.436107279,34.866987349],[135.435974303,34.867014137],[135.435837435,34.86701864],[135.435733849,34.866984713],[135.435654268,34.866920338],[135.435585763,34.866847091],[135.435514632,34.866775543],[135.43544218,34.866724643],[135.435353883,34.866695655],[135.435341389,34.866689828],[135.435334964,34.866679251],[135.435324539,34.866541366],[135.435348748,34.866404544],[135.435406364,34.866274819],[135.435389188,34.866002681],[135.435199699,34.865959431],[135.435003073,34.865957074],[135.434839352,34.865970015],[135.434675215,34.865978176],[135.434553449,34.865991223],[135.43443616,34.866021238],[135.434380844,34.866051181],[135.434343186,34.86609608],[135.434328932,34.866149372],[135.434326669,34.866176497],[135.43432153,34.866203427],[135.434293972,34.866262255],[135.434244218,34.866310163],[135.434177789,34.866341587],[135.4340889,34.866386608],[135.434028082,34.86645646],[135.434004781,34.86654028],[135.433980308,34.866582896],[135.433945871,34.866620597],[135.43390886,34.866636563],[135.433867958,34.866629521],[135.433593958,34.866491582],[135.433588355,34.866388156],[135.433533156,34.866295138],[135.433437366,34.866228163],[135.433246606,34.866225291],[135.433060192,34.86625868],[135.432828023,34.866335847],[135.432828029,34.866335874],[135.432827997,34.866335885],[135.43280308,34.866231799],[135.432782478,34.866108806],[135.432782249,34.86610523],[135.432782092,34.866102748],[135.432782122,34.866098244],[135.432791077,34.866051165],[135.432793684,34.866038571],[135.432794153,34.866032516],[135.43279394,34.866028359],[135.432793889,34.866027374],[135.432779888,34.865913567],[135.432704785,34.865741142],[135.432692653,34.865713286],[135.432677096,34.865673486],[135.432639372,34.865576971],[135.432582674,34.86546127],[135.432447454,34.865185341],[135.432323722,34.864918686],[135.432308588,34.864864033],[135.432307324,34.864859412],[135.432301997,34.864839939],[135.43304468,34.864796887],[135.43325887,34.864432785],[135.433545919,34.864401397],[135.433709269,34.864766819],[135.433829071,34.865034822],[135.434045331,34.865026812],[135.43410839,34.86482906],[135.434769312,34.864708838],[135.43477382,34.864708018],[135.434819764,34.86459789],[135.434846856,34.864539962],[135.435092701,34.864573558],[135.435496195,34.86462294],[135.43591477,34.864696732],[135.436326976,34.864791858],[135.436364931,34.86480745],[135.436401249,34.864825737],[135.436448933,34.864858232],[135.436498148,34.864889101],[135.436566961,34.864917006],[135.436641004,34.864933305],[135.436992803,34.864971085],[135.437346721,34.864990033],[135.43736949,34.864996629],[135.437388624,34.865008797],[135.43739001,34.865030259],[135.437382389,34.865050777],[135.437349421,34.865162498],[135.437344222,34.865277324],[135.437487674,34.865246886],[135.437618587,34.865189707],[135.437729632,34.865108998],[135.437790794,34.865041039],[135.438567987,34.864826663],[135.438664834,34.86477843],[135.43873307,34.864704103],[135.438763276,34.864614184],[135.438773689,34.864594671],[135.438796572,34.86458459],[135.438942872,34.864531987],[135.43908856,34.86447803],[135.439213852,34.864410546],[135.439325268,34.864328124],[135.439398956,34.86435623],[135.439443981,34.864381048],[135.439549778,34.864527937],[135.439681575,34.8646598],[135.43969956,34.864707661],[135.439720087,34.864754814],[135.439776037,34.86485757],[135.439845378,34.86495461],[135.439887754,34.864984554],[135.439942716,34.86499211],[135.440409709,34.864950358],[135.440727917,34.864927213],[135.440753903,34.864912819],[135.440768755,34.864890088],[135.440810661,34.864709353],[135.440822269,34.864525596],[135.440826448,34.864507585],[135.440838822,34.864492316],[135.440889394,34.864457031],[135.440945423,34.864427991],[135.441042974,34.864382013],[135.44113685,34.864331241],[135.441208951,34.864274057],[135.441256252,34.864201353],[135.441281567,34.864099783],[135.441273328,34.863996435],[135.441232045,34.863898435],[135.441154548,34.863766462],[135.441082754,34.86363227],[135.44106376,34.863546],[135.441090581,34.863461114],[135.441311109,34.863116049],[135.441541963,34.862775637],[135.441577332,34.86258721],[135.441622334,34.862420742],[135.441643112,34.862343881],[135.441673895,34.86228795],[135.441803507,34.862124747],[135.441846641,34.861934159],[135.441888479,34.861735131],[135.441898455,34.861687939],[135.44194962,34.861242754],[135.441972384,34.860795916],[135.441966562,34.860348676],[135.441805271,34.860296552],[135.441744685,34.860260997],[135.441664224,34.86021378],[135.441551675,34.860105266],[135.441474419,34.859977443],[135.441479577,34.859681341],[135.4414518,34.85938607],[135.441305993,34.859247213],[135.441140776,34.859124124],[135.440958481,34.859018535],[135.440998777,34.858954264],[135.441005039,34.858882085],[135.44085336,34.858798362],[135.440711126,34.858703954],[135.440697452,34.858618621],[135.440566192,34.858609363],[135.440528159,34.858578087],[135.440494871,34.858573129],[135.440455713,34.858567297],[135.440382986,34.858557677],[135.440310741,34.858544544],[135.440241341,34.858523401],[135.440165257,34.858478157],[135.440116995,34.858411856],[135.440106372,34.858368628],[135.440110378,34.858324653],[135.440137282,34.858199923],[135.440153018,34.858073878],[135.440210081,34.857437078],[135.440279416,34.856801236],[135.439923961,34.856775441],[135.439567411,34.856764161],[135.439230583,34.85674449],[135.438898558,34.856693648],[135.438708742,34.856635349],[135.438540343,34.856542622],[135.438261031,34.856367707],[135.437960163,34.856219018],[135.437641344,34.856098469],[135.437631356,34.856081295],[135.437646338,34.85606676],[135.437785049,34.856053879],[135.437920421,34.856081909],[135.438083681,34.856119714],[135.438242631,34.856168577],[135.438463407,34.856237929],[135.438694566,34.856277668],[135.438930535,34.85628696],[135.439108088,34.856253614],[135.439265617,34.856178345],[135.439389207,34.856068132],[135.439464098,34.855917751],[135.439486023,34.855756217],[135.439454517,34.855601118],[135.43945347,34.855595965],[135.439451648,34.855590852],[135.439414341,34.855486174],[135.439336967,34.855391164],[135.439190842,34.855326485],[135.439033574,34.85528285],[135.438869758,34.855261361],[135.438058283,34.855158004],[135.437511186,34.855090028],[135.43737244,34.855652348],[135.437258731,34.85575486],[135.437333465,34.855813261],[135.437380941,34.855888573],[135.43738591,34.85593926],[135.437363051,34.855986391],[135.437316913,34.856020163],[135.437187327,34.85609655],[135.437084719,34.856197211],[135.43701573,34.856315616],[135.436984549,34.856444472],[135.436983462,34.856459612],[135.43696912,34.856458644],[135.436903407,34.856453653],[135.436808274,34.856463399],[135.436743548,34.85649699],[135.436727182,34.856505482],[135.436652047,34.856584825],[135.436603171,34.856676999],[135.436588223,34.856742561],[135.436557798,34.856876007],[135.436561201,34.857078492],[135.43661343,34.857276337],[135.436625764,34.857383527],[135.436625863,34.857384382],[135.436661679,34.857488758],[135.436683565,34.857533483],[135.436707347,34.857577494],[135.436715452,34.857633604],[135.43668174,34.857682759],[135.436603458,34.857748834],[135.436534676,34.857821806],[135.436476539,34.85791015],[135.436442232,34.858006531],[135.436433261,34.858106732],[135.436475104,34.858174086],[135.436533786,34.858232323],[135.436597155,34.858342596],[135.436622224,34.858462788],[135.436609911,34.858560287],[135.436607069,34.858582794],[135.436606886,34.858584146],[135.436588201,34.858602781],[135.436472848,34.858717835],[135.436314761,34.858832311],[135.436136635,34.858924696],[135.436041407,34.858960855],[135.435936515,34.858959377],[135.435842803,34.85892063],[135.435778778,34.858852272],[135.435725193,34.858760253],[135.435649628,34.858679312],[135.43555537,34.858613165],[135.435482064,34.858597229],[135.435409424,34.858614921],[135.435358419,34.858661102],[135.435281739,34.858820937],[135.435240912,34.858989503],[135.4352373,34.859161397],[135.435250253,34.859226493],[135.435271053,34.859331022],[135.435301454,34.859461335],[135.435285405,34.859593507],[135.435224046,34.859716272],[135.435122685,34.859819381],[135.434640358,34.859839496],[135.434648813,34.859829799],[135.434666371,34.859675279],[135.434638285,34.859521718],[135.434572746,34.859463449],[135.434491872,34.859420073],[135.434375978,34.859378608],[135.434256155,34.859345509],[135.434086134,34.859318756],[135.433913147,34.859318133],[135.433804769,34.859285896],[135.43371998,34.859221597],[135.433632226,34.859140237],[135.433551823,34.859053862],[135.433506273,34.859028229],[135.433451403,34.859033202],[135.433298194,34.859094331],[135.43314346,34.859152656],[135.433095888,34.859144676],[135.433090403,34.859143756],[135.433050286,34.85911373],[135.432987726,34.859042402],[135.432915476,34.858977521],[135.432897927,34.8589723],[135.432879599,34.858975281],[135.432769061,34.859007849],[135.432652364,34.859018214],[135.432517724,34.858910132],[135.432746452,34.858674561],[135.432805198,34.858611793],[135.432902276,34.858508073],[135.433075153,34.858353554],[135.433080622,34.858292729],[135.4330412,34.858241162],[135.4329343,34.858191354],[135.432821369,34.858151794],[135.432710408,34.858142713],[135.432719941,34.857975453],[135.432522245,34.85788141],[135.43233693,34.857771559],[135.432302545,34.857617066],[135.432275734,34.857461617],[135.432076367,34.857375588],[135.431864658,34.857312859],[135.431716298,34.857287107],[135.431716244,34.857268068],[135.431716188,34.857248137],[135.431714981,34.857068406],[135.431714942,34.857062694],[135.431711039,34.857020586],[135.431707307,34.856980329],[135.431688727,34.856899038],[135.431649554,34.856824412],[135.431612937,34.856775646],[135.431553224,34.856712192],[135.431450029,34.856592124],[135.431382177,34.856519618],[135.431296829,34.856382236],[135.431254667,34.856302814],[135.431252378,34.856298501],[135.43121131,34.856237506],[135.431450721,34.856110804],[135.431567405,34.856047444],[135.431703945,34.85602284],[135.431842101,34.856040162],[135.43204095,34.856173959],[135.432237456,34.856310006],[135.432607536,34.856345807],[135.432675092,34.856359464],[135.432508512,34.856383838],[135.432345733,34.856421753],[135.432352156,34.856470732],[135.432371323,34.856517428],[135.432400233,34.856588418],[135.432409292,34.856662832],[135.432405902,34.856736286],[135.432397909,34.85680944],[135.432385975,34.856865726],[135.432366209,34.856920534],[135.432352802,34.856955628],[135.432342812,34.856991551],[135.432343672,34.857051232],[135.432372342,34.857106175],[135.432424364,34.857147705],[135.432508648,34.857151286],[135.432772314,34.857162488],[135.432823842,34.857159934],[135.432852189,34.857155018],[135.432870623,34.857136533],[135.432921573,34.856980095],[135.432938557,34.85681872],[135.432920895,34.856657464],[135.432832246,34.856524984],[135.432755531,34.856387514],[135.432834464,34.856359395],[135.432911428,34.856327841],[135.432987343,34.856293037],[135.433061644,34.856255972],[135.433192538,34.856199969],[135.433332948,34.856162851],[135.433452443,34.856150335],[135.43355771,34.856149293],[135.433655202,34.8561639],[135.433693461,34.856174265],[135.43373181,34.856184449],[135.43380878,34.856179308],[135.433879664,34.856154216],[135.433945286,34.856119634],[135.434016983,34.856081034],[135.434085011,34.85603853],[135.434151937,34.855998906],[135.434242444,34.855939469],[135.434290043,34.855863336],[135.434286023,34.855777857],[135.434353065,34.855733726],[135.434538475,34.855671033],[135.434734611,34.855637328],[135.434934949,34.855633661],[135.434982127,34.855639989],[135.435132654,34.855660182],[135.435273332,34.855649204],[135.435413756,34.855637056],[135.435525091,34.855724113],[135.435580065,34.855703274],[135.435630406,34.855675652],[135.436048693,34.855386876],[135.436433666,34.85507597],[135.436438479,34.855072084],[135.436439366,34.85507006],[135.436471094,34.854997593],[135.436452594,34.854919981],[135.436388242,34.854861186],[135.436313379,34.854807653],[135.436368899,34.854761213],[135.436392262,34.854760601],[135.436415525,34.85476197],[135.436428977,34.854761315],[135.436444207,34.854760571],[135.436471414,34.854752764],[135.436694266,34.854647962],[135.436938671,34.854583556],[135.437193957,34.854562561],[135.437449041,34.854585646],[135.437659471,34.854610959],[135.437872212,34.854613024],[135.438083319,34.854591822],[135.438126086,34.854642321],[135.438510294,34.854656715],[135.438510406,34.854668165],[135.438510724,34.854700565],[135.438784656,34.85471534],[135.439159468,34.854734602],[135.43979745,34.854786436],[135.439810174,34.854780332],[135.43984567,34.854754893],[135.439871305,34.854732204],[135.439880238,34.854724198],[135.439897931,34.854708347],[135.439922575,34.854689815],[135.439985247,34.854781696],[135.440081965,34.854923663],[135.440121882,34.855022108],[135.44015083,34.855088319],[135.4401863,34.855152307],[135.440352355,34.855337692],[135.440503132,34.85548767],[135.440688102,34.855608949],[135.440899473,34.855696372],[135.441020856,34.855737676],[135.441076881,34.855962852],[135.44127229,34.856597207],[135.441457211,34.857233678],[135.441530377,34.857499219],[135.441600291,34.857765385],[135.441630707,34.857855672],[135.441674493,34.857942055],[135.441699684,34.858032218],[135.441673279,34.858122064],[135.441652643,34.858146129],[135.44162447,34.8581643],[135.441662921,34.858216126],[135.441663529,34.858216945],[135.441672353,34.858210422],[135.441745325,34.858156477],[135.44176424,34.858142495],[135.442032686,34.85801843],[135.442272915,34.857932544],[135.442293344,34.857925241],[135.442334044,34.858042971],[135.442383101,34.858132936],[135.442396581,34.858157655],[135.442406863,34.858169098],[135.442505143,34.858278468],[135.442544465,34.858318133],[135.442593558,34.858352254],[135.442676772,34.85838644],[135.442716153,34.858398713],[135.442761897,34.85850198],[135.442815501,34.858739937],[135.442828848,34.858766862],[135.442857772,34.858783401],[135.443019016,34.8588275],[135.443155377,34.858911061],[135.443253099,34.859025635],[135.443464629,34.859129733],[135.443697611,34.859195795],[135.443942144,34.859220893],[135.444150921,34.859223921],[135.444359805,34.859225958],[135.444532744,34.859235311],[135.444702658,34.859263761],[135.444929048,34.859318154],[135.444986993,34.859338882],[135.444249596,34.860581248],[135.444582033,34.861567441],[135.444582284,34.861569155],[135.4446928,34.8623333],[135.445206202,34.862551361],[135.445463059,34.862542255],[135.446232079,34.862816117],[135.446328298,34.862900123],[135.446395003,34.863001754],[135.446414903,34.863070109],[135.446427719,34.863114129],[135.446611828,34.863112895],[135.446607077,34.86302688],[135.446635954,34.862944255],[135.446695508,34.862873489],[135.447151085,34.862794428],[135.4472089,34.862916933],[135.447280304,34.863126121],[135.447309258,34.863342158],[135.447294052,34.863485426],[135.447228853,34.863618731],[135.447119416,34.863730639],[135.446975187,34.863811478],[135.446848967,34.863855077],[135.446720096,34.863892893],[135.446471832,34.863950899],[135.446219865,34.86399681],[135.445882505,34.864010958],[135.445650997,34.86399789],[135.445545466,34.863991932],[135.445213602,34.863939934],[135.444882783,34.863852692],[135.44458407,34.863753336],[135.444324871,34.863654259],[135.444004357,34.863484034],[135.44389832,34.863424142],[135.443788014,34.863369819],[135.443631875,34.863301853],[135.443465144,34.863254213],[135.443291598,34.863227996],[135.443008711,34.863230216],[135.442754927,34.863265021],[135.442508094,34.863324739],[135.442439473,34.863390233],[135.442391958,34.863467453],[135.442363375,34.863599839],[135.44234948,34.863733817],[135.442340639,34.863882522],[135.442358945,34.86403063],[135.442404065,34.864174804],[135.442493225,34.864275457],[135.442620231,34.864343102],[135.442758559,34.864415224],[135.442878633,34.864506914],[135.443065018,34.864650924],[135.443201164,34.864753506],[135.443300883,34.864881433],[135.44335755,34.865026192],[135.443396141,34.865136259],[135.443478237,34.865228858],[135.443593897,34.86529249],[135.443802999,34.865384588],[135.443991628,34.865503004],[135.444100109,34.86557552],[135.444183022,34.865639364],[135.444274934,34.865694054],[135.444424522,34.865757752],[135.444566811,34.865831964],[135.444645746,34.865885783],[135.444737587,34.865923074],[135.444832912,34.865940276],[135.444923931,34.865933686],[135.444930104,34.865933239],[135.445013466,34.865917122],[135.44509906,34.865918955],[135.445205541,34.865954058],[135.44529026,34.86601782],[135.445342109,34.866102166],[135.445430053,34.866385443],[135.445495845,34.866623646],[135.445536108,34.866713257],[135.445608046,34.866788138],[135.445704566,34.866840945],[135.44587251,34.866857127],[135.446040819,34.866845094],[135.44624601,34.866795276],[135.446436904,34.866750539],[135.446725274,34.866698936],[135.446906648,34.866676144],[135.447050502,34.866665529],[135.447195014,34.866664384],[135.447299595,34.866673061],[135.447390689,34.866716385],[135.447452007,34.866786797],[135.447472823,34.866871802],[135.447467764,34.866967878],[135.447469737,34.867064075],[135.447465895,34.867166287],[135.447473429,34.867268279],[135.447499293,34.867393612],[135.44752335,34.867519199],[135.447562136,34.86760123],[135.44763677,34.867664221],[135.447768683,34.867712686],[135.447909322,34.867740097],[135.448158319,34.867762858],[135.448465081,34.867767039],[135.448594608,34.867755004],[135.448715744,34.867715344],[135.448782813,34.867689699],[135.448863005,34.867716112],[135.448951975,34.86775175],[135.448968639,34.867758425],[135.449035054,34.867800419],[135.449057779,34.867820312],[135.449084015,34.867858321],[135.449095126,34.867879612],[135.44910785,34.867903996],[135.449113421,34.867926429],[135.449120125,34.867953422],[135.449118471,34.867995648],[135.449116004,34.868058693],[135.449097099,34.868212211],[135.449084339,34.868315824],[135.449063574,34.86849518],[135.449017618,34.86865928],[135.44897219,34.868750489],[135.448897814,34.868864106],[135.448829446,34.868929223],[135.448729334,34.869000535],[135.44852831,34.869153932],[135.448528213,34.869153943],[135.447855836,34.869231186],[135.447784743,34.869239354],[135.447769297,34.869241128],[135.447703303,34.869282775],[135.447702705,34.869283152],[135.447488632,34.86940057],[135.447315632,34.869497539],[135.44731065,34.869500332],[135.447258688,34.869532823],[135.447186867,34.869577733],[135.447175125,34.869587195],[135.447103615,34.869644825],[135.44702256,34.869715588],[135.446859533,34.869885282],[135.446758845,34.869990959],[135.446672594,34.870088869],[135.446661458,34.87010151],[135.446622807,34.870153365],[135.446530563,34.870277126],[135.446432794,34.870438031],[135.446341187,34.870578329],[135.446259549,34.870742195],[135.446211446,34.870846371],[135.446173227,34.870929141],[135.446105515,34.871074054],[135.446063832,34.87116863],[135.446042474,34.871217089],[135.446013235,34.87127289],[135.445995167,34.871307373],[135.445903238,34.871463586],[135.445834553,34.871575324],[135.445798755,34.871629547],[135.445764926,34.871680789],[135.445667378,34.871808452],[135.445585145,34.871903818],[135.445582931,34.871906386],[135.44557985,34.871909548],[135.445547006,34.871943267],[135.445449783,34.872022477],[135.445395822,34.872053706],[135.445383254,34.872060979],[135.445369432,34.872067016],[135.445340486,34.872079659],[135.445201023,34.87211797],[135.444917233,34.872186163],[135.444752042,34.872225858],[135.444543302,34.872278994],[135.444344465,34.872327385],[135.444244196,34.872350731],[135.444146202,34.872366411],[135.444130836,34.872367394],[135.444078365,34.872370749],[135.443990924,34.872360912],[135.443860177,34.872335594],[135.443800887,34.87231842],[135.443767042,34.872308617],[135.443727173,34.872303023],[135.443696991,34.872298789],[135.443684335,34.872303516],[135.443669234,34.872309154],[135.443658044,34.872319851],[135.443642614,34.872334599],[135.443557781,34.872502322],[135.443493385,34.872661546],[135.443437169,34.872837217],[135.443389023,34.87296898],[135.443325977,34.873111941],[135.443297423,34.873171547],[135.443293256,34.873180247],[135.443237693,34.873277747],[135.443222824,34.873297794],[135.443166846,34.873373275],[135.443013584,34.873581886],[135.442953164,34.87367084],[135.442927099,34.873748907],[135.44291675,34.873779907],[135.442894946,34.873865633],[135.442880232,34.873923483],[135.442865145,34.87395567],[135.442707291,34.87397685],[135.442628238,34.874002898],[135.442476963,34.874069602],[135.442474891,34.874070361],[135.442359289,34.874112729],[135.442314239,34.874127665],[135.44210626,34.874168404],[135.442002509,34.87419448]]]}},{"type":"Feature","properties":{"petiteau_class":"forest","source":"plateau_luse","source_file":"523523_luse_6697_op.gml","mesh_id":"523523","gml_id":"luse_eaa3e378-c46d-42b8-aeeb-a1061f4d276e","luse_class":"203","landuse_name":"山林","function":null,"usage":null,"orgLandUse":"06","areaClassificationType":null},"geometry":{"type":"Polygon","coordinates":[[[135.437875609,34.874254405],[135.438110063,34.874269194],[135.43834493,34.874276234],[135.438433576,34.874280972],[135.438484196,34.874287782],[135.438487055,34.874295417],[135.438490299,34.874333392],[135.438481919,34.874372294],[135.438426169,34.87448353],[135.438407261,34.874543236],[135.438403151,34.874559277],[135.438400195,34.874570811],[135.438409187,34.874599306],[135.438426242,34.874629809],[135.438444386,34.874648395],[135.438445713,34.874649752],[135.438526052,34.874687106],[135.438732362,34.874766655],[135.438781597,34.874796392],[135.438797668,34.874814496],[135.43883544,34.87484594],[135.438853599,34.874877435],[135.438874796,34.874927325],[135.43887742,34.874948369],[135.438879172,34.874962419],[135.438876906,34.874975434],[135.43887437,34.874990005],[135.438850921,34.875057788],[135.438833226,34.875093623],[135.438796201,34.8751686],[135.438767024,34.875224452],[135.438767027,34.875225828],[135.438767106,34.87524974],[135.438780261,34.87527565],[135.438784058,34.875283131],[135.438817236,34.875323991],[135.438947645,34.87543101],[135.439024043,34.87551426],[135.43905169,34.875544385],[135.439075655,34.875576822],[135.439082104,34.875608686],[135.439086347,34.875657089],[135.439080117,34.875725023],[135.43907431,34.875743314],[135.439068371,34.875762014],[135.439065106,34.875769969],[135.439056683,34.875790484],[135.439046829,34.875803005],[135.439038237,34.875813922],[135.439010469,34.875831823],[135.438936572,34.875872259],[135.438736715,34.875968176],[135.438604395,34.876028908],[135.438506142,34.876080648],[135.438502378,34.876083482],[135.438474927,34.87610416],[135.438439028,34.876136321],[135.438399233,34.876226285],[135.438364221,34.87630234],[135.438363061,34.876304858],[135.438336734,34.876331075],[135.438328555,34.876368656],[135.438326015,34.876380325],[135.438315817,34.876411564],[135.438275743,34.876534328],[135.438260323,34.876602644],[135.438259184,34.876614199],[135.438252934,34.876677615],[135.438251807,34.876843256],[135.438279643,34.876978676],[135.438294581,34.877108465],[135.438296991,34.877129402],[135.438191019,34.877142294],[135.438124107,34.877154239],[135.437938495,34.877197117],[135.43781568,34.877229579],[135.437757199,34.877240986],[135.437708116,34.876975381],[135.437675458,34.87665701],[135.437663629,34.876605932],[135.437635339,34.876559553],[135.437580375,34.87647032],[135.437555597,34.876372304],[135.437563264,34.876319241],[135.437594441,34.876272328],[135.437630212,34.876238238],[135.437676742,34.876214474],[135.437676042,34.876198514],[135.437660683,34.876188796],[135.437616858,34.876171735],[135.437573686,34.876153595],[135.437528028,34.876140582],[135.437480908,34.876131979],[135.437393689,34.876102014],[135.43732232,34.876051018],[135.437270265,34.87594449],[135.437269152,34.875829635],[135.437319038,34.875722409],[135.437342187,34.87568817],[135.437364978,34.875653568],[135.43737911,34.875605314],[135.437363191,34.875557371],[135.437341615,34.875534012],[135.437313407,34.875515941],[135.437268287,34.8754914],[135.437227709,34.875461823],[135.437200409,34.875417884],[135.437192799,34.875368896],[135.437210711,34.875255483],[135.437268789,34.87515163],[135.437361741,34.875066781],[135.437452335,34.875024921],[135.437551735,34.875000411],[135.437588843,34.874982013],[135.437601075,34.874947813],[135.437599672,34.874915983],[135.43758516,34.874886528],[135.437565344,34.874869677],[135.43754152,34.874856765],[135.437465722,34.874833335],[135.437384907,34.874830255],[135.437283816,34.874824827],[135.437189669,34.874794009],[135.437136557,34.87474977],[135.437116575,34.874689728],[135.43712962,34.874589091],[135.437170772,34.874493725],[135.437237832,34.874408936],[135.437363747,34.874320091],[135.437518075,34.874270415],[135.437696108,34.874251319],[135.437875609,34.874254405]]]}},{"type":"Feature","properties":{"petiteau_class":"garden","source":"plateau_luse","source_file":"523523_luse_6697_op.gml","mesh_id":"523523","gml_id":"luse_03442f89-cec1-439e-af2a-ec0ad050169a","luse_class":"214","landuse_name":"社寺敷地・公開庭園","function":null,"usage":null,"orgLandUse":"07","areaClassificationType":null},"geometry":{"type":"Polygon","coordinates":[[[135.429885251,34.833555205],[135.429985553,34.833602549],[135.430064513,34.833672323],[135.430114861,34.833758109],[135.43016372,34.833852],[135.43023501,34.833935538],[135.430318945,34.833991101],[135.430421086,34.834019072],[135.430477763,34.834038358],[135.430516362,34.834077572],[135.43052774,34.834127297],[135.429883095,34.834097916],[135.429491925,34.834080087],[135.42949518,34.833607199],[135.429614769,34.833551506],[135.42975042,34.833533391],[135.429885251,34.833555205]]]}},{"type":"Feature","properties":{"petiteau_class":"garden","source":"plateau_luse","source_file":"523523_luse_6697_op.gml","mesh_id":"523523","gml_id":"luse_8e198f53-d221-4ac4-8917-a10ceb65f1cd","luse_class":"214","landuse_name":"社寺敷地・公開庭園","function":null,"usage":null,"orgLandUse":"07","areaClassificationType":null},"geometry":{"type":"Polygon","coordinates":[[[135.428767631,34.838348182],[135.428309628,34.838374884],[135.428255943,34.838367059],[135.428213034,34.838339273],[135.428188531,34.838296518],[135.42818841,34.838249281],[135.42819876,34.838226161],[135.428216032,34.838206138],[135.428343327,34.83810577],[135.428435881,34.83798234],[135.428601972,34.83790524],[135.428745437,34.837801702],[135.428906117,34.837672099],[135.429141116,34.838050549],[135.429077203,34.838217474],[135.428976762,34.838371698],[135.428874217,34.83834769],[135.428767631,34.838348182]]]}},{"type":"Feature","properties":{"petiteau_class":"garden","source":"plateau_luse","source_file":"523523_luse_6697_op.gml","mesh_id":"523523","gml_id":"luse_f8087b25-bd48-4f2a-bcfe-e0848798b498","luse_class":"214","landuse_name":"社寺敷地・公開庭園","function":null,"usage":null,"orgLandUse":"07","areaClassificationType":null},"geometry":{"type":"Polygon","coordinates":[[[135.431852327,34.843830352],[135.431923989,34.843873777],[135.431963262,34.843945718],[135.431969236,34.844056783],[135.431968453,34.844059194],[135.431948932,34.844119217],[135.431890798,34.844165097],[135.431723879,34.844265554],[135.431591401,34.844349795],[135.431395488,34.844498538],[135.431363549,34.844442108],[135.431092857,34.843963852],[135.431431571,34.843827127],[135.431538107,34.843822035],[135.431608912,34.843819842],[135.431678689,34.843809619],[135.431767618,34.84380814],[135.431852327,34.843830352]]]}},{"type":"Feature","properties":{"petiteau_class":"garden","source":"plateau_luse","source_file":"523523_luse_6697_op.gml","mesh_id":"523523","gml_id":"luse_0f819d40-a34f-4203-9c8f-5c79fd0e4e8c","luse_class":"214","landuse_name":"社寺敷地・公開庭園","function":null,"usage":null,"orgLandUse":"07","areaClassificationType":null},"geometry":{"type":"Polygon","coordinates":[[[135.433452443,34.856150335],[135.433332948,34.856162851],[135.433192538,34.856199969],[135.433061644,34.856255972],[135.432987343,34.856293037],[135.432911428,34.856327841],[135.432834464,34.856359395],[135.432755531,34.856387514],[135.432744177,34.856383554],[135.432675092,34.856359464],[135.43268891,34.856350616],[135.432595818,34.856174833],[135.43256575,34.856082501],[135.432542186,34.856001043],[135.432533725,34.855955811],[135.432538409,34.855912448],[135.432659516,34.855840704],[135.432780548,34.855779807],[135.432932466,34.855691937],[135.433093181,34.855600493],[135.433201154,34.855525072],[135.43346332,34.85550972],[135.433654975,34.855549284],[135.433916671,34.855648582],[135.434196329,34.855705413],[135.434252421,34.855732267],[135.434286023,34.855777857],[135.434290043,34.855863336],[135.434242444,34.855939469],[135.434151937,34.855998906],[135.434085011,34.85603853],[135.434016983,34.856081034],[135.433945286,34.856119634],[135.433879664,34.856154216],[135.43380878,34.856179308],[135.43373181,34.856184449],[135.433693461,34.856174265],[135.433655202,34.8561639],[135.43355771,34.856149293],[135.433452443,34.856150335]]]}},{"type":"Feature","properties":{"petiteau_class":"garden","source":"plateau_luse","source_file":"523523_luse_6697_op.gml","mesh_id":"523523","gml_id":"luse_7448f6ba-500e-41c4-a4b0-bef9218b0351","luse_class":"214","landuse_name":"社寺敷地・公開庭園","function":null,"usage":null,"orgLandUse":"07","areaClassificationType":null},"geometry":{"type":"Polygon","coordinates":[[[135.445193016,34.86155698],[135.444582284,34.861569155],[135.444582033,34.861567441],[135.444249596,34.860581248],[135.444986993,34.859338882],[135.445145541,34.859395407],[135.445348723,34.859494054],[135.445260072,34.859572439],[135.445204676,34.859669275],[135.445187548,34.859775391],[135.44514493,34.860145424],[135.445923711,34.860156368],[135.44605971,34.860629624],[135.44587434,34.86087398],[135.445967718,34.861355607],[135.445536345,34.861053547],[135.445112334,34.861012398],[135.445193016,34.86155698]]]}},{"type":"Feature","properties":{"petiteau_class":"school","source":"plateau_luse","source_file":"523523_luse_6697_op.gml","mesh_id":"523523","gml_id":"luse_449f981e-b70c-4c9b-8d04-7fc593b2570b","luse_class":"214","landuse_name":"学校","function":null,"usage":null,"orgLandUse":"21","areaClassificationType":null},"geometry":{"type":"Polygon","coordinates":[[[135.430938632,34.84432667],[135.430985238,34.844526115],[135.430983017,34.84454711],[135.430960317,34.84455674],[135.430788606,34.844544575],[135.430776352,34.844543706],[135.430685131,34.844537243],[135.430661536,34.84446071],[135.430650285,34.844424215],[135.430587069,34.844319889],[135.430498503,34.844228975],[135.430487751,34.844230552],[135.429420401,34.844387089],[135.429193021,34.844431098],[135.428960924,34.844453449],[135.428857259,34.844453684],[135.428727348,34.844453977],[135.428595692,34.844075848],[135.428591976,34.844065174],[135.428579138,34.844031208],[135.42877298,34.843989566],[135.428951763,34.843951112],[135.429028424,34.843936867],[135.429344155,34.843868843],[135.429450225,34.843831043],[135.429457511,34.843897035],[135.429502558,34.843893971],[135.429545298,34.843891063],[135.42963823,34.843887244],[135.430053161,34.843855033],[135.430091521,34.843837453],[135.430095825,34.843801504],[135.430060314,34.843732645],[135.430023905,34.843664054],[135.429994239,34.843599197],[135.4299651,34.843534154],[135.429941895,34.843474097],[135.430218886,34.843492971],[135.430381872,34.843501126],[135.430544464,34.843514056],[135.430597366,34.843531251],[135.430635727,34.843565867],[135.430651654,34.843610925],[135.430708397,34.843778585],[135.430720232,34.843879787],[135.430763037,34.843975273],[135.430834163,34.844058452],[135.430928667,34.8441238],[135.430938632,34.84432667]]]}},{"type":"Feature","properties":{"petiteau_class":"school","source":"plateau_luse","source_file":"523523_luse_6697_op.gml","mesh_id":"523523","gml_id":"luse_f44636c2-630f-4e05-9460-324e970e70c2","luse_class":"214","landuse_name":"学校","function":null,"usage":null,"orgLandUse":"21","areaClassificationType":null},"geometry":{"type":"Polygon","coordinates":[[[135.440746615,34.859919561],[135.440800178,34.859923412],[135.44145715,34.859970785],[135.441473879,34.859977234],[135.441474419,34.859977443],[135.441551675,34.860105266],[135.441664224,34.86021378],[135.441744685,34.860260997],[135.441805271,34.860296552],[135.441966562,34.860348676],[135.441972384,34.860795916],[135.44194962,34.861242754],[135.441898455,34.861687939],[135.441888479,34.861735131],[135.441846641,34.861934159],[135.441803507,34.862124747],[135.441714212,34.86203482],[135.441600532,34.861912238],[135.440505873,34.861845545],[135.440484926,34.861837787],[135.440475722,34.861824222],[135.440471202,34.861797247],[135.440514192,34.861311457],[135.440519599,34.861207542],[135.440545068,34.860886461],[135.440567866,34.860620811],[135.440585274,34.860472597],[135.440611222,34.860436117],[135.44062087,34.860384236],[135.440628156,34.860341899],[135.440630896,34.860276375],[135.4406313,34.860216698],[135.440627249,34.860185128],[135.440620164,34.860149307],[135.440630875,34.860053348],[135.440633949,34.859986923],[135.44063554,34.859945823],[135.440672279,34.859914711],[135.440746615,34.859919561]]]}},{"type":"Feature","properties":{"petiteau_class":"school","source":"plateau_luse","source_file":"523523_luse_6697_op.gml","mesh_id":"523523","gml_id":"luse_6cbefe36-487b-4a42-9712-692b62ed3456","luse_class":"214","landuse_name":"学校","function":null,"usage":null,"orgLandUse":"21","areaClassificationType":null},"geometry":{"type":"Polygon","coordinates":[[[135.438567987,34.864826663],[135.437790794,34.865041039],[135.437667526,34.864782653],[135.436742593,34.864797391],[135.436466968,34.86473932],[135.436278387,34.864694633],[135.436047085,34.86463271],[135.435730042,34.864550646],[135.435403873,34.864496485],[135.435122988,34.86447066],[135.435004942,34.864453342],[135.434898302,34.864429769],[135.434864471,34.864422424],[135.434827872,34.864414477],[135.434757252,34.864400085],[135.43473345,34.864386259],[135.434717358,34.864376912],[135.434704992,34.864338091],[135.434726074,34.86430186],[135.43491591,34.864096402],[135.435079858,34.863876302],[135.435218225,34.863400973],[135.435345778,34.86292361],[135.435983899,34.863061876],[135.436629134,34.863175751],[135.437280137,34.863264949],[135.439320012,34.863359025],[135.439348525,34.863370245],[135.439359548,34.863394725],[135.439325268,34.864328124],[135.439213852,34.864410546],[135.43908856,34.86447803],[135.438942872,34.864531987],[135.438796572,34.86458459],[135.438773689,34.864594671],[135.438763276,34.864614184],[135.43873307,34.864704103],[135.438664834,34.86477843],[135.438567987,34.864826663]]]}},{"type":"Feature","properties":{"petiteau_class":"pitch","source":"plateau_luse","source_file":"523523_luse_6697_op.gml","mesh_id":"523523","gml_id":"luse_b29b7b8a-0fb3-431f-b0da-1209be6654bf","luse_class":"217","landuse_name":"運動場・遊園地","function":null,"usage":null,"orgLandUse":"22","areaClassificationType":null},"geometry":{"type":"Polygon","coordinates":[[[135.437997262,34.856440591],[135.438228971,34.856533161],[135.438455847,34.85663346],[135.438403064,34.857101974],[135.437185876,34.857039105],[135.437207412,34.856856837],[135.437265077,34.856679973],[135.43747338,34.856593944],[135.437682116,34.856508639],[135.437758457,34.856476989],[135.437834169,34.856444435],[135.437915195,34.85642678],[135.437997262,34.856440591]]]}},{"type":"Feature","properties":{"petiteau_class":"cemetery","source":"plateau_luse","source_file":"523523_luse_6697_op.gml","mesh_id":"523523","gml_id":"luse_a22cbb88-018e-4014-b495-c534832ec400","luse_class":"217","landuse_name":"墓地","function":null,"usage":null,"orgLandUse":"24","areaClassificationType":null},"geometry":{"type":"Polygon","coordinates":[[[135.451107372,34.834624224],[135.451074426,34.834643006],[135.451047527,34.834664023],[135.450924147,34.834760422],[135.450792547,34.834751895],[135.450788055,34.834751604],[135.450677692,34.834778329],[135.450576326,34.834698451],[135.450336436,34.834758577],[135.450228528,34.834700666],[135.450111144,34.834441321],[135.44999239,34.834182429],[135.45014525,34.834124345],[135.450273707,34.834034688],[135.450368427,34.833919997],[135.450422413,34.833788626],[135.450402189,34.833628442],[135.451107372,34.834624224]]]}},{"type":"Feature","properties":{"petiteau_class":"cemetery","source":"plateau_luse","source_file":"523523_luse_6697_op.gml","mesh_id":"523523","gml_id":"luse_bc8425ee-7770-474f-bbbf-10025a09cd76","luse_class":"217","landuse_name":"墓地","function":null,"usage":null,"orgLandUse":"24","areaClassificationType":null},"geometry":{"type":"Polygon","coordinates":[[[135.448648701,34.837666605],[135.448701997,34.83783966],[135.449016355,34.837968914],[135.448897011,34.838174273],[135.448790083,34.838370582],[135.448624701,34.838478371],[135.448524864,34.838572597],[135.448285077,34.83849519],[135.447907155,34.838373856],[135.4480154,34.838137579],[135.44800731,34.83812832],[135.447882995,34.838029854],[135.447820698,34.837976835],[135.447806674,34.837964872],[135.447781453,34.837926804],[135.447754476,34.837873315],[135.447756779,34.837790388],[135.447854533,34.837691038],[135.448135358,34.837487225],[135.448328701,34.837613138],[135.448482052,34.837604007],[135.448648701,34.837666605]]]}},{"type":"Feature","properties":{"petiteau_class":"cemetery","source":"plateau_luse","source_file":"523523_luse_6697_op.gml","mesh_id":"523523","gml_id":"luse_870db892-6b28-4a93-a478-7d5895a0d07f","luse_class":"217","landuse_name":"墓地","function":null,"usage":null,"orgLandUse":"24","areaClassificationType":null},"geometry":{"type":"Polygon","coordinates":[[[135.440815284,34.836655585],[135.440903973,34.836874592],[135.440989953,34.837094587],[135.441118323,34.837299992],[135.441301722,34.837915093],[135.441091395,34.838108928],[135.440829148,34.838232488],[135.440596597,34.838391342],[135.440371472,34.838486441],[135.440399159,34.838923025],[135.440303924,34.838982045],[135.440298055,34.838985683],[135.440333419,34.839189007],[135.440340076,34.839227285],[135.440353636,34.839331561],[135.440355295,34.839410088],[135.440346166,34.839464198],[135.440330539,34.839507447],[135.440270047,34.83963081],[135.440246177,34.839721992],[135.440241799,34.839762546],[135.440244222,34.839808767],[135.440253468,34.839857272],[135.440274963,34.839914851],[135.440368349,34.840059298],[135.439984688,34.840230192],[135.439694749,34.839803722],[135.439681111,34.839580158],[135.439657246,34.839188959],[135.439554518,34.838878566],[135.439527101,34.838821156],[135.439482303,34.838751873],[135.439422581,34.838674264],[135.439360541,34.838596646],[135.439215431,34.8384429],[135.439133719,34.838350764],[135.439081195,34.838297887],[135.439033655,34.838261745],[135.438973481,34.838231639],[135.438900525,34.838195613],[135.438850901,34.838166742],[135.438781691,34.83812155],[135.438748274,34.838094664],[135.438728952,34.838067286],[135.438697621,34.838048062],[135.438661498,34.838042938],[135.43853489,34.838031175],[135.438425239,34.837977761],[135.438351703,34.837892051],[135.438326971,34.837789079],[135.438246435,34.837598556],[135.43801166,34.836662443],[135.437892224,34.836286597],[135.437673604,34.835792676],[135.437810322,34.835658342],[135.437882271,34.835598702],[135.437955392,34.835548215],[135.438012339,34.835517983],[135.438088973,34.835494959],[135.438163079,34.835481069],[135.438275775,34.83547015],[135.438410266,34.835464671],[135.43861259,34.835460523],[135.438710207,34.835464132],[135.438726846,34.835423052],[135.438855339,34.835161584],[135.438869158,34.835123065],[135.438874177,34.835076211],[135.438858235,34.835024663],[135.43876774,34.834907052],[135.438762992,34.834897926],[135.43874114,34.834644471],[135.438968178,34.833951235],[135.439649784,34.833947343],[135.440015484,34.834310169],[135.441012446,34.834320424],[135.440692526,34.835872415],[135.440309856,34.836006821],[135.440002992,34.836168908],[135.439975856,34.836183241],[135.440046832,34.836284667],[135.440060928,34.836317506],[135.440062208,34.836363397],[135.440062313,34.836429217],[135.440062511,34.836553492],[135.44008971,34.836547129],[135.440595349,34.836428845],[135.440642048,34.836430232],[135.440663865,34.836444125],[135.44067904,34.83645384],[135.440815284,34.836655585]]]}},{"type":"Feature","properties":{"petiteau_class":"cemetery","source":"plateau_luse","source_file":"523523_luse_6697_op.gml","mesh_id":"523523","gml_id":"luse_0ef8836a-7c9d-4417-ba5c-e04cdbe5554b","luse_class":"217","landuse_name":"墓地","function":null,"usage":null,"orgLandUse":"24","areaClassificationType":null},"geometry":{"type":"Polygon","coordinates":[[[135.43346332,34.85550972],[135.433201154,34.855525072],[135.433093181,34.855600493],[135.432932466,34.855691937],[135.432780548,34.855779807],[135.432659516,34.855840704],[135.432002801,34.854745209],[135.432748747,34.854638021],[135.433090134,34.854849445],[135.433180002,34.855040609],[135.433479714,34.85509071],[135.433478323,34.855346993],[135.43346332,34.85550972]]]}},{"type":"Feature","properties":{"petiteau_class":"cemetery","source":"plateau_luse","source_file":"523523_luse_6697_op.gml","mesh_id":"523523","gml_id":"luse_7efeb5fc-618a-44fd-9eec-aa5f4010f251","luse_class":"217","landuse_name":"墓地","function":null,"usage":null,"orgLandUse":"24","areaClassificationType":null},"geometry":{"type":"Polygon","coordinates":[[[135.432744177,34.856383554],[135.432755531,34.856387514],[135.432832246,34.856524984],[135.432920895,34.856657464],[135.432938557,34.85681872],[135.432921573,34.856980095],[135.432870623,34.857136533],[135.432852189,34.857155018],[135.432823842,34.857159934],[135.432772314,34.857162488],[135.432508648,34.857151286],[135.432424364,34.857147705],[135.432372342,34.857106175],[135.432343672,34.857051232],[135.432342812,34.856991551],[135.432352802,34.856955628],[135.432366209,34.856920534],[135.432385975,34.856865726],[135.432397909,34.85680944],[135.432405902,34.856736286],[135.432409292,34.856662832],[135.432400233,34.856588418],[135.432371323,34.856517428],[135.432352156,34.856470732],[135.432345733,34.856421753],[135.432508512,34.856383838],[135.432675092,34.856359464],[135.432744177,34.856383554]]]}},{"type":"Feature","properties":{"petiteau_class":"cemetery","source":"plateau_luse","source_file":"523523_luse_6697_op.gml","mesh_id":"523523","gml_id":"luse_a9afb47c-bccb-43bf-abc7-c1d80e90ac97","luse_class":"217","landuse_name":"墓地","function":null,"usage":null,"orgLandUse":"24","areaClassificationType":null},"geometry":{"type":"Polygon","coordinates":[[[135.459438559,34.860223552],[135.459426111,34.860304348],[135.459392261,34.860365399],[135.459237773,34.860575293],[135.459172396,34.86070128],[135.459160035,34.860755666],[135.459161664,34.860860913],[135.459161718,34.860864273],[135.45918176,34.860955172],[135.458501402,34.860932226],[135.458278706,34.860802232],[135.458200034,34.860674593],[135.458168317,34.860307729],[135.45818873,34.860163493],[135.458192867,34.860133042],[135.458315278,34.860145126],[135.458477448,34.860176991],[135.458486913,34.859945875],[135.458539726,34.859539367],[135.458483328,34.859266251],[135.45839118,34.858999908],[135.458264507,34.858743328],[135.458310731,34.858543236],[135.458314502,34.858339521],[135.458275681,34.85813832],[135.458195311,34.857945689],[135.458130479,34.857805313],[135.458017875,34.857687171],[135.457889584,34.857678307],[135.457865304,34.85766684],[135.457860224,34.85764428],[135.457869318,34.857563098],[135.457914533,34.857490642],[135.457989467,34.857437526],[135.458118746,34.857447475],[135.458240176,34.857485327],[135.458441589,34.857415286],[135.458560537,34.857394879],[135.458560493,34.857394938],[135.458585514,34.857390653],[135.458558218,34.857436808],[135.458543571,34.857488084],[135.458540658,34.857561105],[135.458556887,34.857640057],[135.458603957,34.857751896],[135.458660339,34.857890257],[135.458726654,34.857999011],[135.45891844,34.858257773],[135.459017938,34.858414002],[135.459065169,34.858495063],[135.459098198,34.85856592],[135.459112122,34.858625213],[135.45911419,34.858674521],[135.459109109,34.858719855],[135.459035834,34.858949688],[135.459040338,34.858999008],[135.459056775,34.859046409],[135.459323739,34.859516083],[135.459373263,34.859618917],[135.459415486,34.859740805],[135.459438184,34.859928315],[135.459441467,34.860144685],[135.459438559,34.860223552]]]}},{"type":"Feature","properties":{"petiteau_class":"cemetery","source":"plateau_luse","source_file":"523523_luse_6697_op.gml","mesh_id":"523523","gml_id":"luse_01aef0fc-90ec-46b7-9172-b48795e4d150","luse_class":"217","landuse_name":"墓地","function":null,"usage":null,"orgLandUse":"24","areaClassificationType":null},"geometry":{"type":"Polygon","coordinates":[[[135.446567997,34.862732096],[135.446695508,34.862873489],[135.446635954,34.862944255],[135.446607077,34.86302688],[135.446611828,34.863112895],[135.446427719,34.863114129],[135.446414903,34.863070109],[135.446395003,34.863001754],[135.446328298,34.862900123],[135.446232079,34.862816117],[135.445463059,34.862542255],[135.445206202,34.862551361],[135.4446928,34.8623333],[135.444582284,34.861569155],[135.445193016,34.86155698],[135.445112334,34.861012398],[135.445536345,34.861053547],[135.445967718,34.861355607],[135.445974613,34.861390886],[135.446114611,34.861901484],[135.446293914,34.862403707],[135.446567997,34.862732096]]]}},{"type":"Feature","properties":{"petiteau_class":"cemetery","source":"plateau_luse","source_file":"523523_luse_6697_op.gml","mesh_id":"523523","gml_id":"luse_a7c821e1-af54-4c03-ad46-85d144998fed","luse_class":"217","landuse_name":"墓地","function":null,"usage":null,"orgLandUse":"24","areaClassificationType":null},"geometry":{"type":"Polygon","coordinates":[[[135.448575362,34.864521805],[135.448678169,34.864686536],[135.448861784,34.864884296],[135.449238309,34.865238983],[135.449124083,34.865457687],[135.448823494,34.865891051],[135.448683073,34.865979586],[135.448519507,34.866157195],[135.447944028,34.865875913],[135.448076108,34.865660228],[135.447770465,34.86549907],[135.4476355,34.86544644],[135.447495798,34.865427226],[135.447320016,34.86540785],[135.447212141,34.865351625],[135.447095463,34.865261922],[135.447064537,34.865165174],[135.447092518,34.865027824],[135.447201666,34.864894557],[135.447319506,34.864809635],[135.447428206,34.864743248],[135.447758531,34.86458498],[135.447998304,34.864478313],[135.448201296,34.864475521],[135.44832313,34.864468642],[135.448500027,34.864320818],[135.448575362,34.864521805]]]}}]}